connectionTime,kWhDelivered
2018-09-05 11:00:00,7.3902
2018-09-05 11:30:00,7.3902
2018-09-05 12:00:00,7.3902
2018-09-05 12:30:00,10.7542
2018-09-05 13:00:00,17.513166666666667
2018-09-05 13:30:00,29.433533333333333
2018-09-05 14:00:00,48.12354444444444
2018-09-05 14:30:00,47.04787777777778
2018-09-05 15:00:00,38.801544444444446
2018-09-05 15:30:00,27.968744444444443
2018-09-05 16:00:00,17.060844444444445
2018-09-05 16:30:00,13.949844444444444
2018-09-05 17:00:00,14.926844444444445
2018-09-05 17:30:00,14.926844444444445
2018-09-05 18:00:00,14.926844444444445
2018-09-05 18:30:00,12.139733333333332
2018-09-05 19:00:00,7.518690476190476
2018-09-05 19:30:00,11.171190476190477
2018-09-05 20:00:00,14.466645021645022
2018-09-05 20:30:00,14.466645021645022
2018-09-05 21:00:00,14.466645021645022
2018-09-05 21:30:00,17.990645021645022
2018-09-05 22:00:00,17.990645021645022
2018-09-05 22:30:00,20.86378787878788
2018-09-05 23:00:00,16.36778787878788
2018-09-05 23:30:00,9.856787878787879
2018-09-06 00:00:00,14.457454545454546
2018-09-06 00:30:00,10.404454545454545
2018-09-06 01:00:00,6.050454545454546
2018-09-06 01:30:00,6.707000000000001
2018-09-06 02:00:00,6.707000000000001
2018-09-06 02:30:00,2.7550000000000003
2018-09-06 03:00:00,2.7550000000000003
2018-09-06 03:30:00,0.0
2018-09-06 04:00:00,0.0
2018-09-06 04:30:00,0.0
2018-09-06 05:00:00,0.0
2018-09-06 05:30:00,0.0
2018-09-06 06:00:00,0.0
2018-09-06 06:30:00,0.0
2018-09-06 07:00:00,0.0
2018-09-06 07:30:00,0.0
2018-09-06 08:00:00,0.0
2018-09-06 08:30:00,0.0
2018-09-06 09:00:00,0.0
2018-09-06 09:30:00,0.0
2018-09-06 10:00:00,0.0
2018-09-06 10:30:00,0.0
2018-09-06 11:00:00,0.0
2018-09-06 11:30:00,0.0
2018-09-06 12:00:00,0.0
2018-09-06 12:30:00,3.366
2018-09-06 13:00:00,14.4905
2018-09-06 13:30:00,29.3341
2018-09-06 14:00:00,51.276090476190475
2018-09-06 14:30:00,67.95709047619047
2018-09-06 15:00:00,72.39609047619048
2018-09-06 15:30:00,75.46924285714286
2018-09-06 16:00:00,54.81063073593074
2018-09-06 16:30:00,50.37683073593074
2018-09-06 17:00:00,50.77342164502164
2018-09-06 17:30:00,43.2115645021645
2018-09-06 18:00:00,31.614364502164502
2018-09-06 18:30:00,31.15814386724387
2018-09-06 19:00:00,23.79385815295815
2018-09-06 19:30:00,29.70363593073593
2018-09-06 20:00:00,28.131635930735932
2018-09-06 20:30:00,24.646802597402598
2018-09-06 21:00:00,18.595402597402597
2018-09-06 21:30:00,14.79194805194805
2018-09-06 22:00:00,15.171090909090909
2018-09-06 22:30:00,18.8644
2018-09-06 23:00:00,25.22851111111111
2018-09-06 23:30:00,24.851653968253967
2018-09-07 00:00:00,13.920876190476191
2018-09-07 00:30:00,13.920876190476191
2018-09-07 01:00:00,7.10047619047619
2018-09-07 01:30:00,7.10047619047619
2018-09-07 02:00:00,7.4631428571428575
2018-09-07 02:30:00,7.4631428571428575
2018-09-07 03:00:00,0.0
2018-09-07 03:30:00,0.0
2018-09-07 04:00:00,0.0
2018-09-07 04:30:00,0.0
2018-09-07 05:00:00,0.0
2018-09-07 05:30:00,0.0
2018-09-07 06:00:00,0.0
2018-09-07 06:30:00,0.0
2018-09-07 07:00:00,0.0
2018-09-07 07:30:00,0.0
2018-09-07 08:00:00,0.0
2018-09-07 08:30:00,0.0
2018-09-07 09:00:00,0.0
2018-09-07 09:30:00,0.0
2018-09-07 10:00:00,0.0
2018-09-07 10:30:00,0.0
2018-09-07 11:00:00,0.0
2018-09-07 11:30:00,0.0
2018-09-07 12:00:00,0.0
2018-09-07 12:30:00,0.0
2018-09-07 13:00:00,13.407821428571427
2018-09-07 13:30:00,23.54462142857143
2018-09-07 14:00:00,42.93384365079365
2018-09-07 14:30:00,62.907176984126984
2018-09-07 15:00:00,65.40967698412699
2018-09-07 15:30:00,72.63843046398047
2018-09-07 16:00:00,74.7747137973138
2018-09-07 16:30:00,63.9554757020757
2018-09-07 17:00:00,60.598975702075705
2018-09-07 17:30:00,47.32730903540904
2018-09-07 18:00:00,40.416309035409036
2018-09-07 18:30:00,41.258220146520145
2018-09-07 19:00:00,43.772886813186815
2018-09-07 19:30:00,36.95072014652015
2018-09-07 20:00:00,40.60863681318681
2018-09-07 20:30:00,31.144570146520145
2018-09-07 21:00:00,22.49285347985348
2018-09-07 21:30:00,25.162520146520148
2018-09-07 22:00:00,18.149904761904764
2018-09-07 22:30:00,18.198583333333332
2018-09-07 23:00:00,18.113916666666668
2018-09-07 23:30:00,13.596916666666667
2018-09-08 00:00:00,16.333916666666667
2018-09-08 00:30:00,13.220583333333334
2018-09-08 01:00:00,9.442583333333333
2018-09-08 01:30:00,9.442583333333333
2018-09-08 02:00:00,3.03425
2018-09-08 02:30:00,0.0
2018-09-08 03:00:00,0.0
2018-09-08 03:30:00,0.0
2018-09-08 04:00:00,0.0
2018-09-08 04:30:00,3.5195
2018-09-08 05:00:00,3.5195
2018-09-08 05:30:00,3.5195
2018-09-08 06:00:00,3.5195
2018-09-08 06:30:00,0.0
2018-09-08 07:00:00,0.0
2018-09-08 07:30:00,0.0
2018-09-08 08:00:00,0.0
2018-09-08 08:30:00,0.0
2018-09-08 09:00:00,0.0
2018-09-08 09:30:00,0.0
2018-09-08 10:00:00,0.0
2018-09-08 10:30:00,0.0
2018-09-08 11:00:00,0.0
2018-09-08 11:30:00,0.0
2018-09-08 12:00:00,0.0
2018-09-08 12:30:00,0.0
2018-09-08 13:00:00,6.864166666666667
2018-09-08 13:30:00,6.864166666666667
2018-09-08 14:00:00,6.864166666666667
2018-09-08 14:30:00,6.864166666666667
2018-09-08 15:00:00,3.780666666666667
2018-09-08 15:30:00,3.780666666666667
2018-09-08 16:00:00,0.0
2018-09-08 16:30:00,0.0
2018-09-08 17:00:00,0.0
2018-09-08 17:30:00,0.0
2018-09-08 18:00:00,0.0
2018-09-08 18:30:00,0.0
2018-09-08 19:00:00,3.4188571428571426
2018-09-08 19:30:00,3.4188571428571426
2018-09-08 20:00:00,6.987357142857142
2018-09-08 20:30:00,6.987357142857142
2018-09-08 21:00:00,6.987357142857142
2018-09-08 21:30:00,6.987357142857142
2018-09-08 22:00:00,3.4188571428571426
2018-09-08 22:30:00,0.0
2018-09-08 23:00:00,0.0
2018-09-08 23:30:00,0.0
2018-09-09 00:00:00,0.0
2018-09-09 00:30:00,0.0
2018-09-09 01:00:00,0.0
2018-09-09 01:30:00,0.0
2018-09-09 02:00:00,0.0
2018-09-09 02:30:00,0.0
2018-09-09 03:00:00,0.0
2018-09-09 03:30:00,0.0
2018-09-09 04:00:00,0.0
2018-09-09 04:30:00,0.0
2018-09-09 05:00:00,0.0
2018-09-09 05:30:00,0.0
2018-09-09 06:00:00,0.0
2018-09-09 06:30:00,0.0
2018-09-09 07:00:00,0.0
2018-09-09 07:30:00,0.0
2018-09-09 08:00:00,0.0
2018-09-09 08:30:00,0.0
2018-09-09 09:00:00,0.0
2018-09-09 09:30:00,0.0
2018-09-09 10:00:00,0.0
2018-09-09 10:30:00,0.0
2018-09-09 11:00:00,0.0
2018-09-09 11:30:00,0.0
2018-09-09 12:00:00,0.0
2018-09-09 12:30:00,0.0
2018-09-09 13:00:00,0.0
2018-09-09 13:30:00,0.0
2018-09-09 14:00:00,0.0
2018-09-09 14:30:00,0.0
2018-09-09 15:00:00,0.0
2018-09-09 15:30:00,0.0
2018-09-09 16:00:00,0.0
2018-09-09 16:30:00,0.0
2018-09-09 17:00:00,0.0
2018-09-09 17:30:00,3.5605
2018-09-09 18:00:00,3.5605
2018-09-09 18:30:00,3.5605
2018-09-09 19:00:00,3.5605
2018-09-09 19:30:00,3.5605
2018-09-09 20:00:00,3.5605
2018-09-09 20:30:00,3.5605
2018-09-09 21:00:00,6.8377
2018-09-09 21:30:00,3.2771999999999997
2018-09-09 22:00:00,3.2771999999999997
2018-09-09 22:30:00,3.2771999999999997
2018-09-09 23:00:00,3.2771999999999997
2018-09-09 23:30:00,0.0
2018-09-10 00:00:00,0.0
2018-09-10 00:30:00,0.0
2018-09-10 01:00:00,0.0
2018-09-10 01:30:00,0.0
2018-09-10 02:00:00,0.0
2018-09-10 02:30:00,0.0
2018-09-10 03:00:00,0.0
2018-09-10 03:30:00,0.0
2018-09-10 04:00:00,0.0
2018-09-10 04:30:00,0.0
2018-09-10 05:00:00,0.0
2018-09-10 05:30:00,0.0
2018-09-10 06:00:00,0.0
2018-09-10 06:30:00,0.0
2018-09-10 07:00:00,0.0
2018-09-10 07:30:00,0.0
2018-09-10 08:00:00,0.0
2018-09-10 08:30:00,0.0
2018-09-10 09:00:00,0.0
2018-09-10 09:30:00,0.0
2018-09-10 10:00:00,0.0
2018-09-10 10:30:00,0.0
2018-09-10 11:00:00,0.0
2018-09-10 11:30:00,3.766
2018-09-10 12:00:00,0.0
2018-09-10 12:30:00,0.0
2018-09-10 13:00:00,17.717605555555558
2018-09-10 13:30:00,32.17540555555556
2018-09-10 14:00:00,56.772733333333335
2018-09-10 14:30:00,79.30227777777777
2018-09-10 15:00:00,98.49094141414142
2018-09-10 15:30:00,112.04466363636364
2018-09-10 16:00:00,93.21976363636364
2018-09-10 16:30:00,81.32626363636363
2018-09-10 17:00:00,71.71701363636363
2018-09-10 17:30:00,67.76301363636364
2018-09-10 18:00:00,56.23796363636364
2018-09-10 18:30:00,46.327119191919195
2018-09-10 19:00:00,40.59117474747475
2018-09-10 19:30:00,37.36979696969697
2018-09-10 20:00:00,19.027774747474748
2018-09-10 20:30:00,18.816839682539683
2018-09-10 21:00:00,26.482294227994227
2018-09-10 21:30:00,18.357660894660896
2018-09-10 22:00:00,25.79860533910534
2018-09-10 22:30:00,28.43210533910534
2018-09-10 23:00:00,28.43210533910534
2018-09-10 23:30:00,31.96310533910534
2018-09-11 00:00:00,30.286383116883115
2018-09-11 00:30:00,20.634883116883117
2018-09-11 01:00:00,17.481883116883118
2018-09-11 01:30:00,10.220883116883117
2018-09-11 02:00:00,10.220883116883117
2018-09-11 02:30:00,6.425428571428571
2018-09-11 03:00:00,6.425428571428571
2018-09-11 03:30:00,3.438
2018-09-11 04:00:00,0.0
2018-09-11 04:30:00,0.0
2018-09-11 05:00:00,0.0
2018-09-11 05:30:00,0.0
2018-09-11 06:00:00,0.0
2018-09-11 06:30:00,0.0
2018-09-11 07:00:00,0.0
2018-09-11 07:30:00,0.0
2018-09-11 08:00:00,0.0
2018-09-11 08:30:00,0.0
2018-09-11 09:00:00,0.0
2018-09-11 09:30:00,0.0
2018-09-11 10:00:00,0.0
2018-09-11 10:30:00,0.0
2018-09-11 11:00:00,0.0
2018-09-11 11:30:00,0.0
2018-09-11 12:00:00,0.0
2018-09-11 12:30:00,3.4972000000000003
2018-09-11 13:00:00,6.764200000000001
2018-09-11 13:30:00,6.764200000000001
2018-09-11 14:00:00,6.764200000000001
2018-09-11 14:30:00,6.764200000000001
2018-09-11 15:00:00,0.0
2018-09-11 15:30:00,0.0
2018-09-11 16:00:00,0.0
2018-09-11 16:30:00,0.0
2018-09-11 17:00:00,0.0
2018-09-11 17:30:00,0.0
2018-09-11 18:00:00,0.0
2018-09-11 18:30:00,0.0
2018-09-11 19:00:00,0.0
2018-09-11 19:30:00,0.0
2018-09-11 20:00:00,0.0
2018-09-11 20:30:00,0.0
2018-09-11 21:00:00,0.0
2018-09-11 21:30:00,0.0
2018-09-11 22:00:00,0.0
2018-09-11 22:30:00,0.0
2018-09-11 23:00:00,0.0
2018-09-11 23:30:00,0.0
2018-09-12 00:00:00,0.0
2018-09-12 00:30:00,0.0
2018-09-12 01:00:00,0.0
2018-09-12 01:30:00,0.0
2018-09-12 02:00:00,0.0
2018-09-12 02:30:00,0.0
2018-09-12 03:00:00,0.0
2018-09-12 03:30:00,0.0
2018-09-12 04:00:00,0.0
2018-09-12 04:30:00,0.0
2018-09-12 05:00:00,0.0
2018-09-12 05:30:00,0.0
2018-09-12 06:00:00,0.0
2018-09-12 06:30:00,0.0
2018-09-12 07:00:00,0.0
2018-09-12 07:30:00,0.0
2018-09-12 08:00:00,0.0
2018-09-12 08:30:00,0.0
2018-09-12 09:00:00,0.0
2018-09-12 09:30:00,0.0
2018-09-12 10:00:00,0.0
2018-09-12 10:30:00,0.0
2018-09-12 11:00:00,0.0
2018-09-12 11:30:00,0.0
2018-09-12 12:00:00,0.0
2018-09-12 12:30:00,0.0
2018-09-12 13:00:00,0.0
2018-09-12 13:30:00,0.0
2018-09-12 14:00:00,0.0
2018-09-12 14:30:00,0.0
2018-09-12 15:00:00,0.0
2018-09-12 15:30:00,0.0
2018-09-12 16:00:00,0.0
2018-09-12 16:30:00,0.0
2018-09-12 17:00:00,0.0
2018-09-12 17:30:00,0.0
2018-09-12 18:00:00,0.0
2018-09-12 18:30:00,0.0
2018-09-12 19:00:00,0.0
2018-09-12 19:30:00,0.0
2018-09-12 20:00:00,0.0
2018-09-12 20:30:00,0.0
2018-09-12 21:00:00,0.0
2018-09-12 21:30:00,0.0
2018-09-12 22:00:00,0.0
2018-09-12 22:30:00,0.0
2018-09-12 23:00:00,0.0
2018-09-12 23:30:00,0.0
2018-09-13 00:00:00,0.0
2018-09-13 00:30:00,0.0
2018-09-13 01:00:00,0.0
2018-09-13 01:30:00,0.0
2018-09-13 02:00:00,0.0
2018-09-13 02:30:00,0.0
2018-09-13 03:00:00,0.0
2018-09-13 03:30:00,0.0
2018-09-13 04:00:00,0.0
2018-09-13 04:30:00,0.0
2018-09-13 05:00:00,0.0
2018-09-13 05:30:00,0.0
2018-09-13 06:00:00,0.0
2018-09-13 06:30:00,0.0
2018-09-13 07:00:00,0.0
2018-09-13 07:30:00,0.0
2018-09-13 08:00:00,0.0
2018-09-13 08:30:00,0.0
2018-09-13 09:00:00,0.0
2018-09-13 09:30:00,0.0
2018-09-13 10:00:00,0.0
2018-09-13 10:30:00,0.0
2018-09-13 11:00:00,0.0
2018-09-13 11:30:00,0.0
2018-09-13 12:00:00,0.0
2018-09-13 12:30:00,0.0
2018-09-13 13:00:00,0.0
2018-09-13 13:30:00,0.0
2018-09-13 14:00:00,0.0
2018-09-13 14:30:00,0.0
2018-09-13 15:00:00,0.0
2018-09-13 15:30:00,76.46343196248196
2018-09-13 16:00:00,76.46343196248196
2018-09-13 16:30:00,78.58909862914862
2018-09-13 17:00:00,74.6977652958153
2018-09-13 17:30:00,68.3747652958153
2018-09-13 18:00:00,65.36569862914862
2018-09-13 18:30:00,65.36569862914862
2018-09-13 19:00:00,58.43098434343434
2018-09-13 19:30:00,42.40335555555556
2018-09-13 20:00:00,38.27113333333333
2018-09-13 20:30:00,34.126
2018-09-13 21:00:00,24.30078787878788
2018-09-13 21:30:00,17.51212121212121
2018-09-13 22:00:00,17.39578787878788
2018-09-13 22:30:00,18.98078787878788
2018-09-13 23:00:00,14.008787878787878
2018-09-13 23:30:00,15.091454545454546
2018-09-14 00:00:00,14.333454545454545
2018-09-14 00:30:00,7.623454545454545
2018-09-14 01:00:00,0.0
2018-09-14 01:30:00,3.034
2018-09-14 02:00:00,3.034
2018-09-14 02:30:00,3.034
2018-09-14 03:00:00,3.034
2018-09-14 03:30:00,0.0
2018-09-14 04:00:00,0.0
2018-09-14 04:30:00,0.0
2018-09-14 05:00:00,0.0
2018-09-14 05:30:00,0.0
2018-09-14 06:00:00,0.0
2018-09-14 06:30:00,0.0
2018-09-14 07:00:00,0.0
2018-09-14 07:30:00,0.0
2018-09-14 08:00:00,0.0
2018-09-14 08:30:00,0.0
2018-09-14 09:00:00,0.0
2018-09-14 09:30:00,0.0
2018-09-14 10:00:00,0.0
2018-09-14 10:30:00,0.0
2018-09-14 11:00:00,0.0
2018-09-14 11:30:00,0.0
2018-09-14 12:00:00,0.0
2018-09-14 12:30:00,4.092
2018-09-14 13:00:00,14.402083333333334
2018-09-14 13:30:00,14.402083333333334
2018-09-14 14:00:00,17.232983333333333
2018-09-14 14:30:00,32.311145238095236
2018-09-14 15:00:00,32.311145238095236
2018-09-14 15:30:00,35.635145238095234
2018-09-14 16:00:00,36.659711904761906
2018-09-14 16:30:00,30.548311904761903
2018-09-14 17:00:00,25.64582857142857
2018-09-14 17:30:00,29.773745238095238
2018-09-14 18:00:00,26.236316666666667
2018-09-14 18:30:00,22.996761111111113
2018-09-14 19:00:00,22.57742777777778
2018-09-14 19:30:00,26.63292777777778
2018-09-14 20:00:00,26.63292777777778
2018-09-14 20:30:00,26.63292777777778
2018-09-14 21:00:00,22.454527777777777
2018-09-14 21:30:00,14.92977777777778
2018-09-14 22:00:00,14.92977777777778
2018-09-14 22:30:00,18.329027777777778
2018-09-14 23:00:00,11.817916666666667
2018-09-14 23:30:00,7.179027777777778
2018-09-15 00:00:00,7.179027777777778
2018-09-15 00:30:00,7.179027777777778
2018-09-15 01:00:00,7.179027777777778
2018-09-15 01:30:00,7.179027777777778
2018-09-15 02:00:00,7.179027777777778
2018-09-15 02:30:00,3.779777777777778
2018-09-15 03:00:00,3.779777777777778
2018-09-15 03:30:00,3.779777777777778
2018-09-15 04:00:00,0.0
2018-09-15 04:30:00,0.0
2018-09-15 05:00:00,0.0
2018-09-15 05:30:00,0.0
2018-09-15 06:00:00,0.0
2018-09-15 06:30:00,0.0
2018-09-15 07:00:00,0.0
2018-09-15 07:30:00,0.0
2018-09-15 08:00:00,0.0
2018-09-15 08:30:00,0.0
2018-09-15 09:00:00,0.0
2018-09-15 09:30:00,0.0
2018-09-15 10:00:00,0.0
2018-09-15 10:30:00,0.0
2018-09-15 11:00:00,0.0
2018-09-15 11:30:00,0.0
2018-09-15 12:00:00,0.0
2018-09-15 12:30:00,0.0
2018-09-15 13:00:00,0.0
2018-09-15 13:30:00,0.0
2018-09-15 14:00:00,3.1165
2018-09-15 14:30:00,3.1165
2018-09-15 15:00:00,3.1165
2018-09-15 15:30:00,3.1165
2018-09-15 16:00:00,0.0
2018-09-15 16:30:00,0.0
2018-09-15 17:00:00,0.0
2018-09-15 17:30:00,0.0
2018-09-15 18:00:00,0.0
2018-09-15 18:30:00,0.0
2018-09-15 19:00:00,0.0
2018-09-15 19:30:00,3.17725
2018-09-15 20:00:00,3.17725
2018-09-15 20:30:00,3.17725
2018-09-15 21:00:00,3.17725
2018-09-15 21:30:00,3.17725
2018-09-15 22:00:00,3.17725
2018-09-15 22:30:00,3.17725
2018-09-15 23:00:00,3.17725
2018-09-15 23:30:00,0.0
2018-09-16 00:00:00,0.0
2018-09-16 00:30:00,3.529777777777778
2018-09-16 01:00:00,3.529777777777778
2018-09-16 01:30:00,3.529777777777778
2018-09-16 02:00:00,3.529777777777778
2018-09-16 02:30:00,3.529777777777778
2018-09-16 03:00:00,3.529777777777778
2018-09-16 03:30:00,3.529777777777778
2018-09-16 04:00:00,3.529777777777778
2018-09-16 04:30:00,3.529777777777778
2018-09-16 05:00:00,3.529777777777778
2018-09-16 05:30:00,3.529777777777778
2018-09-16 06:00:00,3.529777777777778
2018-09-16 06:30:00,3.529777777777778
2018-09-16 07:00:00,3.529777777777778
2018-09-16 07:30:00,3.529777777777778
2018-09-16 08:00:00,3.529777777777778
2018-09-16 08:30:00,3.529777777777778
2018-09-16 09:00:00,3.529777777777778
2018-09-16 09:30:00,0.0
2018-09-16 10:00:00,0.0
2018-09-16 10:30:00,0.0
2018-09-16 11:00:00,0.0
2018-09-16 11:30:00,0.0
2018-09-16 12:00:00,0.0
2018-09-16 12:30:00,0.0
2018-09-16 13:00:00,0.0
2018-09-16 13:30:00,0.0
2018-09-16 14:00:00,0.0
2018-09-16 14:30:00,0.0
2018-09-16 15:00:00,0.0
2018-09-16 15:30:00,0.0
2018-09-16 16:00:00,0.0
2018-09-16 16:30:00,0.0
2018-09-16 17:00:00,0.0
2018-09-16 17:30:00,3.5795
2018-09-16 18:00:00,3.5795
2018-09-16 18:30:00,3.5795
2018-09-16 19:00:00,3.5795
2018-09-16 19:30:00,0.0
2018-09-16 20:00:00,0.0
2018-09-16 20:30:00,0.0
2018-09-16 21:00:00,0.0
2018-09-16 21:30:00,3.1188571428571428
2018-09-16 22:00:00,3.1188571428571428
2018-09-16 22:30:00,3.1188571428571428
2018-09-16 23:00:00,3.1188571428571428
2018-09-16 23:30:00,3.1188571428571428
2018-09-17 00:00:00,3.1188571428571428
2018-09-17 00:30:00,3.1188571428571428
2018-09-17 01:00:00,0.0
2018-09-17 01:30:00,0.0
2018-09-17 02:00:00,0.0
2018-09-17 02:30:00,0.0
2018-09-17 03:00:00,0.0
2018-09-17 03:30:00,0.0
2018-09-17 04:00:00,3.215
2018-09-17 04:30:00,3.215
2018-09-17 05:00:00,3.215
2018-09-17 05:30:00,3.215
2018-09-17 06:00:00,0.0
2018-09-17 06:30:00,0.0
2018-09-17 07:00:00,0.0
2018-09-17 07:30:00,0.0
2018-09-17 08:00:00,0.0
2018-09-17 08:30:00,0.0
2018-09-17 09:00:00,0.0
2018-09-17 09:30:00,0.0
2018-09-17 10:00:00,0.0
2018-09-17 10:30:00,0.0
2018-09-17 11:00:00,0.0
2018-09-17 11:30:00,0.0
2018-09-17 12:00:00,0.0
2018-09-17 12:30:00,3.04175
2018-09-17 13:00:00,28.708599206349206
2018-09-17 13:30:00,38.95249920634921
2018-09-17 14:00:00,81.94587222222222
2018-09-17 14:30:00,94.13305
2018-09-17 15:00:00,103.98169799253034
2018-09-17 15:30:00,119.06609225023342
2018-09-17 16:00:00,108.33413209985748
2018-09-17 16:30:00,101.9341440046194
2018-09-17 17:00:00,93.60124400461939
2018-09-17 17:30:00,90.17657733795272
2018-09-17 18:00:00,83.22257733795273
2018-09-17 18:30:00,64.45985150822689
2018-09-17 19:00:00,66.309089603465
2018-09-17 19:30:00,54.1342507145761
2018-09-17 20:00:00,58.1032507145761
2018-09-17 20:30:00,57.7192507145761
2018-09-17 21:00:00,54.357250714576104
2018-09-17 21:30:00,47.99108404790943
2018-09-17 22:00:00,51.80588202770741
2018-09-17 22:30:00,55.15854869437408
2018-09-17 23:00:00,54.10317726580266
2018-09-17 23:30:00,40.15049752724056
2018-09-18 00:00:00,24.212948507632717
2018-09-18 00:30:00,16.581386602870815
2018-09-18 01:00:00,13.000386602870813
2018-09-18 01:30:00,5.893818181818182
2018-09-18 02:00:00,5.893818181818182
2018-09-18 02:30:00,5.893818181818182
2018-09-18 03:00:00,5.893818181818182
2018-09-18 03:30:00,3.3089090909090912
2018-09-18 04:00:00,3.3089090909090912
2018-09-18 04:30:00,3.3089090909090912
2018-09-18 05:00:00,3.3089090909090912
2018-09-18 05:30:00,0.0
2018-09-18 06:00:00,0.0
2018-09-18 06:30:00,0.0
2018-09-18 07:00:00,0.0
2018-09-18 07:30:00,0.0
2018-09-18 08:00:00,0.0
2018-09-18 08:30:00,0.0
2018-09-18 09:00:00,0.0
2018-09-18 09:30:00,0.0
2018-09-18 10:00:00,0.0
2018-09-18 10:30:00,0.0
2018-09-18 11:00:00,0.0
2018-09-18 11:30:00,0.0
2018-09-18 12:00:00,0.0
2018-09-18 12:30:00,0.0
2018-09-18 13:00:00,16.918758333333333
2018-09-18 13:30:00,38.551858333333335
2018-09-18 14:00:00,57.42400833333333
2018-09-18 14:30:00,84.15717572150072
2018-09-18 15:00:00,90.73519953102453
2018-09-18 15:30:00,113.1441796897547
2018-09-18 16:00:00,117.28188272005772
2018-09-18 16:30:00,108.25804938672438
2018-09-18 17:00:00,102.46804938672439
2018-09-18 17:30:00,87.58521605339105
2018-09-18 18:00:00,69.60009462481962
2018-09-18 18:30:00,60.52523748196248
2018-09-18 19:00:00,34.74594065656566
2018-09-18 19:30:00,28.47652398989899
2018-09-18 20:00:00,18.096261363636362
2018-09-18 20:30:00,13.93842803030303
2018-09-18 21:00:00,10.168336363636364
2018-09-18 21:30:00,6.6287
2018-09-18 22:00:00,10.0687
2018-09-18 22:30:00,16.540414285714284
2018-09-18 23:00:00,23.766014285714284
2018-09-18 23:30:00,20.760814285714286
2018-09-19 00:00:00,27.131480952380954
2018-09-19 00:30:00,23.895480952380954
2018-09-19 01:00:00,23.895480952380954
2018-09-19 01:30:00,10.365047619047619
2018-09-19 02:00:00,7.131333333333333
2018-09-19 02:30:00,7.131333333333333
2018-09-19 03:00:00,3.44
2018-09-19 03:30:00,3.44
2018-09-19 04:00:00,0.0
2018-09-19 04:30:00,0.0
2018-09-19 05:00:00,0.0
2018-09-19 05:30:00,0.0
2018-09-19 06:00:00,0.0
2018-09-19 06:30:00,0.0
2018-09-19 07:00:00,0.0
2018-09-19 07:30:00,0.0
2018-09-19 08:00:00,0.0
2018-09-19 08:30:00,0.0
2018-09-19 09:00:00,0.0
2018-09-19 09:30:00,0.0
2018-09-19 10:00:00,0.0
2018-09-19 10:30:00,0.0
2018-09-19 11:00:00,3.478
2018-09-19 11:30:00,3.478
2018-09-19 12:00:00,3.478
2018-09-19 12:30:00,10.9345
2018-09-19 13:00:00,29.29928095238095
2018-09-19 13:30:00,52.413872727272725
2018-09-19 14:00:00,71.50615606060606
2018-09-19 14:30:00,104.16381666666666
2018-09-19 15:00:00,120.02388571428571
2018-09-19 15:30:00,147.20673203463204
2018-09-19 16:00:00,129.73583203463204
2018-09-19 16:30:00,119.15796536796536
2018-09-19 17:00:00,94.48122727272727
2018-09-19 17:30:00,76.98372727272726
2018-09-19 18:00:00,63.43987727272727
2018-09-19 18:30:00,57.31379155844156
2018-09-19 19:00:00,42.08362597402597
2018-09-19 19:30:00,41.51922597402597
2018-09-19 20:00:00,30.576784415584413
2018-09-19 20:30:00,23.24827012987013
2018-09-19 21:00:00,23.564542857142857
2018-09-19 21:30:00,22.81554285714286
2018-09-19 22:00:00,19.537009523809523
2018-09-19 22:30:00,26.74567619047619
2018-09-19 23:00:00,34.66617619047619
2018-09-19 23:30:00,23.74267619047619
2018-09-20 00:00:00,13.735009523809524
2018-09-20 00:30:00,13.735009523809524
2018-09-20 01:00:00,6.470309523809524
2018-09-20 01:30:00,6.470309523809524
2018-09-20 02:00:00,3.7451666666666665
2018-09-20 02:30:00,0.0
2018-09-20 03:00:00,0.0
2018-09-20 03:30:00,0.0
2018-09-20 04:00:00,0.0
2018-09-20 04:30:00,3.3553333333333337
2018-09-20 05:00:00,3.3553333333333337
2018-09-20 05:30:00,3.3553333333333337
2018-09-20 06:00:00,3.3553333333333337
2018-09-20 06:30:00,3.3553333333333337
2018-09-20 07:00:00,3.3553333333333337
2018-09-20 07:30:00,0.0
2018-09-20 08:00:00,0.0
2018-09-20 08:30:00,0.0
2018-09-20 09:00:00,0.0
2018-09-20 09:30:00,0.0
2018-09-20 10:00:00,0.0
2018-09-20 10:30:00,0.0
2018-09-20 11:00:00,0.0
2018-09-20 11:30:00,0.0
2018-09-20 12:00:00,3.8859999999999997
2018-09-20 12:30:00,3.8859999999999997
2018-09-20 13:00:00,24.060723809523807
2018-09-20 13:30:00,39.58218896103896
2018-09-20 14:00:00,52.579141341991345
2018-09-20 14:30:00,68.5747722943723
2018-09-20 15:00:00,88.12591774891774
2018-09-20 15:30:00,129.71274188164776
2018-09-20 16:00:00,122.74604188164777
2018-09-20 16:30:00,111.30635140545729
2018-09-20 17:00:00,91.8158514054573
2018-09-20 17:30:00,67.69048235783825
2018-09-20 18:00:00,54.95376807212396
2018-09-20 18:30:00,36.402684738790626
2018-09-20 19:00:00,44.51366958727547
2018-09-20 19:30:00,34.47533625394214
2018-09-20 20:00:00,26.418336253942137
2018-09-20 20:30:00,20.461124132730014
2018-09-20 21:00:00,14.494124132730015
2018-09-20 21:30:00,14.494124132730015
2018-09-20 22:00:00,7.016854901960785
2018-09-20 22:30:00,10.165838235294117
2018-09-20 23:00:00,16.59783823529412
2018-09-20 23:30:00,13.227838235294119
2018-09-21 00:00:00,9.76925
2018-09-21 00:30:00,9.76925
2018-09-21 01:00:00,9.76925
2018-09-21 01:30:00,9.76925
2018-09-21 02:00:00,3.33725
2018-09-21 02:30:00,0.0
2018-09-21 03:00:00,0.0
2018-09-21 03:30:00,3.996
2018-09-21 04:00:00,7.574666666666666
2018-09-21 04:30:00,3.5786666666666664
2018-09-21 05:00:00,3.5786666666666664
2018-09-21 05:30:00,3.5786666666666664
2018-09-21 06:00:00,3.5786666666666664
2018-09-21 06:30:00,3.5786666666666664
2018-09-21 07:00:00,3.5786666666666664
2018-09-21 07:30:00,3.5786666666666664
2018-09-21 08:00:00,3.5786666666666664
2018-09-21 08:30:00,0.0
2018-09-21 09:00:00,0.0
2018-09-21 09:30:00,0.0
2018-09-21 10:00:00,0.0
2018-09-21 10:30:00,0.0
2018-09-21 11:00:00,0.0
2018-09-21 11:30:00,0.0
2018-09-21 12:00:00,0.0
2018-09-21 12:30:00,0.0
2018-09-21 13:00:00,25.346333333333334
2018-09-21 13:30:00,44.43692619047619
2018-09-21 14:00:00,55.891592857142854
2018-09-21 14:30:00,83.314408008658
2018-09-21 15:00:00,92.36686634199134
2018-09-21 15:30:00,101.78525864968366
2018-09-21 16:00:00,115.59979198301698
2018-09-21 16:30:00,122.79295864968365
2018-09-21 17:00:00,104.47031579254079
2018-09-21 17:30:00,73.08313722111222
2018-09-21 18:00:00,58.531403887778886
2018-09-21 18:30:00,56.33614674492175
2018-09-21 19:00:00,53.14226579254079
2018-09-21 19:30:00,53.92393245920746
2018-09-21 20:00:00,64.2608467948718
2018-09-21 20:30:00,66.47791346153846
2018-09-21 21:00:00,64.52784203296703
2018-09-21 21:30:00,67.83184203296703
2018-09-21 22:00:00,46.29487353479853
2018-09-21 22:30:00,44.5455402014652
2018-09-21 23:00:00,28.22759139194139
2018-09-21 23:30:00,28.22759139194139
2018-09-22 00:00:00,24.506341391941394
2018-09-22 00:30:00,20.734674725274726
2018-09-22 01:00:00,20.734674725274726
2018-09-22 01:30:00,17.694474725274727
2018-09-22 02:00:00,14.184189010989012
2018-09-22 02:30:00,7.3132
2018-09-22 03:00:00,7.3132
2018-09-22 03:30:00,3.6658666666666666
2018-09-22 04:00:00,0.0
2018-09-22 04:30:00,0.0
2018-09-22 05:00:00,0.0
2018-09-22 05:30:00,0.0
2018-09-22 06:00:00,0.0
2018-09-22 06:30:00,0.0
2018-09-22 07:00:00,0.0
2018-09-22 07:30:00,0.0
2018-09-22 08:00:00,0.0
2018-09-22 08:30:00,0.0
2018-09-22 09:00:00,0.0
2018-09-22 09:30:00,0.0
2018-09-22 10:00:00,0.0
2018-09-22 10:30:00,0.0
2018-09-22 11:00:00,0.0
2018-09-22 11:30:00,0.0
2018-09-22 12:00:00,0.0
2018-09-22 12:30:00,3.3385714285714285
2018-09-22 13:00:00,3.3385714285714285
2018-09-22 13:30:00,3.3385714285714285
2018-09-22 14:00:00,3.3385714285714285
2018-09-22 14:30:00,3.3385714285714285
2018-09-22 15:00:00,3.3385714285714285
2018-09-22 15:30:00,3.3385714285714285
2018-09-22 16:00:00,0.0
2018-09-22 16:30:00,0.0
2018-09-22 17:00:00,0.0
2018-09-22 17:30:00,3.082
2018-09-22 18:00:00,3.082
2018-09-22 18:30:00,3.082
2018-09-22 19:00:00,6.407333333333334
2018-09-22 19:30:00,3.3253333333333335
2018-09-22 20:00:00,3.3253333333333335
2018-09-22 20:30:00,3.3253333333333335
2018-09-22 21:00:00,3.3253333333333335
2018-09-22 21:30:00,6.70521568627451
2018-09-22 22:00:00,6.70521568627451
2018-09-22 22:30:00,10.01121568627451
2018-09-22 23:00:00,10.01121568627451
2018-09-22 23:30:00,6.685882352941176
2018-09-23 00:00:00,6.395882352941177
2018-09-23 00:30:00,6.395882352941177
2018-09-23 01:00:00,6.395882352941177
2018-09-23 01:30:00,3.3798823529411766
2018-09-23 02:00:00,3.3798823529411766
2018-09-23 02:30:00,3.3798823529411766
2018-09-23 03:00:00,3.3798823529411766
2018-09-23 03:30:00,3.3798823529411766
2018-09-23 04:00:00,3.3798823529411766
2018-09-23 04:30:00,3.3798823529411766
2018-09-23 05:00:00,3.3798823529411766
2018-09-23 05:30:00,3.3798823529411766
2018-09-23 06:00:00,0.0
2018-09-23 06:30:00,0.0
2018-09-23 07:00:00,0.0
2018-09-23 07:30:00,0.0
2018-09-23 08:00:00,0.0
2018-09-23 08:30:00,0.0
2018-09-23 09:00:00,0.0
2018-09-23 09:30:00,0.0
2018-09-23 10:00:00,0.0
2018-09-23 10:30:00,0.0
2018-09-23 11:00:00,0.0
2018-09-23 11:30:00,0.0
2018-09-23 12:00:00,0.0
2018-09-23 12:30:00,0.0
2018-09-23 13:00:00,0.0
2018-09-23 13:30:00,0.0
2018-09-23 14:00:00,0.0
2018-09-23 14:30:00,0.0
2018-09-23 15:00:00,3.3244
2018-09-23 15:30:00,3.3244
2018-09-23 16:00:00,3.3244
2018-09-23 16:30:00,3.3244
2018-09-23 17:00:00,3.3244
2018-09-23 17:30:00,0.0
2018-09-23 18:00:00,0.0
2018-09-23 18:30:00,0.0
2018-09-23 19:00:00,0.0
2018-09-23 19:30:00,0.0
2018-09-23 20:00:00,0.0
2018-09-23 20:30:00,0.0
2018-09-23 21:00:00,0.0
2018-09-23 21:30:00,0.0
2018-09-23 22:00:00,0.0
2018-09-23 22:30:00,0.0
2018-09-23 23:00:00,0.0
2018-09-23 23:30:00,0.0
2018-09-24 00:00:00,0.0
2018-09-24 00:30:00,0.0
2018-09-24 01:00:00,0.0
2018-09-24 01:30:00,0.0
2018-09-24 02:00:00,0.0
2018-09-24 02:30:00,0.0
2018-09-24 03:00:00,0.0
2018-09-24 03:30:00,0.0
2018-09-24 04:00:00,0.0
2018-09-24 04:30:00,0.0
2018-09-24 05:00:00,0.0
2018-09-24 05:30:00,0.0
2018-09-24 06:00:00,0.0
2018-09-24 06:30:00,0.0
2018-09-24 07:00:00,0.0
2018-09-24 07:30:00,0.0
2018-09-24 08:00:00,0.0
2018-09-24 08:30:00,0.0
2018-09-24 09:00:00,0.0
2018-09-24 09:30:00,0.0
2018-09-24 10:00:00,0.0
2018-09-24 10:30:00,0.0
2018-09-24 11:00:00,0.0
2018-09-24 11:30:00,0.0
2018-09-24 12:00:00,0.0
2018-09-24 12:30:00,0.0
2018-09-24 13:00:00,21.17910200138026
2018-09-24 13:30:00,34.554702001380264
2018-09-24 14:00:00,52.18308836501662
2018-09-24 14:30:00,93.52565555958677
2018-09-24 15:00:00,116.798950797682
2018-09-24 15:30:00,133.89907301990422
2018-09-24 16:00:00,109.2751396865709
2018-09-24 16:30:00,94.60304444847566
2018-09-24 17:00:00,81.97344444847565
2018-09-24 17:30:00,66.85030000403121
2018-09-24 18:00:00,49.540150004031204
2018-09-24 18:30:00,38.3886380992693
2018-09-24 19:00:00,35.49180476593597
2018-09-24 19:30:00,31.945168402299604
2018-09-24 20:00:00,31.041413712544916
2018-09-24 20:30:00,25.657213712544916
2018-09-24 21:00:00,32.43238037921158
2018-09-24 21:30:00,28.465713712544915
2018-09-24 22:00:00,31.656913712544913
2018-09-24 22:30:00,31.808247045878247
2018-09-24 23:00:00,32.38695292823119
2018-09-24 23:30:00,28.922667213945473
2018-09-25 00:00:00,28.922667213945473
2018-09-25 00:30:00,18.75677156177156
2018-09-25 01:00:00,13.627604895104895
2018-09-25 01:30:00,6.913423076923077
2018-09-25 02:00:00,6.913423076923077
2018-09-25 02:30:00,6.913423076923077
2018-09-25 03:00:00,3.740923076923077
2018-09-25 03:30:00,0.0
2018-09-25 04:00:00,0.0
2018-09-25 04:30:00,0.0
2018-09-25 05:00:00,0.0
2018-09-25 05:30:00,0.0
2018-09-25 06:00:00,0.0
2018-09-25 06:30:00,0.0
2018-09-25 07:00:00,0.0
2018-09-25 07:30:00,0.0
2018-09-25 08:00:00,0.0
2018-09-25 08:30:00,0.0
2018-09-25 09:00:00,0.0
2018-09-25 09:30:00,0.0
2018-09-25 10:00:00,0.0
2018-09-25 10:30:00,0.0
2018-09-25 11:00:00,0.0
2018-09-25 11:30:00,0.0
2018-09-25 12:00:00,0.0
2018-09-25 12:30:00,3.114
2018-09-25 13:00:00,23.612133333333333
2018-09-25 13:30:00,39.90795555555555
2018-09-25 14:00:00,63.86463694083694
2018-09-25 14:30:00,90.2902163059163
2018-09-25 15:00:00,110.7546292929293
2018-09-25 15:30:00,107.7978292929293
2018-09-25 16:00:00,83.51756262626263
2018-09-25 16:30:00,70.43866262626263
2018-09-25 17:00:00,59.631662626262624
2018-09-25 17:30:00,39.75492929292929
2018-09-25 18:00:00,83.02571000111
2018-09-25 18:30:00,83.62982428682429
2018-09-25 19:00:00,76.52926873126873
2018-09-25 19:30:00,77.76434448884449
2018-09-25 20:00:00,63.60534448884449
2018-09-25 20:30:00,53.457017216117215
2018-09-25 21:00:00,41.34028388278388
2018-09-25 21:30:00,36.603361804861805
2018-09-25 22:00:00,19.076861804861803
2018-09-25 22:30:00,22.786861804861804
2018-09-25 23:00:00,25.835822843822843
2018-09-25 23:30:00,25.976322843822842
2018-09-26 00:00:00,19.425822843822843
2018-09-26 00:30:00,13.195324675324674
2018-09-26 01:00:00,13.195324675324674
2018-09-26 01:30:00,13.195324675324674
2018-09-26 02:00:00,9.749324675324674
2018-09-26 02:30:00,6.498181818181818
2018-09-26 03:00:00,3.2958181818181815
2018-09-26 03:30:00,3.2958181818181815
2018-09-26 04:00:00,3.2958181818181815
2018-09-26 04:30:00,0.0
2018-09-26 05:00:00,0.0
2018-09-26 05:30:00,0.0
2018-09-26 06:00:00,0.0
2018-09-26 06:30:00,0.0
2018-09-26 07:00:00,0.0
2018-09-26 07:30:00,0.0
2018-09-26 08:00:00,0.0
2018-09-26 08:30:00,0.0
2018-09-26 09:00:00,0.0
2018-09-26 09:30:00,0.0
2018-09-26 10:00:00,0.0
2018-09-26 10:30:00,0.0
2018-09-26 11:00:00,0.0
2018-09-26 11:30:00,0.0
2018-09-26 12:00:00,0.0
2018-09-26 12:30:00,0.0
2018-09-26 13:00:00,13.722415584415584
2018-09-26 13:30:00,36.58032987012987
2018-09-26 14:00:00,60.35542166907167
2018-09-26 14:30:00,93.92914612794613
2018-09-26 15:00:00,121.25097787397787
2018-09-26 15:30:00,160.13856471409855
2018-09-26 16:00:00,145.16336471409855
2018-09-26 16:30:00,117.27755519028901
2018-09-26 17:00:00,96.09644090457473
2018-09-26 17:30:00,77.67220280933664
2018-09-26 18:00:00,70.79985280933663
2018-09-26 18:30:00,49.12574278047661
2018-09-26 19:00:00,48.95750944714327
2018-09-26 19:30:00,45.39374595507978
2018-09-26 20:00:00,42.19830959144342
2018-09-26 20:30:00,35.513509591443416
2018-09-26 21:00:00,38.864709591443415
2018-09-26 21:30:00,34.363304829538656
2018-09-26 22:00:00,41.70850629474012
2018-09-26 22:30:00,48.48890629474012
2018-09-26 23:00:00,46.7228586756925
2018-09-26 23:30:00,36.1895336756925
2018-09-27 00:00:00,35.65034021164021
2018-09-27 00:30:00,36.80217354497354
2018-09-27 01:00:00,19.773273544973545
2018-09-27 01:30:00,10.448225925925925
2018-09-27 02:00:00,10.448225925925925
2018-09-27 02:30:00,6.763725925925925
2018-09-27 03:00:00,6.763725925925925
2018-09-27 03:30:00,3.4858
2018-09-27 04:00:00,3.4858
2018-09-27 04:30:00,3.4858
2018-09-27 05:00:00,0.0
2018-09-27 05:30:00,0.0
2018-09-27 06:00:00,0.0
2018-09-27 06:30:00,0.0
2018-09-27 07:00:00,0.0
2018-09-27 07:30:00,0.0
2018-09-27 08:00:00,0.0
2018-09-27 08:30:00,0.0
2018-09-27 09:00:00,0.0
2018-09-27 09:30:00,0.0
2018-09-27 10:00:00,0.0
2018-09-27 10:30:00,0.0
2018-09-27 11:00:00,0.0
2018-09-27 11:30:00,0.0
2018-09-27 12:00:00,0.0
2018-09-27 12:30:00,4.133
2018-09-27 13:00:00,25.28165476190476
2018-09-27 13:30:00,48.61925476190476
2018-09-27 14:00:00,61.26893095238095
2018-09-27 14:30:00,81.8563119047619
2018-09-27 15:00:00,113.20905634920635
2018-09-27 15:30:00,155.13832984817114
2018-09-27 16:00:00,145.32347984817116
2018-09-27 16:30:00,115.41970841959973
2018-09-27 17:00:00,90.62445841959972
2018-09-27 17:30:00,53.686282229123535
2018-09-27 18:00:00,34.389967943409246
2018-09-27 18:30:00,37.72676794340925
2018-09-27 19:00:00,28.60267270531401
2018-09-27 19:30:00,29.063828260869563
2018-09-27 20:00:00,36.638828260869566
2018-09-27 20:30:00,36.14836796675192
2018-09-27 21:00:00,39.09020130008525
2018-09-27 21:30:00,42.928867966751916
2018-09-27 22:00:00,38.603267966751915
2018-09-27 22:30:00,30.364467966751917
2018-09-27 23:00:00,27.119967966751915
2018-09-27 23:30:00,23.645167966751917
2018-09-28 00:00:00,22.388834633418583
2018-09-28 00:30:00,20.114834633418585
2018-09-28 01:00:00,16.778034633418585
2018-09-28 01:30:00,20.031367966751915
2018-09-28 02:00:00,16.356701300085252
2018-09-28 02:30:00,16.356701300085252
2018-09-28 03:00:00,13.139223039215686
2018-09-28 03:30:00,13.139223039215686
2018-09-28 04:00:00,9.896473039215685
2018-09-28 04:30:00,3.749764705882353
2018-09-28 05:00:00,0.0
2018-09-28 05:30:00,0.0
2018-09-28 06:00:00,0.0
2018-09-28 06:30:00,0.0
2018-09-28 07:00:00,0.0
2018-09-28 07:30:00,0.0
2018-09-28 08:00:00,0.0
2018-09-28 08:30:00,0.0
2018-09-28 09:00:00,0.0
2018-09-28 09:30:00,0.0
2018-09-28 10:00:00,0.0
2018-09-28 10:30:00,0.0
2018-09-28 11:00:00,0.0
2018-09-28 11:30:00,0.0
2018-09-28 12:00:00,0.0
2018-09-28 12:30:00,0.0
2018-09-28 13:00:00,9.620928571428571
2018-09-28 13:30:00,16.949661904761903
2018-09-28 14:00:00,23.319561904761905
2018-09-28 14:30:00,26.927561904761905
2018-09-28 15:00:00,31.29189523809524
2018-09-28 15:30:00,42.17114523809524
2018-09-28 16:00:00,42.25710238095238
2018-09-28 16:30:00,35.91760714285714
2018-09-28 17:00:00,44.03774047619048
2018-09-28 17:30:00,51.325383333333335
2018-09-28 18:00:00,55.721383333333335
2018-09-28 18:30:00,44.462050000000005
2018-09-28 19:00:00,43.68455
2018-09-28 19:30:00,33.511609523809526
2018-09-28 20:00:00,35.00160952380952
2018-09-28 20:30:00,40.30960952380953
2018-09-28 21:00:00,21.1138
2018-09-28 21:30:00,30.644733333333335
2018-09-28 22:00:00,27.753933333333332
2018-09-28 22:30:00,31.015433333333334
2018-09-28 23:00:00,30.593719047619047
2018-09-28 23:30:00,19.762719047619047
2018-09-29 00:00:00,19.762719047619047
2018-09-29 00:30:00,6.438885714285714
2018-09-29 01:00:00,6.438885714285714
2018-09-29 01:30:00,6.438885714285714
2018-09-29 02:00:00,6.438885714285714
2018-09-29 02:30:00,0.0
2018-09-29 03:00:00,0.0
2018-09-29 03:30:00,0.0
2018-09-29 04:00:00,0.0
2018-09-29 04:30:00,0.0
2018-09-29 05:00:00,0.0
2018-09-29 05:30:00,0.0
2018-09-29 06:00:00,0.0
2018-09-29 06:30:00,0.0
2018-09-29 07:00:00,0.0
2018-09-29 07:30:00,0.0
2018-09-29 08:00:00,0.0
2018-09-29 08:30:00,0.0
2018-09-29 09:00:00,0.0
2018-09-29 09:30:00,0.0
2018-09-29 10:00:00,0.0
2018-09-29 10:30:00,0.0
2018-09-29 11:00:00,0.0
2018-09-29 11:30:00,0.0
2018-09-29 12:00:00,0.0
2018-09-29 12:30:00,0.0
2018-09-29 13:00:00,0.0
2018-09-29 13:30:00,3.263111111111111
2018-09-29 14:00:00,3.263111111111111
2018-09-29 14:30:00,3.263111111111111
2018-09-29 15:00:00,6.330444444444444
2018-09-29 15:30:00,6.330444444444444
2018-09-29 16:00:00,6.330444444444444
2018-09-29 16:30:00,3.263111111111111
2018-09-29 17:00:00,3.263111111111111
2018-09-29 17:30:00,3.263111111111111
2018-09-29 18:00:00,0.0
2018-09-29 18:30:00,0.0
2018-09-29 19:00:00,0.0
2018-09-29 19:30:00,0.0
2018-09-29 20:00:00,0.0
2018-09-29 20:30:00,0.0
2018-09-29 21:00:00,0.0
2018-09-29 21:30:00,3.649142857142857
2018-09-29 22:00:00,3.649142857142857
2018-09-29 22:30:00,3.649142857142857
2018-09-29 23:00:00,3.649142857142857
2018-09-29 23:30:00,3.649142857142857
2018-09-30 00:00:00,3.649142857142857
2018-09-30 00:30:00,3.649142857142857
2018-09-30 01:00:00,0.0
2018-09-30 01:30:00,1.6
2018-09-30 02:00:00,0.0
2018-09-30 02:30:00,0.0
2018-09-30 03:00:00,0.0
2018-09-30 03:30:00,0.0
2018-09-30 04:00:00,0.0
2018-09-30 04:30:00,0.0
2018-09-30 05:00:00,0.0
2018-09-30 05:30:00,0.0
2018-09-30 06:00:00,0.0
2018-09-30 06:30:00,0.0
2018-09-30 07:00:00,0.0
2018-09-30 07:30:00,0.0
2018-09-30 08:00:00,0.0
2018-09-30 08:30:00,0.0
2018-09-30 09:00:00,0.0
2018-09-30 09:30:00,0.0
2018-09-30 10:00:00,0.0
2018-09-30 10:30:00,0.0
2018-09-30 11:00:00,0.0
2018-09-30 11:30:00,0.0
2018-09-30 12:00:00,0.0
2018-09-30 12:30:00,0.0
2018-09-30 13:00:00,0.0
2018-09-30 13:30:00,3.8859999999999997
2018-09-30 14:00:00,3.8859999999999997
2018-09-30 14:30:00,3.8859999999999997
2018-09-30 15:00:00,0.0
2018-09-30 15:30:00,0.0
2018-09-30 16:00:00,0.0
2018-09-30 16:30:00,0.0
2018-09-30 17:00:00,0.0
2018-09-30 17:30:00,0.0
2018-09-30 18:00:00,0.0
2018-09-30 18:30:00,0.0
2018-09-30 19:00:00,0.0
2018-09-30 19:30:00,0.0
2018-09-30 20:00:00,0.0
2018-09-30 20:30:00,0.0
2018-09-30 21:00:00,0.0
2018-09-30 21:30:00,0.0
2018-09-30 22:00:00,0.0
2018-09-30 22:30:00,3.6872
2018-09-30 23:00:00,3.6872
2018-09-30 23:30:00,3.6872
2018-10-01 00:00:00,3.6872
2018-10-01 00:30:00,3.6872
2018-10-01 01:00:00,0.0
2018-10-01 01:30:00,0.0
2018-10-01 02:00:00,0.0
2018-10-01 02:30:00,0.0
2018-10-01 03:00:00,0.0
2018-10-01 03:30:00,0.0
2018-10-01 04:00:00,0.0
2018-10-01 04:30:00,0.0
2018-10-01 05:00:00,0.0
2018-10-01 05:30:00,3.371714285714286
2018-10-01 06:00:00,3.371714285714286
2018-10-01 06:30:00,3.371714285714286
2018-10-01 07:00:00,3.371714285714286
2018-10-01 07:30:00,3.371714285714286
2018-10-01 08:00:00,3.371714285714286
2018-10-01 08:30:00,3.371714285714286
2018-10-01 09:00:00,3.371714285714286
2018-10-01 09:30:00,3.371714285714286
2018-10-01 10:00:00,3.371714285714286
2018-10-01 10:30:00,3.371714285714286
2018-10-01 11:00:00,3.371714285714286
2018-10-01 11:30:00,3.371714285714286
2018-10-01 12:00:00,3.371714285714286
2018-10-01 12:30:00,0.0
2018-10-01 13:00:00,18.08075
2018-10-01 13:30:00,34.358290476190476
2018-10-01 14:00:00,54.16044285714286
2018-10-01 14:30:00,86.7841626984127
2018-10-01 15:00:00,131.6029839105339
2018-10-01 15:30:00,167.2424515170502
2018-10-01 16:00:00,154.65411818371686
2018-10-01 16:30:00,139.46661818371686
2018-10-01 17:00:00,99.04434437419306
2018-10-01 17:30:00,87.69039437419306
2018-10-01 18:00:00,77.72383160363029
2018-10-01 18:30:00,63.10548160363029
2018-10-01 19:00:00,68.9443054131541
2018-10-01 19:30:00,52.41935303220172
2018-10-01 20:00:00,52.41935303220172
2018-10-01 20:30:00,46.01909848674717
2018-10-01 21:00:00,38.8194318200805
2018-10-01 21:30:00,43.293717534366216
2018-10-01 22:00:00,50.46791753436622
2018-10-01 22:30:00,53.549488962937644
2018-10-01 23:00:00,58.81477467722336
2018-10-01 23:30:00,49.78877593984962
2018-10-02 00:00:00,49.78877593984962
2018-10-02 00:30:00,32.432566416040096
2018-10-02 01:00:00,10.680166666666667
2018-10-02 01:30:00,10.680166666666667
2018-10-02 02:00:00,10.680166666666667
2018-10-02 02:30:00,10.680166666666667
2018-10-02 03:00:00,7.078666666666667
2018-10-02 03:30:00,7.078666666666667
2018-10-02 04:00:00,3.5975238095238096
2018-10-02 04:30:00,3.5975238095238096
2018-10-02 05:00:00,3.5975238095238096
2018-10-02 05:30:00,0.0
2018-10-02 06:00:00,0.0
2018-10-02 06:30:00,0.0
2018-10-02 07:00:00,0.0
2018-10-02 07:30:00,0.0
2018-10-02 08:00:00,0.0
2018-10-02 08:30:00,0.0
2018-10-02 09:00:00,0.0
2018-10-02 09:30:00,0.0
2018-10-02 10:00:00,0.0
2018-10-02 10:30:00,0.0
2018-10-02 11:00:00,0.0
2018-10-02 11:30:00,0.0
2018-10-02 12:00:00,0.0
2018-10-02 12:30:00,6.090999999999999
2018-10-02 13:00:00,16.676166666666667
2018-10-02 13:30:00,39.069607142857144
2018-10-02 14:00:00,57.18327380952381
2018-10-02 14:30:00,87.99619285714286
2018-10-02 15:00:00,137.25375952380952
2018-10-02 15:30:00,147.3044704906205
2018-10-02 16:00:00,123.23947049062049
2018-10-02 16:30:00,101.30730382395383
2018-10-02 17:00:00,79.97511334776335
2018-10-02 17:30:00,60.010963347763344
2018-10-02 18:00:00,42.034610966810966
2018-10-02 18:30:00,38.38627763347763
2018-10-02 19:00:00,27.57949191919192
2018-10-02 19:30:00,30.552652236652236
2018-10-02 20:00:00,24.605652236652237
2018-10-02 20:30:00,28.342795093795093
2018-10-02 21:00:00,21.135992063492065
2018-10-02 21:30:00,21.135992063492065
2018-10-02 22:00:00,21.135992063492065
2018-10-02 22:30:00,31.157039682539683
2018-10-02 23:00:00,30.905468253968255
2018-10-02 23:30:00,27.617968253968254
2018-10-03 00:00:00,17.640603174603175
2018-10-03 00:30:00,14.360714285714286
2018-10-03 01:00:00,10.684714285714286
2018-10-03 01:30:00,7.416714285714286
2018-10-03 02:00:00,0.0
2018-10-03 02:30:00,3.69
2018-10-03 03:00:00,3.69
2018-10-03 03:30:00,3.69
2018-10-03 04:00:00,3.69
2018-10-03 04:30:00,3.69
2018-10-03 05:00:00,3.69
2018-10-03 05:30:00,3.69
2018-10-03 06:00:00,3.69
2018-10-03 06:30:00,0.0
2018-10-03 07:00:00,0.0
2018-10-03 07:30:00,0.0
2018-10-03 08:00:00,0.0
2018-10-03 08:30:00,0.0
2018-10-03 09:00:00,0.0
2018-10-03 09:30:00,0.0
2018-10-03 10:00:00,0.0
2018-10-03 10:30:00,0.0
2018-10-03 11:00:00,0.0
2018-10-03 11:30:00,0.0
2018-10-03 12:00:00,0.0
2018-10-03 12:30:00,0.0
2018-10-03 13:00:00,13.214071428571428
2018-10-03 13:30:00,27.326160317460317
2018-10-03 14:00:00,47.21161587301587
2018-10-03 14:30:00,72.10366349206349
2018-10-03 15:00:00,127.27300648240649
2018-10-03 15:30:00,170.78746919355154
2018-10-03 16:00:00,146.35263586021821
2018-10-03 16:30:00,113.33599776498012
2018-10-03 17:00:00,95.18749776498012
2018-10-03 17:30:00,81.13499776498011
2018-10-03 18:00:00,67.13119459037695
2018-10-03 18:30:00,44.3793584487408
2018-10-03 19:00:00,40.70564416302652
2018-10-03 19:30:00,34.88414416302652
2018-10-03 20:00:00,31.019921940804295
2018-10-03 20:30:00,31.29714921353157
2018-10-03 21:00:00,31.33905830444066
2018-10-03 21:30:00,24.509468560850916
2018-10-03 22:00:00,19.8331828465652
2018-10-03 22:30:00,25.686516179898533
2018-10-03 23:00:00,33.92184951323186
2018-10-03 23:30:00,34.97634951323187
2018-10-04 00:00:00,29.03711421911422
2018-10-04 00:30:00,25.30861421911422
2018-10-04 01:00:00,22.614250582750582
2018-10-04 01:30:00,18.37041724941725
2018-10-04 02:00:00,11.479674825174826
2018-10-04 02:30:00,11.479674825174826
2018-10-04 03:00:00,11.479674825174826
2018-10-04 03:30:00,11.479674825174826
2018-10-04 04:00:00,5.826174825174825
2018-10-04 04:30:00,8.950174825174825
2018-10-04 05:00:00,8.950174825174825
2018-10-04 05:30:00,8.950174825174825
2018-10-04 06:00:00,8.950174825174825
2018-10-04 06:30:00,5.788538461538462
2018-10-04 07:00:00,2.664538461538462
2018-10-04 07:30:00,0.0
2018-10-04 08:00:00,0.0
2018-10-04 08:30:00,0.0
2018-10-04 09:00:00,0.0
2018-10-04 09:30:00,0.0
2018-10-04 10:00:00,0.0
2018-10-04 10:30:00,0.0
2018-10-04 11:00:00,0.0
2018-10-04 11:30:00,0.0
2018-10-04 12:00:00,0.0
2018-10-04 12:30:00,3.0525
2018-10-04 13:00:00,29.107735714285717
2018-10-04 13:30:00,40.159513492063496
2018-10-04 14:00:00,68.00157444444444
2018-10-04 14:30:00,82.7560426984127
2018-10-04 15:00:00,147.12471811188811
2018-10-04 15:30:00,164.67094360208418
2018-10-04 16:00:00,151.31061026875085
2018-10-04 16:30:00,123.26692455446515
2018-10-04 17:00:00,99.62517455446515
2018-10-04 17:30:00,74.56899360208419
2018-10-04 18:00:00,57.705015824306415
2018-10-04 18:30:00,57.705015824306415
2018-10-04 19:00:00,46.659304713195304
2018-10-04 19:30:00,50.32611423700482
2018-10-04 20:00:00,50.020714237004825
2018-10-04 20:30:00,49.816108176398764
2018-10-04 21:00:00,45.66077484306543
2018-10-04 21:30:00,37.08946898225957
2018-10-04 22:00:00,32.137726125116714
2018-10-04 22:30:00,42.09872612511671
2018-10-04 23:00:00,39.03633326797386
2018-10-04 23:30:00,36.035333267973854
2018-10-05 00:00:00,24.422696666666667
2018-10-05 00:30:00,20.781296666666666
2018-10-05 01:00:00,17.52263
2018-10-05 01:30:00,14.838963333333334
2018-10-05 02:00:00,14.414463333333334
2018-10-05 02:30:00,11.091583333333334
2018-10-05 03:00:00,3.1115
2018-10-05 03:30:00,3.1115
2018-10-05 04:00:00,0.0
2018-10-05 04:30:00,0.0
2018-10-05 05:00:00,0.0
2018-10-05 05:30:00,0.0
2018-10-05 06:00:00,0.0
2018-10-05 06:30:00,0.0
2018-10-05 07:00:00,0.0
2018-10-05 07:30:00,0.0
2018-10-05 08:00:00,0.0
2018-10-05 08:30:00,0.0
2018-10-05 09:00:00,0.0
2018-10-05 09:30:00,0.0
2018-10-05 10:00:00,0.0
2018-10-05 10:30:00,0.0
2018-10-05 11:00:00,4.0036000000000005
2018-10-05 11:30:00,4.0036000000000005
2018-10-05 12:00:00,4.0036000000000005
2018-10-05 12:30:00,10.497385714285715
2018-10-05 13:00:00,29.34080238095238
2018-10-05 13:30:00,52.92814682539682
2018-10-05 14:00:00,84.46630873015873
2018-10-05 14:30:00,102.89796363211951
2018-10-05 15:00:00,125.59652224017812
2018-10-05 15:30:00,140.25534604970193
2018-10-05 16:00:00,126.54712700208289
2018-10-05 16:30:00,122.40712700208289
2018-10-05 17:00:00,100.23854366874956
2018-10-05 17:30:00,96.58321033541623
2018-10-05 18:00:00,79.46013255763845
2018-10-05 18:30:00,64.88644684335273
2018-10-05 19:00:00,43.39678970049558
2018-10-05 19:30:00,50.30856747827336
2018-10-05 20:00:00,49.3232008116067
2018-10-05 20:30:00,48.828367478273364
2018-10-05 21:00:00,44.985105573511454
2018-10-05 21:30:00,44.82661839402428
2018-10-05 22:00:00,41.73519934640523
2018-10-05 22:30:00,34.72039934640523
2018-10-05 23:00:00,27.104144444444444
2018-10-05 23:30:00,27.104144444444444
2018-10-06 00:00:00,18.5411
2018-10-06 00:30:00,16.490299999999998
2018-10-06 01:00:00,16.2058
2018-10-06 01:30:00,12.976799999999999
2018-10-06 02:00:00,9.6508
2018-10-06 02:30:00,9.6508
2018-10-06 03:00:00,0.0
2018-10-06 03:30:00,0.0
2018-10-06 04:00:00,0.0
2018-10-06 04:30:00,0.0
2018-10-06 05:00:00,0.0
2018-10-06 05:30:00,0.0
2018-10-06 06:00:00,0.0
2018-10-06 06:30:00,0.0
2018-10-06 07:00:00,0.0
2018-10-06 07:30:00,0.0
2018-10-06 08:00:00,0.0
2018-10-06 08:30:00,0.0
2018-10-06 09:00:00,0.0
2018-10-06 09:30:00,0.0
2018-10-06 10:00:00,0.0
2018-10-06 10:30:00,0.0
2018-10-06 11:00:00,0.0
2018-10-06 11:30:00,0.0
2018-10-06 12:00:00,0.0
2018-10-06 12:30:00,0.0
2018-10-06 13:00:00,3.031
2018-10-06 13:30:00,3.031
2018-10-06 14:00:00,3.1968
2018-10-06 14:30:00,3.1968
2018-10-06 15:00:00,3.1968
2018-10-06 15:30:00,3.1968
2018-10-06 16:00:00,3.1968
2018-10-06 16:30:00,0.0
2018-10-06 17:00:00,0.0
2018-10-06 17:30:00,0.0
2018-10-06 18:00:00,0.0
2018-10-06 18:30:00,0.0
2018-10-06 19:00:00,0.0
2018-10-06 19:30:00,0.0
2018-10-06 20:00:00,0.0
2018-10-06 20:30:00,0.0
2018-10-06 21:00:00,4.683333333333334
2018-10-06 21:30:00,4.683333333333334
2018-10-06 22:00:00,4.683333333333334
2018-10-06 22:30:00,4.683333333333334
2018-10-06 23:00:00,4.683333333333334
2018-10-06 23:30:00,4.683333333333334
2018-10-07 00:00:00,4.683333333333334
2018-10-07 00:30:00,4.683333333333334
2018-10-07 01:00:00,4.683333333333334
2018-10-07 01:30:00,0.0
2018-10-07 02:00:00,0.0
2018-10-07 02:30:00,0.0
2018-10-07 03:00:00,0.0
2018-10-07 03:30:00,0.0
2018-10-07 04:00:00,0.0
2018-10-07 04:30:00,0.0
2018-10-07 05:00:00,0.0
2018-10-07 05:30:00,0.0
2018-10-07 06:00:00,0.0
2018-10-07 06:30:00,0.0
2018-10-07 07:00:00,0.0
2018-10-07 07:30:00,0.0
2018-10-07 08:00:00,0.0
2018-10-07 08:30:00,0.0
2018-10-07 09:00:00,0.0
2018-10-07 09:30:00,0.0
2018-10-07 10:00:00,0.0
2018-10-07 10:30:00,0.0
2018-10-07 11:00:00,0.0
2018-10-07 11:30:00,0.0
2018-10-07 12:00:00,0.0
2018-10-07 12:30:00,0.0
2018-10-07 13:00:00,0.0
2018-10-07 13:30:00,0.0
2018-10-07 14:00:00,0.0
2018-10-07 14:30:00,0.0
2018-10-07 15:00:00,0.0
2018-10-07 15:30:00,0.0
2018-10-07 16:00:00,0.0
2018-10-07 16:30:00,0.0
2018-10-07 17:00:00,0.0
2018-10-07 17:30:00,0.0
2018-10-07 18:00:00,0.0
2018-10-07 18:30:00,0.0
2018-10-07 19:00:00,0.0
2018-10-07 19:30:00,0.0
2018-10-07 20:00:00,3.7626666666666666
2018-10-07 20:30:00,3.7626666666666666
2018-10-07 21:00:00,3.7626666666666666
2018-10-07 21:30:00,3.7626666666666666
2018-10-07 22:00:00,6.736
2018-10-07 22:30:00,6.736
2018-10-07 23:00:00,6.134969696969696
2018-10-07 23:30:00,3.1616363636363634
2018-10-08 00:00:00,6.430436363636364
2018-10-08 00:30:00,6.430436363636364
2018-10-08 01:00:00,6.430436363636364
2018-10-08 01:30:00,6.430436363636364
2018-10-08 02:00:00,6.430436363636364
2018-10-08 02:30:00,3.1616363636363634
2018-10-08 03:00:00,3.1616363636363634
2018-10-08 03:30:00,6.6360363636363635
2018-10-08 04:00:00,6.6360363636363635
2018-10-08 04:30:00,3.4744
2018-10-08 05:00:00,3.4744
2018-10-08 05:30:00,3.4744
2018-10-08 06:00:00,3.4744
2018-10-08 06:30:00,3.4744
2018-10-08 07:00:00,3.4744
2018-10-08 07:30:00,3.4744
2018-10-08 08:00:00,3.4744
2018-10-08 08:30:00,0.0
2018-10-08 09:00:00,0.0
2018-10-08 09:30:00,0.0
2018-10-08 10:00:00,0.0
2018-10-08 10:30:00,0.0
2018-10-08 11:00:00,0.0
2018-10-08 11:30:00,0.0
2018-10-08 12:00:00,0.0
2018-10-08 12:30:00,3.03925
2018-10-08 13:00:00,29.206189610389607
2018-10-08 13:30:00,56.934403896103895
2018-10-08 14:00:00,91.02367114756588
2018-10-08 14:30:00,129.39407904230274
2018-10-08 15:00:00,138.32305126452496
2018-10-08 15:30:00,123.75635126452495
2018-10-08 16:00:00,117.09955126452495
2018-10-08 16:30:00,103.43806316928685
2018-10-08 17:00:00,84.55144650262018
2018-10-08 17:30:00,70.88461316928685
2018-10-08 18:00:00,69.92567983595352
2018-10-08 18:30:00,66.72247983595352
2018-10-08 19:00:00,69.61407983595352
2018-10-08 19:30:00,71.17266713754083
2018-10-08 20:00:00,74.18566713754082
2018-10-08 20:30:00,74.18566713754082
2018-10-08 21:00:00,76.46533380420749
2018-10-08 21:30:00,76.46533380420749
2018-10-08 22:00:00,74.34333380420749
2018-10-08 22:30:00,82.92733380420749
2018-10-08 23:00:00,100.38724650262019
2018-10-08 23:30:00,99.19979036226931
2018-10-09 00:00:00,47.18846666666667
2018-10-09 00:30:00,29.574
2018-10-09 01:00:00,18.204500000000003
2018-10-09 01:30:00,9.651333333333334
2018-10-09 02:00:00,12.686333333333334
2018-10-09 02:30:00,6.876083333333334
2018-10-09 03:00:00,3.035
2018-10-09 03:30:00,3.035
2018-10-09 04:00:00,0.0
2018-10-09 04:30:00,0.0
2018-10-09 05:00:00,0.0
2018-10-09 05:30:00,0.0
2018-10-09 06:00:00,0.0
2018-10-09 06:30:00,0.0
2018-10-09 07:00:00,0.0
2018-10-09 07:30:00,0.0
2018-10-09 08:00:00,0.0
2018-10-09 08:30:00,0.0
2018-10-09 09:00:00,0.0
2018-10-09 09:30:00,0.0
2018-10-09 10:00:00,0.0
2018-10-09 10:30:00,0.0
2018-10-09 11:00:00,0.0
2018-10-09 11:30:00,0.0
2018-10-09 12:00:00,0.0
2018-10-09 12:30:00,5.4942
2018-10-09 13:00:00,24.18622948717949
2018-10-09 13:30:00,45.212644832360624
2018-10-09 14:00:00,67.11638938313149
2018-10-09 14:30:00,92.90722859881777
2018-10-09 15:00:00,135.84959672747274
2018-10-09 15:30:00,139.2976274967035
2018-10-09 16:00:00,131.8417274967035
2018-10-09 16:30:00,113.3542274967035
2018-10-09 17:00:00,92.92016797289398
2018-10-09 17:30:00,65.19195130622731
2018-10-09 18:00:00,62.35133918501519
2018-10-09 18:30:00,52.253550296126306
2018-10-09 19:00:00,54.20205938703539
2018-10-09 19:30:00,42.86774780972382
2018-10-09 20:00:00,43.55834780972382
2018-10-09 20:30:00,48.57114780972382
2018-10-09 21:00:00,44.75748114305715
2018-10-09 21:30:00,36.45668114305715
2018-10-09 22:00:00,29.58465037382638
2018-10-09 22:30:00,41.982483707159716
2018-10-09 23:00:00,38.8238462458594
2018-10-09 23:30:00,38.01983906882591
2018-10-10 00:00:00,31.78770573549258
2018-10-10 00:30:00,26.36023205128205
2018-10-10 01:00:00,13.683532051282052
2018-10-10 01:30:00,13.683532051282052
2018-10-10 02:00:00,7.592916666666667
2018-10-10 02:30:00,4.584416666666667
2018-10-10 03:00:00,3.1265
2018-10-10 03:30:00,1.998
2018-10-10 04:00:00,0.0
2018-10-10 04:30:00,0.0
2018-10-10 05:00:00,0.0
2018-10-10 05:30:00,0.0
2018-10-10 06:00:00,0.0
2018-10-10 06:30:00,0.0
2018-10-10 07:00:00,0.0
2018-10-10 07:30:00,0.0
2018-10-10 08:00:00,0.0
2018-10-10 08:30:00,0.0
2018-10-10 09:00:00,0.0
2018-10-10 09:30:00,0.0
2018-10-10 10:00:00,0.0
2018-10-10 10:30:00,0.0
2018-10-10 11:00:00,0.0
2018-10-10 11:30:00,0.0
2018-10-10 12:00:00,0.0
2018-10-10 12:30:00,5.726222222222222
2018-10-10 13:00:00,21.623045598845597
2018-10-10 13:30:00,39.77717655122655
2018-10-10 14:00:00,69.77093726551226
2018-10-10 14:30:00,88.59344938672439
2018-10-10 15:00:00,139.18880027733704
2018-10-10 15:30:00,150.45810910086647
2018-10-10 16:00:00,134.8784424341998
2018-10-10 16:30:00,114.39856148181883
2018-10-10 17:00:00,99.30526783102519
2018-10-10 17:30:00,89.16873211673948
2018-10-10 18:00:00,74.47828211673946
2018-10-10 18:30:00,67.58046826392561
2018-10-10 19:00:00,65.87228493059229
2018-10-10 19:30:00,48.80851270837006
2018-10-10 20:00:00,40.48930058715794
2018-10-10 20:30:00,35.66315773001509
2018-10-10 21:00:00,43.30015773001509
2018-10-10 21:30:00,47.67292696078432
2018-10-10 22:00:00,34.56563529411765
2018-10-10 22:30:00,38.85328529411765
2018-10-10 23:00:00,53.97528529411765
2018-10-10 23:30:00,42.94510882352941
2018-10-11 00:00:00,35.37405
2018-10-11 00:30:00,13.36005
2018-10-11 01:00:00,6.29025
2018-10-11 01:30:00,13.28725
2018-10-11 02:00:00,5.79725
2018-10-11 02:30:00,3.024
2018-10-11 03:00:00,3.024
2018-10-11 03:30:00,0.0
2018-10-11 04:00:00,0.0
2018-10-11 04:30:00,0.0
2018-10-11 05:00:00,0.0
2018-10-11 05:30:00,0.0
2018-10-11 06:00:00,0.0
2018-10-11 06:30:00,0.0
2018-10-11 07:00:00,0.0
2018-10-11 07:30:00,0.0
2018-10-11 08:00:00,0.0
2018-10-11 08:30:00,0.0
2018-10-11 09:00:00,0.0
2018-10-11 09:30:00,0.0
2018-10-11 10:00:00,0.0
2018-10-11 10:30:00,0.0
2018-10-11 11:00:00,0.0
2018-10-11 11:30:00,0.0
2018-10-11 12:00:00,0.0
2018-10-11 12:30:00,5.723444444444445
2018-10-11 13:00:00,13.967288888888888
2018-10-11 13:30:00,37.38699682539683
2018-10-11 14:00:00,59.45784682539683
2018-10-11 14:30:00,104.06927662337662
2018-10-11 15:00:00,133.94726212121213
2018-10-11 15:30:00,146.48253484848485
2018-10-11 16:00:00,131.65353484848484
2018-10-11 16:30:00,110.68603484848485
2018-10-11 17:00:00,87.67233802308802
2018-10-11 17:30:00,75.88156024531024
2018-10-11 18:00:00,56.40728802308802
2018-10-11 18:30:00,49.94725252525252
2018-10-11 19:00:00,48.62214141414142
2018-10-11 19:30:00,60.772789033189035
2018-10-11 20:00:00,46.09113145743146
2018-10-11 20:30:00,36.39741024531025
2018-10-11 21:00:00,32.800137518037516
2018-10-11 21:30:00,40.42313751803752
2018-10-11 22:00:00,41.62328037518038
2018-10-11 22:30:00,41.134530375180375
2018-10-11 23:00:00,28.86156608946609
2018-10-11 23:30:00,37.51685497835498
2018-10-12 00:00:00,30.00254285714286
2018-10-12 00:30:00,30.00254285714286
2018-10-12 01:00:00,18.14087619047619
2018-10-12 01:30:00,1.5784
2018-10-12 02:00:00,4.6294
2018-10-12 02:30:00,4.6294
2018-10-12 03:00:00,4.6294
2018-10-12 03:30:00,4.6294
2018-10-12 04:00:00,1.5784
2018-10-12 04:30:00,0.0
2018-10-12 05:00:00,0.0
2018-10-12 05:30:00,0.0
2018-10-12 06:00:00,0.0
2018-10-12 06:30:00,0.0
2018-10-12 07:00:00,0.0
2018-10-12 07:30:00,0.0
2018-10-12 08:00:00,0.0
2018-10-12 08:30:00,0.0
2018-10-12 09:00:00,0.0
2018-10-12 09:30:00,0.0
2018-10-12 10:00:00,0.0
2018-10-12 10:30:00,0.0
2018-10-12 11:00:00,2.787
2018-10-12 11:30:00,2.787
2018-10-12 12:00:00,2.787
2018-10-12 12:30:00,8.7235
2018-10-12 13:00:00,18.59192857142857
2018-10-12 13:30:00,18.59192857142857
2018-10-12 14:00:00,22.08272857142857
2018-10-12 14:30:00,22.010787577639753
2018-10-12 15:00:00,33.167008356860535
2018-10-12 15:30:00,43.04040835686053
2018-10-12 16:00:00,47.52574169019387
2018-10-12 16:30:00,32.24671311876529
2018-10-12 17:00:00,36.403020811072984
2018-10-12 17:30:00,36.936020811072986
2018-10-12 18:00:00,38.64212557297775
2018-10-12 18:30:00,39.53665890631108
2018-10-12 19:00:00,28.598125572977747
2018-10-12 19:30:00,28.598125572977747
2018-10-12 20:00:00,31.21612557297775
2018-10-12 20:30:00,25.12576193661411
2018-10-12 21:00:00,21.14256193661411
2018-10-12 21:30:00,15.349228603280778
2018-10-12 22:00:00,9.653371460423635
2018-10-12 22:30:00,11.799038127090302
2018-10-12 23:00:00,9.110438127090301
2018-10-12 23:30:00,6.436130434782609
2018-10-13 00:00:00,6.436130434782609
2018-10-13 00:30:00,8.06913043478261
2018-10-13 01:00:00,0.4271304347826087
2018-10-13 01:30:00,4.742130434782609
2018-10-13 02:00:00,4.315
2018-10-13 02:30:00,4.315
2018-10-13 03:00:00,4.315
2018-10-13 03:30:00,0.0
2018-10-13 04:00:00,0.0
2018-10-13 04:30:00,0.0
2018-10-13 05:00:00,0.0
2018-10-13 05:30:00,0.0
2018-10-13 06:00:00,0.0
2018-10-13 06:30:00,0.0
2018-10-13 07:00:00,0.0
2018-10-13 07:30:00,0.0
2018-10-13 08:00:00,0.0
2018-10-13 08:30:00,0.0
2018-10-13 09:00:00,0.0
2018-10-13 09:30:00,0.0
2018-10-13 10:00:00,0.0
2018-10-13 10:30:00,0.0
2018-10-13 11:00:00,0.0
2018-10-13 11:30:00,0.0
2018-10-13 12:00:00,0.0
2018-10-13 12:30:00,0.0
2018-10-13 13:00:00,0.0
2018-10-13 13:30:00,0.0
2018-10-13 14:00:00,0.0
2018-10-13 14:30:00,0.0
2018-10-13 15:00:00,0.0
2018-10-13 15:30:00,0.0
2018-10-13 16:00:00,3.1666666666666665
2018-10-13 16:30:00,3.1666666666666665
2018-10-13 17:00:00,6.618266666666667
2018-10-13 17:30:00,6.618266666666667
2018-10-13 18:00:00,6.618266666666667
2018-10-13 18:30:00,14.050266666666667
2018-10-13 19:00:00,10.883600000000001
2018-10-13 19:30:00,0.0
2018-10-13 20:00:00,0.0
2018-10-13 20:30:00,0.0
2018-10-13 21:00:00,0.0
2018-10-13 21:30:00,6.6974285714285715
2018-10-13 22:00:00,6.6974285714285715
2018-10-13 22:30:00,6.6974285714285715
2018-10-13 23:00:00,6.6974285714285715
2018-10-13 23:30:00,13.087928571428572
2018-10-14 00:00:00,13.087928571428572
2018-10-14 00:30:00,13.087928571428572
2018-10-14 01:00:00,6.3905
2018-10-14 01:30:00,0.0
2018-10-14 02:00:00,0.0
2018-10-14 02:30:00,0.0
2018-10-14 03:00:00,0.0
2018-10-14 03:30:00,0.0
2018-10-14 04:00:00,0.0
2018-10-14 04:30:00,0.0
2018-10-14 05:00:00,0.0
2018-10-14 05:30:00,0.0
2018-10-14 06:00:00,0.0
2018-10-14 06:30:00,0.0
2018-10-14 07:00:00,0.0
2018-10-14 07:30:00,0.0
2018-10-14 08:00:00,0.0
2018-10-14 08:30:00,0.0
2018-10-14 09:00:00,0.0
2018-10-14 09:30:00,0.0
2018-10-14 10:00:00,0.0
2018-10-14 10:30:00,0.0
2018-10-14 11:00:00,0.0
2018-10-14 11:30:00,0.0
2018-10-14 12:00:00,0.0
2018-10-14 12:30:00,0.0
2018-10-14 13:00:00,0.0
2018-10-14 13:30:00,0.0
2018-10-14 14:00:00,0.0
2018-10-14 14:30:00,0.0
2018-10-14 15:00:00,0.0
2018-10-14 15:30:00,0.0
2018-10-14 16:00:00,0.0
2018-10-14 16:30:00,0.0
2018-10-14 17:00:00,4.91
2018-10-14 17:30:00,4.91
2018-10-14 18:00:00,0.0
2018-10-14 18:30:00,0.0
2018-10-14 19:00:00,0.0
2018-10-14 19:30:00,0.0
2018-10-14 20:00:00,0.0
2018-10-14 20:30:00,0.0
2018-10-14 21:00:00,0.0
2018-10-14 21:30:00,0.0
2018-10-14 22:00:00,6.3988
2018-10-14 22:30:00,6.3988
2018-10-14 23:00:00,6.3988
2018-10-14 23:30:00,12.506799999999998
2018-10-15 00:00:00,12.506799999999998
2018-10-15 00:30:00,6.108
2018-10-15 01:00:00,6.108
2018-10-15 01:30:00,0.0
2018-10-15 02:00:00,0.0
2018-10-15 02:30:00,0.0
2018-10-15 03:00:00,0.0
2018-10-15 03:30:00,0.0
2018-10-15 04:00:00,0.0
2018-10-15 04:30:00,0.0
2018-10-15 05:00:00,0.0
2018-10-15 05:30:00,0.0
2018-10-15 06:00:00,0.0
2018-10-15 06:30:00,0.0
2018-10-15 07:00:00,0.0
2018-10-15 07:30:00,0.0
2018-10-15 08:00:00,0.0
2018-10-15 08:30:00,0.0
2018-10-15 09:00:00,0.0
2018-10-15 09:30:00,0.0
2018-10-15 10:00:00,0.0
2018-10-15 10:30:00,0.0
2018-10-15 11:00:00,0.0
2018-10-15 11:30:00,0.0
2018-10-15 12:00:00,0.0
2018-10-15 12:30:00,3.013
2018-10-15 13:00:00,14.826394696969697
2018-10-15 13:30:00,24.95552168109668
2018-10-15 14:00:00,64.95630633021949
2018-10-15 14:30:00,87.0721861547809
2018-10-15 15:00:00,128.5653910609858
2018-10-15 15:30:00,141.4015304549252
2018-10-15 16:00:00,138.6491304549252
2018-10-15 16:30:00,127.98869712159185
2018-10-15 17:00:00,107.29296378825852
2018-10-15 17:30:00,98.98296378825853
2018-10-15 18:00:00,87.89320823270296
2018-10-15 18:30:00,74.38718615478089
2018-10-15 19:00:00,75.12463059922534
2018-10-15 19:30:00,75.19491393255866
2018-10-15 20:00:00,72.20671393255867
2018-10-15 20:30:00,60.8489788676236
2018-10-15 21:00:00,55.389081140350875
2018-10-15 21:30:00,56.65051447368421
2018-10-15 22:00:00,57.44438947368421
2018-10-15 22:30:00,53.14000614035088
2018-10-15 23:00:00,54.890406140350876
2018-10-15 23:30:00,45.43918538011696
2018-10-16 00:00:00,22.413
2018-10-16 00:30:00,22.2155
2018-10-16 01:00:00,18.9355
2018-10-16 01:30:00,10.1081
2018-10-16 02:00:00,7.1266
2018-10-16 02:30:00,0.0
2018-10-16 03:00:00,0.0
2018-10-16 03:30:00,0.0
2018-10-16 04:00:00,0.0
2018-10-16 04:30:00,0.0
2018-10-16 05:00:00,0.0
2018-10-16 05:30:00,0.0
2018-10-16 06:00:00,0.0
2018-10-16 06:30:00,0.0
2018-10-16 07:00:00,0.0
2018-10-16 07:30:00,0.0
2018-10-16 08:00:00,0.0
2018-10-16 08:30:00,0.0
2018-10-16 09:00:00,0.0
2018-10-16 09:30:00,0.0
2018-10-16 10:00:00,0.0
2018-10-16 10:30:00,0.0
2018-10-16 11:00:00,0.0
2018-10-16 11:30:00,0.0
2018-10-16 12:00:00,0.0
2018-10-16 12:30:00,6.045249999999999
2018-10-16 13:00:00,38.79495555555555
2018-10-16 13:30:00,46.18870555555555
2018-10-16 14:00:00,67.39337777777777
2018-10-16 14:30:00,84.75083664799253
2018-10-16 15:00:00,106.42764554693672
2018-10-16 15:30:00,143.69851459455577
2018-10-16 16:00:00,132.94851459455577
2018-10-16 16:30:00,119.7093979278891
2018-10-16 17:00:00,94.89331459455578
2018-10-16 17:30:00,87.10460348344466
2018-10-16 18:00:00,64.72634395963514
2018-10-16 18:30:00,38.34497173741291
2018-10-16 19:00:00,28.444908245349424
2018-10-16 19:30:00,33.80295824534942
2018-10-16 20:00:00,32.69445824534942
2018-10-16 20:30:00,39.683515388206565
2018-10-16 21:00:00,32.33841538820656
2018-10-16 21:30:00,29.016541456582633
2018-10-16 22:00:00,22.606025583566762
2018-10-16 22:30:00,32.29222558356676
2018-10-16 23:00:00,36.06510401493931
2018-10-16 23:30:00,40.95390793650794
2018-10-17 00:00:00,31.045050793650795
2018-10-17 00:30:00,22.948384126984127
2018-10-17 01:00:00,16.425850793650795
2018-10-17 01:30:00,9.151555555555555
2018-10-17 02:00:00,3.435333333333333
2018-10-17 02:30:00,3.435333333333333
2018-10-17 03:00:00,0.0
2018-10-17 03:30:00,0.0
2018-10-17 04:00:00,0.0
2018-10-17 04:30:00,0.0
2018-10-17 05:00:00,0.0
2018-10-17 05:30:00,0.0
2018-10-17 06:00:00,0.0
2018-10-17 06:30:00,0.0
2018-10-17 07:00:00,0.0
2018-10-17 07:30:00,0.0
2018-10-17 08:00:00,0.0
2018-10-17 08:30:00,0.0
2018-10-17 09:00:00,0.0
2018-10-17 09:30:00,0.0
2018-10-17 10:00:00,0.0
2018-10-17 10:30:00,0.0
2018-10-17 11:00:00,0.0
2018-10-17 11:30:00,3.004
2018-10-17 12:00:00,3.004
2018-10-17 12:30:00,5.4084
2018-10-17 13:00:00,21.234233333333332
2018-10-17 13:30:00,32.479709157509156
2018-10-17 14:00:00,73.72744750739457
2018-10-17 14:30:00,73.16832250739456
2018-10-17 15:00:00,104.55228441215647
2018-10-17 15:30:00,133.5439677454898
2018-10-17 16:00:00,139.5337177454898
2018-10-17 16:30:00,118.26598441215647
2018-10-17 17:00:00,108.55043679310886
2018-10-17 17:30:00,80.24588917406123
2018-10-17 18:00:00,71.2066558407279
2018-10-17 18:30:00,55.59742726929933
2018-10-17 19:00:00,63.682593935966
2018-10-17 19:30:00,46.15599797637004
2018-10-17 20:00:00,37.54401977124183
2018-10-17 20:30:00,31.61935310457516
2018-10-17 21:00:00,44.057353104575164
2018-10-17 21:30:00,44.057353104575164
2018-10-17 22:00:00,44.53651977124183
2018-10-17 22:30:00,39.95493888888889
2018-10-17 23:00:00,33.747772222222224
2018-10-17 23:30:00,31.874105555555555
2018-10-18 00:00:00,25.565783333333332
2018-10-18 00:30:00,17.66145
2018-10-18 01:00:00,20.53195
2018-10-18 01:30:00,14.102083333333333
2018-10-18 02:00:00,5.0482499999999995
2018-10-18 02:30:00,5.0482499999999995
2018-10-18 03:00:00,2.17775
2018-10-18 03:30:00,0.0
2018-10-18 04:00:00,0.0
2018-10-18 04:30:00,0.0
2018-10-18 05:00:00,0.0
2018-10-18 05:30:00,0.0
2018-10-18 06:00:00,0.0
2018-10-18 06:30:00,0.0
2018-10-18 07:00:00,0.0
2018-10-18 07:30:00,0.0
2018-10-18 08:00:00,0.0
2018-10-18 08:30:00,0.0
2018-10-18 09:00:00,0.0
2018-10-18 09:30:00,0.0
2018-10-18 10:00:00,0.0
2018-10-18 10:30:00,0.0
2018-10-18 11:00:00,0.0
2018-10-18 11:30:00,0.0
2018-10-18 12:00:00,0.0
2018-10-18 12:30:00,2.9685
2018-10-18 13:00:00,12.318444444444443
2018-10-18 13:30:00,28.900341875890707
2018-10-18 14:00:00,44.19358064250421
2018-10-18 14:30:00,69.37441569805976
2018-10-18 15:00:00,107.95949885298232
2018-10-18 15:30:00,128.14132317837914
2018-10-18 16:00:00,120.87032317837915
2018-10-18 16:30:00,108.26998984504581
2018-10-18 17:00:00,98.83155651171249
2018-10-18 17:30:00,84.39984540060138
2018-10-18 18:00:00,91.15543040060138
2018-10-18 18:30:00,82.07459706726804
2018-10-18 19:00:00,60.198980380760105
2018-10-18 19:30:00,53.33683492116415
2018-10-18 20:00:00,55.602834921164145
2018-10-18 20:30:00,39.671401587830815
2018-10-18 21:00:00,39.671401587830815
2018-10-18 21:30:00,31.84858778441201
2018-10-18 22:00:00,31.507173078529657
2018-10-18 22:30:00,49.79992307852966
2018-10-18 23:00:00,45.066475710108605
2018-10-18 23:30:00,33.20308901420217
2018-10-19 00:00:00,23.649657268170426
2018-10-19 00:30:00,6.709130952380953
2018-10-19 01:00:00,4.029464285714286
2018-10-19 01:30:00,2.84175
2018-10-19 02:00:00,3.072
2018-10-19 02:30:00,3.072
2018-10-19 03:00:00,3.072
2018-10-19 03:30:00,3.072
2018-10-19 04:00:00,5.58
2018-10-19 04:30:00,5.58
2018-10-19 05:00:00,5.58
2018-10-19 05:30:00,5.58
2018-10-19 06:00:00,0.0
2018-10-19 06:30:00,0.0
2018-10-19 07:00:00,0.0
2018-10-19 07:30:00,0.0
2018-10-19 08:00:00,0.0
2018-10-19 08:30:00,0.0
2018-10-19 09:00:00,0.0
2018-10-19 09:30:00,0.0
2018-10-19 10:00:00,0.0
2018-10-19 10:30:00,0.0
2018-10-19 11:00:00,0.0
2018-10-19 11:30:00,0.0
2018-10-19 12:00:00,0.0
2018-10-19 12:30:00,2.5757025555555555
2018-10-19 13:00:00,13.671500835978836
2018-10-19 13:30:00,45.3323482526455
2018-10-19 14:00:00,66.53655973412698
2018-10-19 14:30:00,80.81747049802236
2018-10-19 15:00:00,109.93832892791654
2018-10-19 15:30:00,132.6872053664086
2018-10-19 16:00:00,139.5868053664086
2018-10-19 16:30:00,132.3161590701123
2018-10-19 17:00:00,108.7151136164086
2018-10-19 17:30:00,102.67771347499446
2018-10-19 18:00:00,81.50631458610557
2018-10-19 18:30:00,67.00765532420081
2018-10-19 19:00:00,51.141682320537804
2018-10-19 19:30:00,42.63801662146373
2018-10-19 20:00:00,47.86004850109336
2018-10-19 20:30:00,56.391669889982246
2018-10-19 21:00:00,53.66375840850076
2018-10-19 21:30:00,43.64428822331558
2018-10-19 22:00:00,44.672576239188594
2018-10-19 22:30:00,30.822240324836745
2018-10-19 23:00:00,27.532206753832586
2018-10-19 23:30:00,25.86672581908832
2018-10-20 00:00:00,20.416358735754986
2018-10-20 00:30:00,19.110642763532763
2018-10-20 01:00:00,14.628195012210012
2018-10-20 01:30:00,2.0835
2018-10-20 02:00:00,3.7601666666666667
2018-10-20 02:30:00,3.7601666666666667
2018-10-20 03:00:00,1.6766666666666667
2018-10-20 03:30:00,1.6766666666666667
2018-10-20 04:00:00,1.6766666666666667
2018-10-20 04:30:00,1.6766666666666667
2018-10-20 05:00:00,0.0
2018-10-20 05:30:00,0.0
2018-10-20 06:00:00,0.0
2018-10-20 06:30:00,0.0
2018-10-20 07:00:00,0.0
2018-10-20 07:30:00,0.0
2018-10-20 08:00:00,0.0
2018-10-20 08:30:00,0.0
2018-10-20 09:00:00,0.0
2018-10-20 09:30:00,0.0
2018-10-20 10:00:00,0.0
2018-10-20 10:30:00,0.0
2018-10-20 11:00:00,0.0
2018-10-20 11:30:00,0.0
2018-10-20 12:00:00,0.0
2018-10-20 12:30:00,1.676923076923077
2018-10-20 13:00:00,3.1723967611336032
2018-10-20 13:30:00,3.1723967611336032
2018-10-20 14:00:00,3.1723967611336032
2018-10-20 14:30:00,3.1723967611336032
2018-10-20 15:00:00,3.1723967611336032
2018-10-20 15:30:00,3.1723967611336032
2018-10-20 16:00:00,3.1723967611336032
2018-10-20 16:30:00,3.1723967611336032
2018-10-20 17:00:00,3.1723967611336032
2018-10-20 17:30:00,4.726896761133603
2018-10-20 18:00:00,4.726896761133603
2018-10-20 18:30:00,4.726896761133603
2018-10-20 19:00:00,3.049973684210526
2018-10-20 19:30:00,3.049973684210526
2018-10-20 20:00:00,3.049973684210526
2018-10-20 20:30:00,3.049973684210526
2018-10-20 21:00:00,3.049973684210526
2018-10-20 21:30:00,2.984473684210526
2018-10-20 22:00:00,2.984473684210526
2018-10-20 22:30:00,1.4889999999999999
2018-10-20 23:00:00,1.4889999999999999
2018-10-20 23:30:00,1.4889999999999999
2018-10-21 00:00:00,1.4889999999999999
2018-10-21 00:30:00,0.0
2018-10-21 01:00:00,0.0
2018-10-21 01:30:00,0.0
2018-10-21 02:00:00,0.0
2018-10-21 02:30:00,0.0
2018-10-21 03:00:00,0.0
2018-10-21 03:30:00,0.0
2018-10-21 04:00:00,0.0
2018-10-21 04:30:00,0.0
2018-10-21 05:00:00,0.0
2018-10-21 05:30:00,0.0
2018-10-21 06:00:00,0.0
2018-10-21 06:30:00,0.0
2018-10-21 07:00:00,0.0
2018-10-21 07:30:00,0.0
2018-10-21 08:00:00,0.0
2018-10-21 08:30:00,0.0
2018-10-21 09:00:00,0.0
2018-10-21 09:30:00,0.0
2018-10-21 10:00:00,0.0
2018-10-21 10:30:00,0.0
2018-10-21 11:00:00,0.0
2018-10-21 11:30:00,0.0
2018-10-21 12:00:00,0.0
2018-10-21 12:30:00,0.0
2018-10-21 13:00:00,0.0
2018-10-21 13:30:00,0.0
2018-10-21 14:00:00,0.0
2018-10-21 14:30:00,0.0
2018-10-21 15:00:00,0.0
2018-10-21 15:30:00,0.0
2018-10-21 16:00:00,0.0
2018-10-21 16:30:00,0.0
2018-10-21 17:00:00,0.0
2018-10-21 17:30:00,0.0
2018-10-21 18:00:00,0.0
2018-10-21 18:30:00,0.0
2018-10-21 19:00:00,0.0
2018-10-21 19:30:00,0.0
2018-10-21 20:00:00,2.2376666666666667
2018-10-21 20:30:00,2.2376666666666667
2018-10-21 21:00:00,2.2376666666666667
2018-10-21 21:30:00,6.3870000000000005
2018-10-21 22:00:00,8.825000000000001
2018-10-21 22:30:00,8.825000000000001
2018-10-21 23:00:00,2.438
2018-10-21 23:30:00,2.438
2018-10-22 00:00:00,4.486
2018-10-22 00:30:00,0.0
2018-10-22 01:00:00,0.0
2018-10-22 01:30:00,0.0
2018-10-22 02:00:00,0.0
2018-10-22 02:30:00,0.0
2018-10-22 03:00:00,0.0
2018-10-22 03:30:00,0.0
2018-10-22 04:00:00,0.0
2018-10-22 04:30:00,0.0
2018-10-22 05:00:00,0.0
2018-10-22 05:30:00,0.0
2018-10-22 06:00:00,0.0
2018-10-22 06:30:00,0.0
2018-10-22 07:00:00,0.0
2018-10-22 07:30:00,0.0
2018-10-22 08:00:00,0.0
2018-10-22 08:30:00,0.0
2018-10-22 09:00:00,0.0
2018-10-22 09:30:00,0.0
2018-10-22 10:00:00,0.0
2018-10-22 10:30:00,0.0
2018-10-22 11:00:00,0.0
2018-10-22 11:30:00,0.0
2018-10-22 12:00:00,0.0
2018-10-22 12:30:00,2.4335999999999998
2018-10-22 13:00:00,34.596500653594774
2018-10-22 13:30:00,53.565700653594774
2018-10-22 14:00:00,96.24561573295985
2018-10-22 14:30:00,133.27645649775062
2018-10-22 15:00:00,157.79749421704886
2018-10-22 15:30:00,150.3678275503822
2018-10-22 16:00:00,143.6564997726044
2018-10-22 16:30:00,136.97529977260442
2018-10-22 17:00:00,126.15396643927109
2018-10-22 17:30:00,104.92946802657268
2018-10-22 18:00:00,73.32899897895362
2018-10-22 18:30:00,58.49581009006474
2018-10-22 19:00:00,64.8266378678425
2018-10-22 19:30:00,70.09817120117584
2018-10-22 20:00:00,67.4252772617819
2018-10-22 20:30:00,60.22127726178191
2018-10-22 21:00:00,55.21727726178191
2018-10-22 21:30:00,43.93359883040936
2018-10-22 22:00:00,39.987398830409354
2018-10-22 22:30:00,34.53573216374269
2018-10-22 23:00:00,45.45573216374269
2018-10-22 23:30:00,32.48972105263158
2018-10-23 00:00:00,23.76192105263158
2018-10-23 00:30:00,17.870166666666666
2018-10-23 01:00:00,7.473166666666667
2018-10-23 01:30:00,2.998666666666667
2018-10-23 02:00:00,6.019666666666667
2018-10-23 02:30:00,6.019666666666667
2018-10-23 03:00:00,6.019666666666667
2018-10-23 03:30:00,3.021
2018-10-23 04:00:00,0.0
2018-10-23 04:30:00,0.0
2018-10-23 05:00:00,0.0
2018-10-23 05:30:00,0.0
2018-10-23 06:00:00,0.0
2018-10-23 06:30:00,0.0
2018-10-23 07:00:00,3.733
2018-10-23 07:30:00,3.733
2018-10-23 08:00:00,0.0
2018-10-23 08:30:00,0.0
2018-10-23 09:00:00,0.0
2018-10-23 09:30:00,0.0
2018-10-23 10:00:00,0.0
2018-10-23 10:30:00,0.0
2018-10-23 11:00:00,0.0
2018-10-23 11:30:00,0.0
2018-10-23 12:00:00,0.0
2018-10-23 12:30:00,5.429
2018-10-23 13:00:00,25.072155555555558
2018-10-23 13:30:00,36.830672222222226
2018-10-23 14:00:00,74.86159451659452
2018-10-23 14:30:00,90.59358172481113
2018-10-23 15:00:00,129.26727181813715
2018-10-23 15:30:00,130.96062053608586
2018-10-23 16:00:00,124.46162053608586
2018-10-23 16:30:00,111.82992053608587
2018-10-23 17:00:00,96.6436538694192
2018-10-23 17:30:00,83.49345783767316
2018-10-23 18:00:00,63.216350694816015
2018-10-23 18:30:00,50.02203640910173
2018-10-23 19:00:00,48.72008085354618
2018-10-23 19:30:00,34.8431434798088
2018-10-23 20:00:00,31.363743479808804
2018-10-23 20:30:00,36.53658590405123
2018-10-23 21:00:00,36.53658590405123
2018-10-23 21:30:00,42.36858590405123
2018-10-23 22:00:00,42.490812624699004
2018-10-23 22:30:00,44.571462624699
2018-10-23 23:00:00,57.232421448228415
2018-10-23 23:30:00,42.43163713450292
2018-10-24 00:00:00,22.624048245614034
2018-10-24 00:30:00,15.328258771929825
2018-10-24 01:00:00,7.024758771929825
2018-10-24 01:30:00,7.024758771929825
2018-10-24 02:00:00,7.024758771929825
2018-10-24 02:30:00,0.630842105263158
2018-10-24 03:00:00,0.630842105263158
2018-10-24 03:30:00,0.630842105263158
2018-10-24 04:00:00,0.630842105263158
2018-10-24 04:30:00,0.630842105263158
2018-10-24 05:00:00,0.630842105263158
2018-10-24 05:30:00,0.630842105263158
2018-10-24 06:00:00,0.630842105263158
2018-10-24 06:30:00,0.630842105263158
2018-10-24 07:00:00,0.630842105263158
2018-10-24 07:30:00,0.0
2018-10-24 08:00:00,0.0
2018-10-24 08:30:00,0.0
2018-10-24 09:00:00,0.0
2018-10-24 09:30:00,0.0
2018-10-24 10:00:00,0.0
2018-10-24 10:30:00,0.0
2018-10-24 11:00:00,0.0
2018-10-24 11:30:00,0.0
2018-10-24 12:00:00,0.0
2018-10-24 12:30:00,6.871845777777777
2018-10-24 13:00:00,30.982653160818714
2018-10-24 13:30:00,58.633976507518796
2018-10-24 14:00:00,97.42858653529657
2018-10-24 14:30:00,133.91980916550435
2018-10-24 15:00:00,153.4519756992345
2018-10-24 15:30:00,148.7920662547901
2018-10-24 16:00:00,121.99462867145674
2018-10-24 16:30:00,110.11622019923452
2018-10-24 17:00:00,95.09617210399642
2018-10-24 17:30:00,85.19083877066309
2018-10-24 18:00:00,73.67655543732975
2018-10-24 18:30:00,75.00446472304404
2018-10-24 19:00:00,59.46995979248849
2018-10-24 19:30:00,59.79724898296468
2018-10-24 20:00:00,60.34570509407579
2018-10-24 20:30:00,60.64703842740912
2018-10-24 21:00:00,60.68226919663989
2018-10-24 21:30:00,58.132175029973226
2018-10-24 22:00:00,34.41616814108434
2018-10-24 22:30:00,29.03532603582118
2018-10-24 23:00:00,23.115726460985393
2018-10-24 23:30:00,25.94911115234342
2018-10-25 00:00:00,20.545994484702092
2018-10-25 00:30:00,12.199236336553945
2018-10-25 01:00:00,9.756403003220612
2018-10-25 01:30:00,7.115789855072464
2018-10-25 02:00:00,5.554833333333333
2018-10-25 02:30:00,5.554833333333333
2018-10-25 03:00:00,2.0513333333333335
2018-10-25 03:30:00,1.449
2018-10-25 04:00:00,1.449
2018-10-25 04:30:00,3.316
2018-10-25 05:00:00,0.0
2018-10-25 05:30:00,0.0
2018-10-25 06:00:00,0.0
2018-10-25 06:30:00,1.6396000000000002
2018-10-25 07:00:00,1.6396000000000002
2018-10-25 07:30:00,1.6396000000000002
2018-10-25 08:00:00,1.6396000000000002
2018-10-25 08:30:00,1.6396000000000002
2018-10-25 09:00:00,1.6396000000000002
2018-10-25 09:30:00,1.6396000000000002
2018-10-25 10:00:00,1.6396000000000002
2018-10-25 10:30:00,1.6396000000000002
2018-10-25 11:00:00,1.6396000000000002
2018-10-25 11:30:00,0.0
2018-10-25 12:00:00,5.2620933333333335
2018-10-25 12:30:00,10.512638787878789
2018-10-25 13:00:00,30.850583055891477
2018-10-25 13:30:00,52.75413543684386
2018-10-25 14:00:00,76.53380851376693
2018-10-25 14:30:00,116.74418391059233
2018-10-25 15:00:00,141.81903860034703
2018-10-25 15:30:00,129.205538600347
2018-10-25 16:00:00,113.12150526701369
2018-10-25 16:30:00,106.0255290765375
2018-10-25 17:00:00,93.77744336225179
2018-10-25 17:30:00,88.21584336225179
2018-10-25 18:00:00,61.99836695532538
2018-10-25 18:30:00,70.08751630597473
2018-10-25 19:00:00,67.93094610395453
2018-10-25 19:30:00,66.93647900993743
2018-10-25 20:00:00,66.93647900993743
2018-10-25 20:30:00,56.195222599681024
2018-10-25 21:00:00,46.83355593301435
2018-10-25 21:30:00,51.61560593301435
2018-10-25 22:00:00,44.07630593301435
2018-10-25 22:30:00,40.72431909090909
2018-10-25 23:00:00,40.37906909090909
2018-10-25 23:30:00,38.171919090909086
2018-10-26 00:00:00,38.171919090909086
2018-10-26 00:30:00,14.92356818181818
2018-10-26 01:00:00,14.92356818181818
2018-10-26 01:30:00,7.016818181818181
2018-10-26 02:00:00,2.991
2018-10-26 02:30:00,2.991
2018-10-26 03:00:00,2.991
2018-10-26 03:30:00,2.991
2018-10-26 04:00:00,5.2412
2018-10-26 04:30:00,5.2412
2018-10-26 05:00:00,5.2412
2018-10-26 05:30:00,5.2412
2018-10-26 06:00:00,5.2412
2018-10-26 06:30:00,0.0
2018-10-26 07:00:00,0.0
2018-10-26 07:30:00,0.0
2018-10-26 08:00:00,0.0
2018-10-26 08:30:00,0.0
2018-10-26 09:00:00,0.0
2018-10-26 09:30:00,0.0
2018-10-26 10:00:00,0.0
2018-10-26 10:30:00,0.0
2018-10-26 11:00:00,0.0
2018-10-26 11:30:00,0.0
2018-10-26 12:00:00,0.0
2018-10-26 12:30:00,8.73525
2018-10-26 13:00:00,11.88525
2018-10-26 13:30:00,17.69175
2018-10-26 14:00:00,25.484166666666667
2018-10-26 14:30:00,33.0095
2018-10-26 15:00:00,41.985109907120744
2018-10-26 15:30:00,44.396393240454074
2018-10-26 16:00:00,47.00589324045408
2018-10-26 16:30:00,42.796893240454075
2018-10-26 17:00:00,50.473559907120745
2018-10-26 17:30:00,37.21422657378741
2018-10-26 18:00:00,29.88297657378741
2018-10-26 18:30:00,28.06177657378741
2018-10-26 19:00:00,42.14244324045408
2018-10-26 19:30:00,33.938193240454076
2018-10-26 20:00:00,27.11852657378741
2018-10-26 20:30:00,15.385591725302561
2018-10-26 21:00:00,16.750791725302562
2018-10-26 21:30:00,19.83719172530256
2018-10-26 22:00:00,19.83719172530256
2018-10-26 22:30:00,24.46019172530256
2018-10-26 23:00:00,26.389525058635893
2018-10-26 23:30:00,28.064030940988836
2018-10-27 00:00:00,24.977630940988835
2018-10-27 00:30:00,17.72831515151515
2018-10-27 01:00:00,11.49231515151515
2018-10-27 01:30:00,11.49231515151515
2018-10-27 02:00:00,6.267799999999999
2018-10-27 02:30:00,6.267799999999999
2018-10-27 03:00:00,6.267799999999999
2018-10-27 03:30:00,6.267799999999999
2018-10-27 04:00:00,6.267799999999999
2018-10-27 04:30:00,0.0
2018-10-27 05:00:00,0.0
2018-10-27 05:30:00,0.0
2018-10-27 06:00:00,0.0
2018-10-27 06:30:00,0.0
2018-10-27 07:00:00,0.0
2018-10-27 07:30:00,0.0
2018-10-27 08:00:00,0.0
2018-10-27 08:30:00,0.0
2018-10-27 09:00:00,0.0
2018-10-27 09:30:00,0.0
2018-10-27 10:00:00,0.0
2018-10-27 10:30:00,0.0
2018-10-27 11:00:00,0.0
2018-10-27 11:30:00,0.0
2018-10-27 12:00:00,0.0
2018-10-27 12:30:00,0.0
2018-10-27 13:00:00,0.0
2018-10-27 13:30:00,0.0
2018-10-27 14:00:00,5.2951999999999995
2018-10-27 14:30:00,8.493533333333334
2018-10-27 15:00:00,8.493533333333334
2018-10-27 15:30:00,8.493533333333334
2018-10-27 16:00:00,8.493533333333334
2018-10-27 16:30:00,3.1983333333333337
2018-10-27 17:00:00,3.1983333333333337
2018-10-27 17:30:00,0.0
2018-10-27 18:00:00,0.0
2018-10-27 18:30:00,0.0
2018-10-27 19:00:00,0.0
2018-10-27 19:30:00,0.0
2018-10-27 20:00:00,0.0
2018-10-27 20:30:00,0.0
2018-10-27 21:00:00,6.35
2018-10-27 21:30:00,6.35
2018-10-27 22:00:00,6.35
2018-10-27 22:30:00,6.35
2018-10-27 23:00:00,5.2540000000000004
2018-10-27 23:30:00,10.879000000000001
2018-10-28 00:00:00,10.879000000000001
2018-10-28 00:30:00,5.2540000000000004
2018-10-28 01:00:00,5.2540000000000004
2018-10-28 01:30:00,5.2540000000000004
2018-10-28 02:00:00,0.0
2018-10-28 02:30:00,0.0
2018-10-28 03:00:00,0.0
2018-10-28 03:30:00,0.0
2018-10-28 04:00:00,0.0
2018-10-28 04:30:00,0.0
2018-10-28 05:00:00,0.0
2018-10-28 05:30:00,0.0
2018-10-28 06:00:00,0.0
2018-10-28 06:30:00,0.0
2018-10-28 07:00:00,0.0
2018-10-28 07:30:00,0.0
2018-10-28 08:00:00,0.0
2018-10-28 08:30:00,0.0
2018-10-28 09:00:00,0.0
2018-10-28 09:30:00,0.0
2018-10-28 10:00:00,0.0
2018-10-28 10:30:00,0.0
2018-10-28 11:00:00,0.0
2018-10-28 11:30:00,0.0
2018-10-28 12:00:00,0.0
2018-10-28 12:30:00,0.0
2018-10-28 13:00:00,0.0
2018-10-28 13:30:00,0.0
2018-10-28 14:00:00,0.0
2018-10-28 14:30:00,0.0
2018-10-28 15:00:00,0.0
2018-10-28 15:30:00,0.0
2018-10-28 16:00:00,0.0
2018-10-28 16:30:00,5.5215
2018-10-28 17:00:00,5.5215
2018-10-28 17:30:00,5.5215
2018-10-28 18:00:00,13.0735
2018-10-28 18:30:00,0.0
2018-10-28 19:00:00,3.1585454545454543
2018-10-28 19:30:00,3.1585454545454543
2018-10-28 20:00:00,3.1585454545454543
2018-10-28 20:30:00,10.148545454545454
2018-10-28 21:00:00,14.495795454545453
2018-10-28 21:30:00,14.495795454545453
2018-10-28 22:00:00,7.505795454545455
2018-10-28 22:30:00,7.505795454545455
2018-10-28 23:00:00,7.505795454545455
2018-10-28 23:30:00,7.505795454545455
2018-10-29 00:00:00,7.505795454545455
2018-10-29 00:30:00,4.34725
2018-10-29 01:00:00,0.0
2018-10-29 01:30:00,0.0
2018-10-29 02:00:00,0.0
2018-10-29 02:30:00,0.0
2018-10-29 03:00:00,0.0
2018-10-29 03:30:00,0.0
2018-10-29 04:00:00,0.0
2018-10-29 04:30:00,0.0
2018-10-29 05:00:00,0.0
2018-10-29 05:30:00,0.0
2018-10-29 06:00:00,0.0
2018-10-29 06:30:00,0.0
2018-10-29 07:00:00,0.0
2018-10-29 07:30:00,0.0
2018-10-29 08:00:00,0.0
2018-10-29 08:30:00,0.0
2018-10-29 09:00:00,0.0
2018-10-29 09:30:00,0.0
2018-10-29 10:00:00,0.0
2018-10-29 10:30:00,0.0
2018-10-29 11:00:00,0.0
2018-10-29 11:30:00,0.0
2018-10-29 12:00:00,3.800333333333333
2018-10-29 12:30:00,9.511166666666666
2018-10-29 13:00:00,24.712609313131313
2018-10-29 13:30:00,52.10637237229437
2018-10-29 14:00:00,82.70286262984384
2018-10-29 14:30:00,117.6589707658255
2018-10-29 15:00:00,139.74619252213938
2018-10-29 15:30:00,137.0455258554727
2018-10-29 16:00:00,131.56525918880604
2018-10-29 16:30:00,131.56525918880604
2018-10-29 17:00:00,116.6053385538854
2018-10-29 17:30:00,109.76924768086953
2018-10-29 18:00:00,96.22368634753619
2018-10-29 18:30:00,86.50488836773822
2018-10-29 19:00:00,89.49643003440488
2018-10-29 19:30:00,86.71144821622306
2018-10-29 20:00:00,85.36095730713215
2018-10-29 20:30:00,80.56538038405523
2018-10-29 21:00:00,78.78438038405523
2018-10-29 21:30:00,66.1184658541407
2018-10-29 22:00:00,62.36597061604546
2018-10-29 22:30:00,50.29352061604546
2018-10-29 23:00:00,51.35216767486899
2018-10-29 23:30:00,41.27246592048302
2018-10-30 00:00:00,33.97446592048303
2018-10-30 00:30:00,13.257372619047619
2018-10-30 01:00:00,11.832825
2018-10-30 01:30:00,11.832825
2018-10-30 02:00:00,11.832825
2018-10-30 02:30:00,11.832825
2018-10-30 03:00:00,3.2672
2018-10-30 03:30:00,0.0
2018-10-30 04:00:00,0.0
2018-10-30 04:30:00,0.0
2018-10-30 05:00:00,0.0
2018-10-30 05:30:00,0.0
2018-10-30 06:00:00,0.0
2018-10-30 06:30:00,0.0
2018-10-30 07:00:00,7.8856
2018-10-30 07:30:00,7.8856
2018-10-30 08:00:00,7.8856
2018-10-30 08:30:00,5.2936
2018-10-30 09:00:00,5.2936
2018-10-30 09:30:00,0.0
2018-10-30 10:00:00,0.0
2018-10-30 10:30:00,0.0
2018-10-30 11:00:00,0.0
2018-10-30 11:30:00,0.0
2018-10-30 12:00:00,0.0
2018-10-30 12:30:00,5.4585
2018-10-30 13:00:00,16.24733725490196
2018-10-30 13:30:00,25.506856560457514
2018-10-30 14:00:00,41.650113244949495
2018-10-30 14:30:00,83.32237991161617
2018-10-30 15:00:00,123.90624812590187
2018-10-30 15:30:00,126.02161630772005
2018-10-30 16:00:00,123.53900047438673
2018-10-30 16:30:00,109.49796362253487
2018-10-30 17:00:00,104.64590528920154
2018-10-30 17:30:00,77.9747204407167
2018-10-30 18:00:00,78.09708456529582
2018-10-30 18:30:00,69.43328694624819
2018-10-30 19:00:00,61.51947639069264
2018-10-30 19:30:00,69.83270703463204
2018-10-30 20:00:00,51.28704036796537
2018-10-30 20:30:00,35.891107034632036
2018-10-30 21:00:00,24.292622186147184
2018-10-30 21:30:00,23.90145159791189
2018-10-30 22:00:00,20.547737312197604
2018-10-30 22:30:00,17.3708579004329
2018-10-30 23:00:00,17.145742748917748
2018-10-30 23:30:00,16.607265476190477
2018-10-31 00:00:00,9.862865476190477
2018-10-31 00:30:00,7.699532142857143
2018-10-31 01:00:00,5.818657142857143
2018-10-31 01:30:00,10.954
2018-10-31 02:00:00,10.954
2018-10-31 02:30:00,0.0
2018-10-31 03:00:00,0.0
2018-10-31 03:30:00,0.0
2018-10-31 04:00:00,0.0
2018-10-31 04:30:00,0.0
2018-10-31 05:00:00,0.0
2018-10-31 05:30:00,0.0
2018-10-31 06:00:00,0.0
2018-10-31 06:30:00,0.0
2018-10-31 07:00:00,0.0
2018-10-31 07:30:00,0.0
2018-10-31 08:00:00,0.0
2018-10-31 08:30:00,0.0
2018-10-31 09:00:00,0.0
2018-10-31 09:30:00,0.0
2018-10-31 10:00:00,0.0
2018-10-31 10:30:00,0.0
2018-10-31 11:00:00,0.0
2018-10-31 11:30:00,0.0
2018-10-31 12:00:00,2.588
2018-10-31 12:30:00,7.96925
2018-10-31 13:00:00,21.765746336996337
2018-10-31 13:30:00,47.95999109311741
2018-10-31 14:00:00,66.39355472948104
2018-10-31 14:30:00,122.87309493415941
2018-10-31 15:00:00,142.51658499263894
2018-10-31 15:30:00,131.3082516593056
2018-10-31 16:00:00,120.4478516593056
2018-10-31 16:30:00,104.92060404025798
2018-10-31 17:00:00,94.23973737359132
2018-10-31 17:30:00,85.80860404025799
2018-10-31 18:00:00,67.28493737359132
2018-10-31 18:30:00,64.18868737359132
2018-10-31 19:00:00,55.681242929146876
2018-10-31 19:30:00,46.83151946372341
2018-10-31 20:00:00,51.017263053467
2018-10-31 20:30:00,38.90072733918129
2018-10-31 21:00:00,35.79072733918129
2018-10-31 21:30:00,28.775810672514623
2018-10-31 22:00:00,33.70881067251462
2018-10-31 22:30:00,31.15993567251462
2018-10-31 23:00:00,29.763383040935672
2018-10-31 23:30:00,34.97043859649123
2018-11-01 00:00:00,10.991412280701754
2018-11-01 00:30:00,12.279833333333332
2018-11-01 01:00:00,6.0005
2018-11-01 01:30:00,2.9715
2018-11-01 02:00:00,0.0
2018-11-01 02:30:00,0.0
2018-11-01 03:00:00,0.0
2018-11-01 03:30:00,0.0
2018-11-01 04:00:00,0.0
2018-11-01 04:30:00,0.0
2018-11-01 05:00:00,0.0
2018-11-01 05:30:00,0.0
2018-11-01 06:00:00,0.0
2018-11-01 06:30:00,0.0
2018-11-01 07:00:00,0.0
2018-11-01 07:30:00,0.0
2018-11-01 08:00:00,0.0
2018-11-01 08:30:00,0.0
2018-11-01 09:00:00,0.0
2018-11-01 09:30:00,0.0
2018-11-01 10:00:00,0.0
2018-11-01 10:30:00,0.0
2018-11-01 11:00:00,0.0
2018-11-01 11:30:00,0.0
2018-11-01 12:00:00,0.0
2018-11-01 12:30:00,12.118083333333333
2018-11-01 13:00:00,23.293532828282828
2018-11-01 13:30:00,35.784971811521814
2018-11-01 14:00:00,66.4541927388401
2018-11-01 14:30:00,92.94141120166384
2018-11-01 15:00:00,114.03164325294588
2018-11-01 15:30:00,137.5521341620368
2018-11-01 16:00:00,122.60626749537013
2018-11-01 16:30:00,107.67051749537012
2018-11-01 17:00:00,101.06351749537012
2018-11-01 17:30:00,78.63116193981458
2018-11-01 18:00:00,47.60511511441774
2018-11-01 18:30:00,39.118221175023805
2018-11-01 19:00:00,35.499959053811686
2018-11-01 19:30:00,40.01062572047835
2018-11-01 20:00:00,36.13007187432451
2018-11-01 20:30:00,35.09864330289594
2018-11-01 21:00:00,19.28840953666217
2018-11-01 21:30:00,14.527494152046785
2018-11-01 22:00:00,13.453494152046783
2018-11-01 22:30:00,13.453494152046783
2018-11-01 23:00:00,17.981827485380116
2018-11-01 23:30:00,24.059010526315788
2018-11-02 00:00:00,21.91146666666667
2018-11-02 00:30:00,21.91146666666667
2018-11-02 01:00:00,15.633133333333333
2018-11-02 01:30:00,15.633133333333333
2018-11-02 02:00:00,3.333
2018-11-02 02:30:00,0.0
2018-11-02 03:00:00,0.0
2018-11-02 03:30:00,0.0
2018-11-02 04:00:00,0.0
2018-11-02 04:30:00,0.0
2018-11-02 05:00:00,0.0
2018-11-02 05:30:00,0.0
2018-11-02 06:00:00,0.0
2018-11-02 06:30:00,0.0
2018-11-02 07:00:00,0.0
2018-11-02 07:30:00,0.0
2018-11-02 08:00:00,0.0
2018-11-02 08:30:00,0.0
2018-11-02 09:00:00,0.0
2018-11-02 09:30:00,0.0
2018-11-02 10:00:00,0.0
2018-11-02 10:30:00,0.0
2018-11-02 11:00:00,0.0
2018-11-02 11:30:00,0.0
2018-11-02 12:00:00,0.0
2018-11-02 12:30:00,2.3944
2018-11-02 13:00:00,21.83731568627451
2018-11-02 13:30:00,42.806465258924085
2018-11-02 14:00:00,73.88261763987646
2018-11-02 14:30:00,102.0088562762401
2018-11-02 15:00:00,113.88789222917605
2018-11-02 15:30:00,125.00657815991198
2018-11-02 16:00:00,114.81874482657865
2018-11-02 16:30:00,103.62397815991199
2018-11-02 17:00:00,88.31064482657865
2018-11-02 17:30:00,71.4470257789596
2018-11-02 18:00:00,59.59549244562627
2018-11-02 18:30:00,77.00275276308659
2018-11-02 19:00:00,78.03699085832469
2018-11-02 19:30:00,70.01562974721357
2018-11-02 20:00:00,68.11089431597814
2018-11-02 20:30:00,60.155251891735716
2018-11-02 21:00:00,53.66017916446299
2018-11-02 21:30:00,38.11954296536796
2018-11-02 22:00:00,44.66704296536797
2018-11-02 22:30:00,25.77012828282828
2018-11-02 23:00:00,7.874106060606061
2018-11-02 23:30:00,7.874106060606061
2018-11-03 00:00:00,4.812022727272727
2018-11-03 00:30:00,7.810022727272727
2018-11-03 01:00:00,7.810022727272727
2018-11-03 01:30:00,7.276022727272727
2018-11-03 02:00:00,7.276022727272727
2018-11-03 02:30:00,3.40575
2018-11-03 03:00:00,3.40575
2018-11-03 03:30:00,3.40575
2018-11-03 04:00:00,0.0
2018-11-03 04:30:00,0.0
2018-11-03 05:00:00,0.0
2018-11-03 05:30:00,0.0
2018-11-03 06:00:00,0.0
2018-11-03 06:30:00,0.0
2018-11-03 07:00:00,0.0
2018-11-03 07:30:00,0.0
2018-11-03 08:00:00,0.0
2018-11-03 08:30:00,0.0
2018-11-03 09:00:00,0.0
2018-11-03 09:30:00,0.0
2018-11-03 10:00:00,0.0
2018-11-03 10:30:00,0.0
2018-11-03 11:00:00,0.0
2018-11-03 11:30:00,0.0
2018-11-03 12:00:00,0.0
2018-11-03 12:30:00,0.0
2018-11-03 13:00:00,2.91
2018-11-03 13:30:00,2.91
2018-11-03 14:00:00,2.91
2018-11-03 14:30:00,2.91
2018-11-03 15:00:00,3.0953333333333335
2018-11-03 15:30:00,3.0953333333333335
2018-11-03 16:00:00,3.0953333333333335
2018-11-03 16:30:00,3.0953333333333335
2018-11-03 17:00:00,0.18533333333333332
2018-11-03 17:30:00,0.18533333333333332
2018-11-03 18:00:00,0.18533333333333332
2018-11-03 18:30:00,0.18533333333333332
2018-11-03 19:00:00,0.18533333333333332
2018-11-03 19:30:00,0.0
2018-11-03 20:00:00,0.0
2018-11-03 20:30:00,0.0
2018-11-03 21:00:00,1.506
2018-11-03 21:30:00,0.0
2018-11-03 22:00:00,0.0
2018-11-03 22:30:00,0.0
2018-11-03 23:00:00,0.0
2018-11-03 23:30:00,0.0
2018-11-04 00:00:00,0.0
2018-11-04 00:30:00,0.0
2018-11-04 01:00:00,0.0
2018-11-04 01:30:00,0.0
2018-11-04 02:00:00,0.0
2018-11-04 02:30:00,0.0
2018-11-04 03:00:00,0.0
2018-11-04 03:30:00,0.0
2018-11-04 04:00:00,0.0
2018-11-04 04:30:00,0.0
2018-11-04 05:00:00,0.0
2018-11-04 05:30:00,0.0
2018-11-04 06:00:00,0.0
2018-11-04 06:30:00,0.0
2018-11-04 07:00:00,0.0
2018-11-04 07:30:00,0.0
2018-11-04 08:00:00,0.0
2018-11-04 08:30:00,0.0
2018-11-04 09:00:00,0.0
2018-11-04 09:30:00,0.0
2018-11-04 10:00:00,0.0
2018-11-04 10:30:00,0.0
2018-11-04 11:00:00,0.0
2018-11-04 11:30:00,0.0
2018-11-04 12:00:00,0.0
2018-11-04 12:30:00,0.0
2018-11-04 13:00:00,0.0
2018-11-04 13:30:00,0.0
2018-11-04 14:00:00,0.0
2018-11-04 14:30:00,0.0
2018-11-04 15:00:00,0.0
2018-11-04 15:30:00,0.0
2018-11-04 16:00:00,0.0
2018-11-04 16:30:00,0.0
2018-11-04 17:00:00,0.0
2018-11-04 17:30:00,0.0
2018-11-04 18:00:00,0.0
2018-11-04 18:30:00,1.52
2018-11-04 19:00:00,0.0
2018-11-04 19:30:00,2.698
2018-11-04 20:00:00,2.698
2018-11-04 20:30:00,2.698
2018-11-04 21:00:00,2.698
2018-11-04 21:30:00,0.0
2018-11-04 22:00:00,0.0
2018-11-04 22:30:00,0.0
2018-11-04 23:00:00,0.0
2018-11-04 23:30:00,0.0
2018-11-05 00:00:00,0.0
2018-11-05 00:30:00,0.0
2018-11-05 01:00:00,0.0
2018-11-05 01:30:00,0.0
2018-11-05 02:00:00,0.0
2018-11-05 02:30:00,0.0
2018-11-05 03:00:00,0.0
2018-11-05 03:30:00,0.0
2018-11-05 04:00:00,0.0
2018-11-05 04:30:00,0.0
2018-11-05 05:00:00,0.0
2018-11-05 05:30:00,0.0
2018-11-05 06:00:00,0.0
2018-11-05 06:30:00,0.0
2018-11-05 07:00:00,0.0
2018-11-05 07:30:00,0.0
2018-11-05 08:00:00,0.0
2018-11-05 08:30:00,0.0
2018-11-05 09:00:00,0.0
2018-11-05 09:30:00,0.0
2018-11-05 10:00:00,0.0
2018-11-05 10:30:00,0.0
2018-11-05 11:00:00,0.0
2018-11-05 11:30:00,0.0
2018-11-05 12:00:00,0.0
2018-11-05 12:30:00,0.0
2018-11-05 13:00:00,0.0
2018-11-05 13:30:00,17.525797888386123
2018-11-05 14:00:00,37.67614384798208
2018-11-05 14:30:00,53.75996419430243
2018-11-05 15:00:00,75.71203217538739
2018-11-05 15:30:00,113.66263795029704
2018-11-05 16:00:00,127.93834971500291
2018-11-05 16:30:00,130.4352163816696
2018-11-05 17:00:00,124.65688304833625
2018-11-05 17:30:00,121.74368304833625
2018-11-05 18:00:00,117.17463542928863
2018-11-05 18:30:00,105.13985765151085
2018-11-05 19:00:00,100.68814336579658
2018-11-05 19:30:00,95.12832518397839
2018-11-05 20:00:00,100.12241828532149
2018-11-05 20:30:00,90.78125161865482
2018-11-05 21:00:00,86.68961525501845
2018-11-05 21:30:00,77.32919730630051
2018-11-05 22:00:00,70.05355711022207
2018-11-05 22:30:00,71.02915711022209
2018-11-05 23:00:00,69.63395711022208
2018-11-05 23:30:00,61.663557852519
2018-11-06 00:00:00,56.467631381930765
2018-11-06 00:30:00,49.26342663476874
2018-11-06 01:00:00,38.450642424242425
2018-11-06 01:30:00,28.2043696969697
2018-11-06 02:00:00,6.250500000000001
2018-11-06 02:30:00,6.250500000000001
2018-11-06 03:00:00,3.25
2018-11-06 03:30:00,0.0
2018-11-06 04:00:00,0.0
2018-11-06 04:30:00,0.0
2018-11-06 05:00:00,0.0
2018-11-06 05:30:00,0.0
2018-11-06 06:00:00,0.0
2018-11-06 06:30:00,2.686666666666667
2018-11-06 07:00:00,2.686666666666667
2018-11-06 07:30:00,2.686666666666667
2018-11-06 08:00:00,0.0
2018-11-06 08:30:00,0.0
2018-11-06 09:00:00,0.0
2018-11-06 09:30:00,0.0
2018-11-06 10:00:00,0.0
2018-11-06 10:30:00,0.0
2018-11-06 11:00:00,0.0
2018-11-06 11:30:00,0.0
2018-11-06 12:00:00,0.0
2018-11-06 12:30:00,0.0
2018-11-06 13:00:00,0.0
2018-11-06 13:30:00,14.151487373737375
2018-11-06 14:00:00,29.80072070707071
2018-11-06 14:30:00,59.69987943722944
2018-11-06 15:00:00,81.4376177830941
2018-11-06 15:30:00,105.96333958760538
2018-11-06 16:00:00,133.03818665720246
2018-11-06 16:30:00,126.66778665720246
2018-11-06 17:00:00,117.06445332386912
2018-11-06 17:30:00,100.94516999053579
2018-11-06 18:00:00,89.12990014926594
2018-11-06 18:30:00,75.06354776831355
2018-11-06 19:00:00,45.85521198187777
2018-11-06 19:30:00,40.37621198187777
2018-11-06 20:00:00,26.992795315211104
2018-11-06 20:30:00,35.68379531521111
2018-11-06 21:00:00,26.955195315211103
2018-11-06 21:30:00,29.400395315211107
2018-11-06 22:00:00,34.95972864854444
2018-11-06 22:30:00,31.29583634085213
2018-11-06 23:00:00,32.4192649122807
2018-11-06 23:30:00,26.719931578947367
2018-11-07 00:00:00,20.48938157894737
2018-11-07 00:30:00,10.008662280701754
2018-11-07 01:00:00,2.23825
2018-11-07 01:30:00,2.23825
2018-11-07 02:00:00,2.23825
2018-11-07 02:30:00,2.23825
2018-11-07 03:00:00,6.43575
2018-11-07 03:30:00,5.23175
2018-11-07 04:00:00,2.9935
2018-11-07 04:30:00,2.9935
2018-11-07 05:00:00,0.0
2018-11-07 05:30:00,0.0
2018-11-07 06:00:00,6.655
2018-11-07 06:30:00,6.655
2018-11-07 07:00:00,0.0
2018-11-07 07:30:00,0.0
2018-11-07 08:00:00,0.0
2018-11-07 08:30:00,0.0
2018-11-07 09:00:00,0.0
2018-11-07 09:30:00,0.0
2018-11-07 10:00:00,0.0
2018-11-07 10:30:00,0.0
2018-11-07 11:00:00,0.0
2018-11-07 11:30:00,0.0
2018-11-07 12:00:00,0.0
2018-11-07 12:30:00,0.0
2018-11-07 13:00:00,0.0
2018-11-07 13:30:00,8.879454751131222
2018-11-07 14:00:00,26.07430237017884
2018-11-07 14:30:00,55.94679560326155
2018-11-07 15:00:00,100.60078238840623
2018-11-07 15:30:00,126.17485843882639
2018-11-07 16:00:00,142.23239873186668
2018-11-07 16:30:00,138.65032730329526
2018-11-07 17:00:00,132.35299396996191
2018-11-07 17:30:00,107.09661301758098
2018-11-07 18:00:00,92.65035587472383
2018-11-07 18:30:00,84.52859396996193
2018-11-07 19:00:00,81.09257968424764
2018-11-07 19:30:00,61.03722492234288
2018-11-07 20:00:00,62.28256008717804
2018-11-07 20:30:00,50.90401766293562
2018-11-07 21:00:00,56.07281766293562
2018-11-07 21:30:00,51.68296052007848
2018-11-07 22:00:00,43.46864679458828
2018-11-07 22:30:00,37.55908269202418
2018-11-07 23:00:00,30.104344596786085
2018-11-07 23:30:00,23.91763983488132
2018-11-08 00:00:00,21.78789912280702
2018-11-08 00:30:00,14.762916666666667
2018-11-08 01:00:00,18.339583333333334
2018-11-08 01:30:00,21.777916666666666
2018-11-08 02:00:00,15.292583333333333
2018-11-08 02:30:00,8.548583333333333
2018-11-08 03:00:00,8.548583333333333
2018-11-08 03:30:00,8.548583333333333
2018-11-08 04:00:00,0.0
2018-11-08 04:30:00,0.0
2018-11-08 05:00:00,2.928
2018-11-08 05:30:00,2.928
2018-11-08 06:00:00,2.928
2018-11-08 06:30:00,2.928
2018-11-08 07:00:00,0.0
2018-11-08 07:30:00,0.0
2018-11-08 08:00:00,0.0
2018-11-08 08:30:00,0.0
2018-11-08 09:00:00,0.0
2018-11-08 09:30:00,0.0
2018-11-08 10:00:00,0.0
2018-11-08 10:30:00,0.0
2018-11-08 11:00:00,0.0
2018-11-08 11:30:00,0.0
2018-11-08 12:00:00,0.0
2018-11-08 12:30:00,0.0
2018-11-08 13:00:00,0.0
2018-11-08 13:30:00,5.95725
2018-11-08 14:00:00,28.49840224089636
2018-11-08 14:30:00,45.81445527119939
2018-11-08 15:00:00,69.89059416008828
2018-11-08 15:30:00,115.28499012360189
2018-11-08 16:00:00,138.36580917122095
2018-11-08 16:30:00,131.96674250455428
2018-11-08 17:00:00,123.14174250455427
2018-11-08 17:30:00,110.74439726645903
2018-11-08 18:00:00,82.32684726645903
2018-11-08 18:30:00,71.23389726645902
2018-11-08 19:00:00,64.90134250455426
2018-11-08 19:30:00,54.92504171090347
2018-11-08 20:00:00,43.272294236156
2018-11-08 20:30:00,42.388127569489335
2018-11-08 21:00:00,37.42769899806076
2018-11-08 21:30:00,31.488032331394095
2018-11-08 22:00:00,12.571483613445379
2018-11-08 22:30:00,23.372138515406164
2018-11-08 23:00:00,23.264938515406165
2018-11-08 23:30:00,20.02468851540616
2018-11-09 00:00:00,23.39592380952381
2018-11-09 00:30:00,31.47909047619048
2018-11-09 01:00:00,24.858090476190476
2018-11-09 01:30:00,18.59192380952381
2018-11-09 02:00:00,9.435257142857143
2018-11-09 02:30:00,6.0014
2018-11-09 03:00:00,6.0014
2018-11-09 03:30:00,0.0
2018-11-09 04:00:00,0.0
2018-11-09 04:30:00,0.0
2018-11-09 05:00:00,0.0
2018-11-09 05:30:00,0.0
2018-11-09 06:00:00,0.0
2018-11-09 06:30:00,0.0
2018-11-09 07:00:00,0.0
2018-11-09 07:30:00,0.0
2018-11-09 08:00:00,0.0
2018-11-09 08:30:00,0.0
2018-11-09 09:00:00,0.0
2018-11-09 09:30:00,0.0
2018-11-09 10:00:00,0.0
2018-11-09 10:30:00,0.0
2018-11-09 11:00:00,0.0
2018-11-09 11:30:00,0.0
2018-11-09 12:00:00,0.0
2018-11-09 12:30:00,0.0
2018-11-09 13:00:00,0.0
2018-11-09 13:30:00,0.0
2018-11-09 14:00:00,8.56875
2018-11-09 14:30:00,20.36252380952381
2018-11-09 15:00:00,24.34466666666667
2018-11-09 15:30:00,41.13703632478632
2018-11-09 16:00:00,36.258369658119655
2018-11-09 16:30:00,42.27836965811966
2018-11-09 17:00:00,54.69283632478633
2018-11-09 17:30:00,40.717836324786326
2018-11-09 18:00:00,36.342229181929184
2018-11-09 18:30:00,32.83407442002442
2018-11-09 19:00:00,30.05107442002442
2018-11-09 19:30:00,30.76427442002442
2018-11-09 20:00:00,27.18638553113553
2018-11-09 20:30:00,36.06638553113553
2018-11-09 21:00:00,35.726185531135535
2018-11-09 21:30:00,25.774935531135533
2018-11-09 22:00:00,33.980370995670995
2018-11-09 22:30:00,30.800370995670995
2018-11-09 23:00:00,30.800370995670995
2018-11-09 23:30:00,35.014370995670994
2018-11-10 00:00:00,34.116585281385284
2018-11-10 00:30:00,25.337685281385284
2018-11-10 01:00:00,28.022185281385283
2018-11-10 01:30:00,21.91475670995671
2018-11-10 02:00:00,16.37595670995671
2018-11-10 02:30:00,14.43645670995671
2018-11-10 03:00:00,11.75195670995671
2018-11-10 03:30:00,0.10675
2018-11-10 04:00:00,0.10675
2018-11-10 04:30:00,0.10675
2018-11-10 05:00:00,0.10675
2018-11-10 05:30:00,0.0
2018-11-10 06:00:00,0.0
2018-11-10 06:30:00,0.0
2018-11-10 07:00:00,0.0
2018-11-10 07:30:00,0.0
2018-11-10 08:00:00,0.0
2018-11-10 08:30:00,0.0
2018-11-10 09:00:00,0.0
2018-11-10 09:30:00,0.0
2018-11-10 10:00:00,0.0
2018-11-10 10:30:00,0.0
2018-11-10 11:00:00,0.0
2018-11-10 11:30:00,0.0
2018-11-10 12:00:00,0.0
2018-11-10 12:30:00,0.0
2018-11-10 13:00:00,0.0
2018-11-10 13:30:00,0.0
2018-11-10 14:00:00,0.0
2018-11-10 14:30:00,0.0
2018-11-10 15:00:00,0.0
2018-11-10 15:30:00,0.0
2018-11-10 16:00:00,0.0
2018-11-10 16:30:00,0.0
2018-11-10 17:00:00,0.0
2018-11-10 17:30:00,0.0
2018-11-10 18:00:00,0.0
2018-11-10 18:30:00,0.0
2018-11-10 19:00:00,0.0
2018-11-10 19:30:00,0.0
2018-11-10 20:00:00,3.3016666666666663
2018-11-10 20:30:00,3.3016666666666663
2018-11-10 21:00:00,3.3016666666666663
2018-11-10 21:30:00,3.3016666666666663
2018-11-10 22:00:00,3.3016666666666663
2018-11-10 22:30:00,3.3016666666666663
2018-11-10 23:00:00,0.0
2018-11-10 23:30:00,0.0
2018-11-11 00:00:00,0.0
2018-11-11 00:30:00,0.0
2018-11-11 01:00:00,0.0
2018-11-11 01:30:00,0.0
2018-11-11 02:00:00,0.0
2018-11-11 02:30:00,0.0
2018-11-11 03:00:00,0.0
2018-11-11 03:30:00,0.0
2018-11-11 04:00:00,0.0
2018-11-11 04:30:00,0.0
2018-11-11 05:00:00,0.0
2018-11-11 05:30:00,0.0
2018-11-11 06:00:00,0.0
2018-11-11 06:30:00,0.0
2018-11-11 07:00:00,0.0
2018-11-11 07:30:00,0.0
2018-11-11 08:00:00,0.0
2018-11-11 08:30:00,0.0
2018-11-11 09:00:00,0.0
2018-11-11 09:30:00,0.0
2018-11-11 10:00:00,0.0
2018-11-11 10:30:00,0.0
2018-11-11 11:00:00,0.0
2018-11-11 11:30:00,0.0
2018-11-11 12:00:00,0.0
2018-11-11 12:30:00,0.0
2018-11-11 13:00:00,0.0
2018-11-11 13:30:00,0.0
2018-11-11 14:00:00,0.0
2018-11-11 14:30:00,0.0
2018-11-11 15:00:00,0.0
2018-11-11 15:30:00,0.0
2018-11-11 16:00:00,0.0
2018-11-11 16:30:00,0.0
2018-11-11 17:00:00,0.0
2018-11-11 17:30:00,0.0
2018-11-11 18:00:00,0.0
2018-11-11 18:30:00,0.0
2018-11-11 19:00:00,0.0
2018-11-11 19:30:00,0.0
2018-11-11 20:00:00,5.7356
2018-11-11 20:30:00,5.7356
2018-11-11 21:00:00,5.7356
2018-11-11 21:30:00,5.7356
2018-11-11 22:00:00,5.7356
2018-11-11 22:30:00,0.0
2018-11-11 23:00:00,0.0
2018-11-11 23:30:00,0.0
2018-11-12 00:00:00,0.0
2018-11-12 00:30:00,0.0
2018-11-12 01:00:00,0.0
2018-11-12 01:30:00,0.0
2018-11-12 02:00:00,0.0
2018-11-12 02:30:00,0.0
2018-11-12 03:00:00,0.0
2018-11-12 03:30:00,0.0
2018-11-12 04:00:00,0.0
2018-11-12 04:30:00,0.0
2018-11-12 05:00:00,0.0
2018-11-12 05:30:00,0.0
2018-11-12 06:00:00,0.0
2018-11-12 06:30:00,0.0
2018-11-12 07:00:00,0.0
2018-11-12 07:30:00,0.0
2018-11-12 08:00:00,0.0
2018-11-12 08:30:00,0.0
2018-11-12 09:00:00,0.0
2018-11-12 09:30:00,0.0
2018-11-12 10:00:00,0.0
2018-11-12 10:30:00,0.0
2018-11-12 11:00:00,0.0
2018-11-12 11:30:00,0.0
2018-11-12 12:00:00,0.0
2018-11-12 12:30:00,0.0
2018-11-12 13:00:00,0.0
2018-11-12 13:30:00,3.7018461538461542
2018-11-12 14:00:00,27.219385531135533
2018-11-12 14:30:00,44.96234900599916
2018-11-12 15:00:00,87.96345285215301
2018-11-12 15:30:00,117.6383897485899
2018-11-12 16:00:00,146.8042885581137
2018-11-12 16:30:00,141.23145522478038
2018-11-12 17:00:00,133.0974552247804
2018-11-12 17:30:00,111.37278379620895
2018-11-12 18:00:00,99.32749679987195
2018-11-12 18:30:00,96.91158013320529
2018-11-12 19:00:00,85.162115847491
2018-11-12 19:30:00,85.85075870463386
2018-11-12 20:00:00,68.3293125507877
2018-11-12 20:30:00,68.6493779354031
2018-11-12 21:00:00,63.144014299039455
2018-11-12 21:30:00,61.37119378621894
2018-11-12 22:00:00,55.96350147852663
2018-11-12 22:30:00,52.12380147852663
2018-11-12 23:00:00,51.90882108636977
2018-11-12 23:30:00,49.247321086369766
2018-11-13 00:00:00,31.115498717948718
2018-11-13 00:30:00,23.4468
2018-11-13 01:00:00,14.809
2018-11-13 01:30:00,3.374
2018-11-13 02:00:00,3.374
2018-11-13 02:30:00,3.374
2018-11-13 03:00:00,3.1333333333333333
2018-11-13 03:30:00,3.1333333333333333
2018-11-13 04:00:00,3.1333333333333333
2018-11-13 04:30:00,0.0
2018-11-13 05:00:00,0.0
2018-11-13 05:30:00,0.0
2018-11-13 06:00:00,0.0
2018-11-13 06:30:00,0.0
2018-11-13 07:00:00,0.0
2018-11-13 07:30:00,0.0
2018-11-13 08:00:00,0.0
2018-11-13 08:30:00,0.0
2018-11-13 09:00:00,0.0
2018-11-13 09:30:00,0.0
2018-11-13 10:00:00,0.0
2018-11-13 10:30:00,0.0
2018-11-13 11:00:00,0.0
2018-11-13 11:30:00,0.0
2018-11-13 12:00:00,0.0
2018-11-13 12:30:00,0.0
2018-11-13 13:00:00,0.0
2018-11-13 13:30:00,8.152795454545455
2018-11-13 14:00:00,20.776611363636363
2018-11-13 14:30:00,36.118622474747475
2018-11-13 15:00:00,73.02510214507714
2018-11-13 15:30:00,109.77235970810236
2018-11-13 16:00:00,137.1613248596175
2018-11-13 16:30:00,130.2982248596175
2018-11-13 17:00:00,122.6294248596175
2018-11-13 17:30:00,92.14040819295084
2018-11-13 18:00:00,83.65880819295084
2018-11-13 18:30:00,76.78446533580798
2018-11-13 19:00:00,45.75724924634189
2018-11-13 19:30:00,28.48102262296527
2018-11-13 20:00:00,27.666222622965268
2018-11-13 20:30:00,39.10722262296527
2018-11-13 21:00:00,37.647222622965266
2018-11-13 21:30:00,30.710425420168068
2018-11-13 22:00:00,25.278928991596636
2018-11-13 22:30:00,30.03692899159664
2018-11-13 23:00:00,29.258214705882352
2018-11-13 23:30:00,35.77604803921569
2018-11-14 00:00:00,31.999366666666667
2018-11-14 00:30:00,29.274566666666665
2018-11-14 01:00:00,29.274566666666665
2018-11-14 01:30:00,14.026233333333334
2018-11-14 02:00:00,14.026233333333334
2018-11-14 02:30:00,7.4799
2018-11-14 03:00:00,2.9475
2018-11-14 03:30:00,0.0
2018-11-14 04:00:00,0.0
2018-11-14 04:30:00,0.0
2018-11-14 05:00:00,0.0
2018-11-14 05:30:00,0.0
2018-11-14 06:00:00,0.0
2018-11-14 06:30:00,0.0
2018-11-14 07:00:00,0.0
2018-11-14 07:30:00,0.0
2018-11-14 08:00:00,0.0
2018-11-14 08:30:00,0.0
2018-11-14 09:00:00,0.0
2018-11-14 09:30:00,0.0
2018-11-14 10:00:00,0.0
2018-11-14 10:30:00,0.0
2018-11-14 11:00:00,0.0
2018-11-14 11:30:00,0.0
2018-11-14 12:00:00,0.0
2018-11-14 12:30:00,2.3937999999999997
2018-11-14 13:00:00,2.3937999999999997
2018-11-14 13:30:00,4.338966666666666
2018-11-14 14:00:00,17.095450505050504
2018-11-14 14:30:00,51.32239310939132
2018-11-14 15:00:00,97.31165566350387
2018-11-14 15:30:00,117.0368897487169
2018-11-14 16:00:00,131.34153902407922
2018-11-14 16:30:00,150.0932533097935
2018-11-14 17:00:00,136.34591997646018
2018-11-14 17:30:00,128.33371997646017
2018-11-14 18:00:00,113.71603664312684
2018-11-14 18:30:00,95.67053267487287
2018-11-14 19:00:00,77.47198426217446
2018-11-14 19:30:00,73.97674486823507
2018-11-14 20:00:00,70.81128815827836
2018-11-14 20:30:00,68.79328815827836
2018-11-14 21:00:00,53.413088158278356
2018-11-14 21:30:00,57.839326253516454
2018-11-14 22:00:00,51.48307625351645
2018-11-14 22:30:00,43.28115958684979
2018-11-14 23:00:00,23.870179194692923
2018-11-14 23:30:00,23.13062363913737
2018-11-15 00:00:00,23.13062363913737
2018-11-15 00:30:00,29.38290935342308
2018-11-15 01:00:00,21.08125145868624
2018-11-15 01:30:00,16.017009034443817
2018-11-15 02:00:00,8.145068322981366
2018-11-15 02:30:00,10.867568322981366
2018-11-15 03:00:00,10.867568322981366
2018-11-15 03:30:00,8.974785714285714
2018-11-15 04:00:00,2.7225
2018-11-15 04:30:00,0.0
2018-11-15 05:00:00,0.0
2018-11-15 05:30:00,0.0
2018-11-15 06:00:00,0.0
2018-11-15 06:30:00,0.0
2018-11-15 07:00:00,0.0
2018-11-15 07:30:00,0.0
2018-11-15 08:00:00,0.0
2018-11-15 08:30:00,0.0
2018-11-15 09:00:00,0.0
2018-11-15 09:30:00,0.0
2018-11-15 10:00:00,0.0
2018-11-15 10:30:00,0.0
2018-11-15 11:00:00,0.0
2018-11-15 11:30:00,0.0
2018-11-15 12:00:00,0.0
2018-11-15 12:30:00,0.0
2018-11-15 13:00:00,0.0
2018-11-15 13:30:00,1.664
2018-11-15 14:00:00,14.023840909090909
2018-11-15 14:30:00,40.154412337662336
2018-11-15 15:00:00,74.56178520988816
2018-11-15 15:30:00,126.2650296543326
2018-11-15 16:00:00,152.65388932244227
2018-11-15 16:30:00,146.2892226557756
2018-11-15 17:00:00,134.8304226557756
2018-11-15 17:30:00,132.97508932244227
2018-11-15 18:00:00,102.76049646529941
2018-11-15 18:30:00,77.02968694148989
2018-11-15 19:00:00,69.35952027482321
2018-11-15 19:30:00,60.17647222287516
2018-11-15 20:00:00,55.41144444509739
2018-11-15 20:30:00,45.66028888954183
2018-11-15 21:00:00,53.03778888954183
2018-11-15 21:30:00,28.686584593837537
2018-11-15 22:00:00,14.636651260504202
2018-11-15 22:30:00,11.632651260504202
2018-11-15 23:00:00,11.821151260504202
2018-11-15 23:30:00,10.147857142857143
2018-11-16 00:00:00,14.465857142857143
2018-11-16 00:30:00,13.967857142857142
2018-11-16 01:00:00,0.0
2018-11-16 01:30:00,0.0
2018-11-16 02:00:00,2.978
2018-11-16 02:30:00,2.978
2018-11-16 03:00:00,2.978
2018-11-16 03:30:00,2.978
2018-11-16 04:00:00,0.0
2018-11-16 04:30:00,0.0
2018-11-16 05:00:00,0.0
2018-11-16 05:30:00,0.0
2018-11-16 06:00:00,0.0
2018-11-16 06:30:00,0.0
2018-11-16 07:00:00,0.0
2018-11-16 07:30:00,0.0
2018-11-16 08:00:00,0.0
2018-11-16 08:30:00,0.0
2018-11-16 09:00:00,0.0
2018-11-16 09:30:00,0.0
2018-11-16 10:00:00,0.0
2018-11-16 10:30:00,0.0
2018-11-16 11:00:00,0.0
2018-11-16 11:30:00,0.0
2018-11-16 12:00:00,0.0
2018-11-16 12:30:00,0.0
2018-11-16 13:00:00,0.0
2018-11-16 13:30:00,4.8026
2018-11-16 14:00:00,27.3718
2018-11-16 14:30:00,47.77497777777778
2018-11-16 15:00:00,82.2602755050505
2018-11-16 15:30:00,114.8993905982906
2018-11-16 16:00:00,152.9768286935287
2018-11-16 16:30:00,146.1233286935287
2018-11-16 17:00:00,133.76092869352868
2018-11-16 17:30:00,114.6932286935287
2018-11-16 18:00:00,96.48422869352869
2018-11-16 18:30:00,65.97512869352869
2018-11-16 19:00:00,60.293428693528696
2018-11-16 19:30:00,50.38364297924298
2018-11-16 20:00:00,62.98781819291819
2018-11-16 20:30:00,66.85248991008991
2018-11-16 21:00:00,73.62609597069597
2018-11-16 21:30:00,79.53271501831502
2018-11-16 22:00:00,84.43253553113553
2018-11-16 22:30:00,84.86693553113554
2018-11-16 23:00:00,73.65252481684982
2018-11-16 23:30:00,81.6185387057387
2018-11-17 00:00:00,63.364705372405375
2018-11-17 00:30:00,50.98476092796093
2018-11-17 01:00:00,33.38071648351649
2018-11-17 01:30:00,23.658716483516486
2018-11-17 02:00:00,15.184516483516484
2018-11-17 02:30:00,11.541285714285715
2018-11-17 03:00:00,6.189285714285715
2018-11-17 03:30:00,6.189285714285715
2018-11-17 04:00:00,6.189285714285715
2018-11-17 04:30:00,0.0
2018-11-17 05:00:00,0.0
2018-11-17 05:30:00,0.0
2018-11-17 06:00:00,0.0
2018-11-17 06:30:00,0.0
2018-11-17 07:00:00,0.0
2018-11-17 07:30:00,0.0
2018-11-17 08:00:00,0.0
2018-11-17 08:30:00,0.0
2018-11-17 09:00:00,0.0
2018-11-17 09:30:00,0.0
2018-11-17 10:00:00,0.0
2018-11-17 10:30:00,0.0
2018-11-17 11:00:00,0.0
2018-11-17 11:30:00,0.0
2018-11-17 12:00:00,0.0
2018-11-17 12:30:00,0.0
2018-11-17 13:00:00,0.0
2018-11-17 13:30:00,0.0
2018-11-17 14:00:00,1.7572307692307694
2018-11-17 14:30:00,1.7572307692307694
2018-11-17 15:00:00,1.7572307692307694
2018-11-17 15:30:00,1.7572307692307694
2018-11-17 16:00:00,1.7572307692307694
2018-11-17 16:30:00,1.7572307692307694
2018-11-17 17:00:00,1.7572307692307694
2018-11-17 17:30:00,1.7572307692307694
2018-11-17 18:00:00,4.724230769230769
2018-11-17 18:30:00,4.724230769230769
2018-11-17 19:00:00,4.724230769230769
2018-11-17 19:30:00,4.724230769230769
2018-11-17 20:00:00,1.7572307692307694
2018-11-17 20:30:00,3.4228
2018-11-17 21:00:00,8.3328
2018-11-17 21:30:00,8.3328
2018-11-17 22:00:00,8.3328
2018-11-17 22:30:00,3.4228
2018-11-17 23:00:00,0.0
2018-11-17 23:30:00,0.0
2018-11-18 00:00:00,0.0
2018-11-18 00:30:00,2.7586666666666666
2018-11-18 01:00:00,2.7586666666666666
2018-11-18 01:30:00,2.7586666666666666
2018-11-18 02:00:00,0.0
2018-11-18 02:30:00,0.0
2018-11-18 03:00:00,0.0
2018-11-18 03:30:00,0.0
2018-11-18 04:00:00,0.0
2018-11-18 04:30:00,0.0
2018-11-18 05:00:00,0.0
2018-11-18 05:30:00,0.0
2018-11-18 06:00:00,0.0
2018-11-18 06:30:00,0.0
2018-11-18 07:00:00,0.0
2018-11-18 07:30:00,0.0
2018-11-18 08:00:00,0.0
2018-11-18 08:30:00,0.0
2018-11-18 09:00:00,0.0
2018-11-18 09:30:00,0.0
2018-11-18 10:00:00,0.0
2018-11-18 10:30:00,0.0
2018-11-18 11:00:00,0.0
2018-11-18 11:30:00,0.0
2018-11-18 12:00:00,0.0
2018-11-18 12:30:00,0.0
2018-11-18 13:00:00,0.0
2018-11-18 13:30:00,0.0
2018-11-18 14:00:00,0.0
2018-11-18 14:30:00,0.0
2018-11-18 15:00:00,0.0
2018-11-18 15:30:00,6.499090909090909
2018-11-18 16:00:00,6.499090909090909
2018-11-18 16:30:00,6.499090909090909
2018-11-18 17:00:00,10.303090909090908
2018-11-18 17:30:00,10.303090909090908
2018-11-18 18:00:00,10.303090909090908
2018-11-18 18:30:00,6.499090909090909
2018-11-18 19:00:00,6.499090909090909
2018-11-18 19:30:00,6.499090909090909
2018-11-18 20:00:00,6.499090909090909
2018-11-18 20:30:00,6.499090909090909
2018-11-18 21:00:00,0.0
2018-11-18 21:30:00,0.0
2018-11-18 22:00:00,0.0
2018-11-18 22:30:00,0.0
2018-11-18 23:00:00,0.0
2018-11-18 23:30:00,0.0
2018-11-19 00:00:00,6.301555555555556
2018-11-19 00:30:00,6.301555555555556
2018-11-19 01:00:00,6.301555555555556
2018-11-19 01:30:00,6.301555555555556
2018-11-19 02:00:00,6.301555555555556
2018-11-19 02:30:00,6.301555555555556
2018-11-19 03:00:00,6.301555555555556
2018-11-19 03:30:00,6.301555555555556
2018-11-19 04:00:00,6.301555555555556
2018-11-19 04:30:00,0.0
2018-11-19 05:00:00,0.0
2018-11-19 05:30:00,0.0
2018-11-19 06:00:00,0.0
2018-11-19 06:30:00,0.0
2018-11-19 07:00:00,0.0
2018-11-19 07:30:00,0.0
2018-11-19 08:00:00,0.0
2018-11-19 08:30:00,0.0
2018-11-19 09:00:00,0.0
2018-11-19 09:30:00,0.0
2018-11-19 10:00:00,0.0
2018-11-19 10:30:00,0.0
2018-11-19 11:00:00,0.0
2018-11-19 11:30:00,0.0
2018-11-19 12:00:00,0.0
2018-11-19 12:30:00,0.0
2018-11-19 13:00:00,0.0
2018-11-19 13:30:00,3.1099117647058825
2018-11-19 14:00:00,25.91229055258467
2018-11-19 14:30:00,35.69669055258467
2018-11-19 15:00:00,65.39248221925133
2018-11-19 15:30:00,99.8088115843307
2018-11-19 16:00:00,129.95110523512434
2018-11-19 16:30:00,160.7281341728533
2018-11-19 17:00:00,147.7307341728533
2018-11-19 17:30:00,117.79743417285329
2018-11-19 18:00:00,108.86893417285329
2018-11-19 18:30:00,103.29483417285329
2018-11-19 19:00:00,91.03911988713901
2018-11-19 19:30:00,94.3748014888706
2018-11-19 20:00:00,82.54274434601346
2018-11-19 20:30:00,76.37985545712458
2018-11-19 21:00:00,63.09062212379124
2018-11-19 21:30:00,58.17838879045791
2018-11-19 22:00:00,60.46207702575202
2018-11-19 22:30:00,54.44393416860917
2018-11-19 23:00:00,47.53243737373737
2018-11-19 23:30:00,42.97010404040404
2018-11-20 00:00:00,36.54928737373737
2018-11-20 00:30:00,18.825598484848484
2018-11-20 01:00:00,12.825416666666666
2018-11-20 01:30:00,12.687249999999999
2018-11-20 02:00:00,7.36475
2018-11-20 02:30:00,6.17275
2018-11-20 03:00:00,5.95875
2018-11-20 03:30:00,5.95875
2018-11-20 04:00:00,2.944
2018-11-20 04:30:00,2.944
2018-11-20 05:00:00,0.0
2018-11-20 05:30:00,0.0
2018-11-20 06:00:00,0.0
2018-11-20 06:30:00,0.0
2018-11-20 07:00:00,0.0
2018-11-20 07:30:00,0.0
2018-11-20 08:00:00,0.0
2018-11-20 08:30:00,0.0
2018-11-20 09:00:00,0.0
2018-11-20 09:30:00,0.0
2018-11-20 10:00:00,0.0
2018-11-20 10:30:00,0.0
2018-11-20 11:00:00,0.0
2018-11-20 11:30:00,0.0
2018-11-20 12:00:00,0.0
2018-11-20 12:30:00,0.0
2018-11-20 13:00:00,0.0
2018-11-20 13:30:00,5.414
2018-11-20 14:00:00,21.24801111111111
2018-11-20 14:30:00,35.04045158730159
2018-11-20 15:00:00,53.80381450216451
2018-11-20 15:30:00,83.08913943213649
2018-11-20 16:00:00,100.19877832102539
2018-11-20 16:30:00,123.51169498769205
2018-11-20 17:00:00,116.92646165435872
2018-11-20 17:30:00,127.77621165435872
2018-11-20 18:00:00,128.7911878448349
2018-11-20 18:30:00,115.30979816229522
2018-11-20 19:00:00,91.9899124480095
2018-11-20 19:30:00,75.12875689245395
2018-11-20 20:00:00,59.527006892453954
2018-11-20 20:30:00,45.35254477124183
2018-11-20 21:00:00,45.119478104575165
2018-11-20 21:30:00,36.318728104575165
2018-11-20 22:00:00,33.80139477124183
2018-11-20 22:30:00,32.00339477124183
2018-11-20 23:00:00,23.84439477124183
2018-11-20 23:30:00,23.84439477124183
2018-11-21 00:00:00,11.024222222222223
2018-11-21 00:30:00,4.4302222222222225
2018-11-21 01:00:00,0.0
2018-11-21 01:30:00,0.0
2018-11-21 02:00:00,0.0
2018-11-21 02:30:00,0.0
2018-11-21 03:00:00,0.0
2018-11-21 03:30:00,0.0
2018-11-21 04:00:00,0.0
2018-11-21 04:30:00,0.0
2018-11-21 05:00:00,0.0
2018-11-21 05:30:00,0.0
2018-11-21 06:00:00,0.0
2018-11-21 06:30:00,0.0
2018-11-21 07:00:00,0.0
2018-11-21 07:30:00,0.0
2018-11-21 08:00:00,0.0
2018-11-21 08:30:00,0.0
2018-11-21 09:00:00,0.0
2018-11-21 09:30:00,0.0
2018-11-21 10:00:00,0.0
2018-11-21 10:30:00,0.0
2018-11-21 11:00:00,0.0
2018-11-21 11:30:00,0.0
2018-11-21 12:00:00,0.0
2018-11-21 12:30:00,0.0
2018-11-21 13:00:00,0.0
2018-11-21 13:30:00,0.0
2018-11-21 14:00:00,8.68355
2018-11-21 14:30:00,15.01005
2018-11-21 15:00:00,15.01005
2018-11-21 15:30:00,19.81455
2018-11-21 16:00:00,19.789883333333336
2018-11-21 16:30:00,20.37965476190476
2018-11-21 17:00:00,26.806554761904763
2018-11-21 17:30:00,27.67150714285714
2018-11-21 18:00:00,24.684757142857144
2018-11-21 18:30:00,21.82625714285714
2018-11-21 19:00:00,21.82625714285714
2018-11-21 19:30:00,15.247357142857142
2018-11-21 20:00:00,8.960785714285715
2018-11-21 20:30:00,8.960785714285715
2018-11-21 21:00:00,3.552
2018-11-21 21:30:00,3.552
2018-11-21 22:00:00,0.0
2018-11-21 22:30:00,0.0
2018-11-21 23:00:00,0.0
2018-11-21 23:30:00,0.0
2018-11-22 00:00:00,0.0
2018-11-22 00:30:00,0.0
2018-11-22 01:00:00,0.0
2018-11-22 01:30:00,0.0
2018-11-22 02:00:00,0.0
2018-11-22 02:30:00,0.0
2018-11-22 03:00:00,0.0
2018-11-22 03:30:00,0.0
2018-11-22 04:00:00,0.0
2018-11-22 04:30:00,0.0
2018-11-22 05:00:00,0.0
2018-11-22 05:30:00,0.0
2018-11-22 06:00:00,0.0
2018-11-22 06:30:00,0.0
2018-11-22 07:00:00,0.0
2018-11-22 07:30:00,0.0
2018-11-22 08:00:00,0.0
2018-11-22 08:30:00,0.0
2018-11-22 09:00:00,0.0
2018-11-22 09:30:00,0.0
2018-11-22 10:00:00,0.0
2018-11-22 10:30:00,0.0
2018-11-22 11:00:00,0.0
2018-11-22 11:30:00,0.0
2018-11-22 12:00:00,0.0
2018-11-22 12:30:00,0.0
2018-11-22 13:00:00,0.0
2018-11-22 13:30:00,0.0
2018-11-22 14:00:00,0.0
2018-11-22 14:30:00,0.0
2018-11-22 15:00:00,0.0
2018-11-22 15:30:00,0.0
2018-11-22 16:00:00,0.0
2018-11-22 16:30:00,0.0
2018-11-22 17:00:00,0.0
2018-11-22 17:30:00,0.0
2018-11-22 18:00:00,0.0
2018-11-22 18:30:00,6.134666666666667
2018-11-22 19:00:00,6.134666666666667
2018-11-22 19:30:00,6.134666666666667
2018-11-22 20:00:00,0.0
2018-11-22 20:30:00,0.0
2018-11-22 21:00:00,0.0
2018-11-22 21:30:00,0.0
2018-11-22 22:00:00,0.0
2018-11-22 22:30:00,0.0
2018-11-22 23:00:00,0.0
2018-11-22 23:30:00,0.0
2018-11-23 00:00:00,0.0
2018-11-23 00:30:00,0.0
2018-11-23 01:00:00,0.0
2018-11-23 01:30:00,0.0
2018-11-23 02:00:00,0.0
2018-11-23 02:30:00,0.0
2018-11-23 03:00:00,0.0
2018-11-23 03:30:00,0.0
2018-11-23 04:00:00,0.0
2018-11-23 04:30:00,0.0
2018-11-23 05:00:00,0.0
2018-11-23 05:30:00,0.0
2018-11-23 06:00:00,0.0
2018-11-23 06:30:00,0.0
2018-11-23 07:00:00,0.0
2018-11-23 07:30:00,0.0
2018-11-23 08:00:00,0.0
2018-11-23 08:30:00,0.0
2018-11-23 09:00:00,0.0
2018-11-23 09:30:00,0.0
2018-11-23 10:00:00,0.0
2018-11-23 10:30:00,0.0
2018-11-23 11:00:00,0.0
2018-11-23 11:30:00,0.0
2018-11-23 12:00:00,0.0
2018-11-23 12:30:00,0.0
2018-11-23 13:00:00,0.0
2018-11-23 13:30:00,2.938
2018-11-23 14:00:00,2.938
2018-11-23 14:30:00,2.938
2018-11-23 15:00:00,2.938
2018-11-23 15:30:00,2.938
2018-11-23 16:00:00,2.938
2018-11-23 16:30:00,2.938
2018-11-23 17:00:00,2.938
2018-11-23 17:30:00,3.3656666666666664
2018-11-23 18:00:00,3.3656666666666664
2018-11-23 18:30:00,3.3656666666666664
2018-11-23 19:00:00,10.321
2018-11-23 19:30:00,10.321
2018-11-23 20:00:00,10.321
2018-11-23 20:30:00,0.0
2018-11-23 21:00:00,0.0
2018-11-23 21:30:00,0.0
2018-11-23 22:00:00,0.0
2018-11-23 22:30:00,0.0
2018-11-23 23:00:00,0.0
2018-11-23 23:30:00,0.0
2018-11-24 00:00:00,0.0
2018-11-24 00:30:00,0.0
2018-11-24 01:00:00,0.0
2018-11-24 01:30:00,0.0
2018-11-24 02:00:00,0.0
2018-11-24 02:30:00,0.0
2018-11-24 03:00:00,0.0
2018-11-24 03:30:00,0.0
2018-11-24 04:00:00,0.0
2018-11-24 04:30:00,0.0
2018-11-24 05:00:00,0.0
2018-11-24 05:30:00,0.0
2018-11-24 06:00:00,0.0
2018-11-24 06:30:00,0.0
2018-11-24 07:00:00,0.0
2018-11-24 07:30:00,0.0
2018-11-24 08:00:00,0.0
2018-11-24 08:30:00,0.0
2018-11-24 09:00:00,2.861
2018-11-24 09:30:00,2.861
2018-11-24 10:00:00,2.861
2018-11-24 10:30:00,2.861
2018-11-24 11:00:00,0.0
2018-11-24 11:30:00,0.0
2018-11-24 12:00:00,0.0
2018-11-24 12:30:00,0.0
2018-11-24 13:00:00,0.0
2018-11-24 13:30:00,0.0
2018-11-24 14:00:00,0.0
2018-11-24 14:30:00,0.0
2018-11-24 15:00:00,0.0
2018-11-24 15:30:00,0.0
2018-11-24 16:00:00,0.0
2018-11-24 16:30:00,3.2796
2018-11-24 17:00:00,3.2796
2018-11-24 17:30:00,3.2796
2018-11-24 18:00:00,3.2796
2018-11-24 18:30:00,3.2796
2018-11-24 19:00:00,0.0
2018-11-24 19:30:00,0.0
2018-11-24 20:00:00,0.0
2018-11-24 20:30:00,0.0
2018-11-24 21:00:00,0.0
2018-11-24 21:30:00,0.0
2018-11-24 22:00:00,0.0
2018-11-24 22:30:00,1.8466666666666667
2018-11-24 23:00:00,1.8466666666666667
2018-11-24 23:30:00,1.8466666666666667
2018-11-25 00:00:00,0.0
2018-11-25 00:30:00,0.0
2018-11-25 01:00:00,0.0
2018-11-25 01:30:00,0.0
2018-11-25 02:00:00,0.0
2018-11-25 02:30:00,0.0
2018-11-25 03:00:00,0.0
2018-11-25 03:30:00,0.0
2018-11-25 04:00:00,0.0
2018-11-25 04:30:00,0.0
2018-11-25 05:00:00,0.0
2018-11-25 05:30:00,0.0
2018-11-25 06:00:00,0.0
2018-11-25 06:30:00,0.0
2018-11-25 07:00:00,0.0
2018-11-25 07:30:00,0.0
2018-11-25 08:00:00,0.0
2018-11-25 08:30:00,0.0
2018-11-25 09:00:00,2.8635
2018-11-25 09:30:00,2.8635
2018-11-25 10:00:00,2.8635
2018-11-25 10:30:00,2.8635
2018-11-25 11:00:00,0.0
2018-11-25 11:30:00,0.0
2018-11-25 12:00:00,0.0
2018-11-25 12:30:00,0.0
2018-11-25 13:00:00,0.0
2018-11-25 13:30:00,0.0
2018-11-25 14:00:00,0.0
2018-11-25 14:30:00,0.0
2018-11-25 15:00:00,0.0
2018-11-25 15:30:00,0.0
2018-11-25 16:00:00,0.0
2018-11-25 16:30:00,3.3212
2018-11-25 17:00:00,3.3212
2018-11-25 17:30:00,3.3212
2018-11-25 18:00:00,3.3212
2018-11-25 18:30:00,3.3212
2018-11-25 19:00:00,6.158307692307693
2018-11-25 19:30:00,6.158307692307693
2018-11-25 20:00:00,6.158307692307693
2018-11-25 20:30:00,8.879307692307693
2018-11-25 21:00:00,14.310641025641026
2018-11-25 21:30:00,17.787641025641026
2018-11-25 22:00:00,24.31297435897436
2018-11-25 22:30:00,18.881641025641024
2018-11-25 23:00:00,18.881641025641024
2018-11-25 23:30:00,18.881641025641024
2018-11-26 00:00:00,18.881641025641024
2018-11-26 00:30:00,18.881641025641024
2018-11-26 01:00:00,18.881641025641024
2018-11-26 01:30:00,12.723333333333333
2018-11-26 02:00:00,12.723333333333333
2018-11-26 02:30:00,18.988933333333332
2018-11-26 03:00:00,18.988933333333332
2018-11-26 03:30:00,18.988933333333332
2018-11-26 04:00:00,12.558742857142857
2018-11-26 04:30:00,12.558742857142857
2018-11-26 05:00:00,6.293142857142857
2018-11-26 05:30:00,6.293142857142857
2018-11-26 06:00:00,6.293142857142857
2018-11-26 06:30:00,6.293142857142857
2018-11-26 07:00:00,6.293142857142857
2018-11-26 07:30:00,0.0
2018-11-26 08:00:00,0.0
2018-11-26 08:30:00,0.0725
2018-11-26 09:00:00,0.0725
2018-11-26 09:30:00,0.0725
2018-11-26 10:00:00,0.0725
2018-11-26 10:30:00,0.0725
2018-11-26 11:00:00,0.0725
2018-11-26 11:30:00,0.0725
2018-11-26 12:00:00,0.0725
2018-11-26 12:30:00,3.065
2018-11-26 13:00:00,3.065
2018-11-26 13:30:00,10.216999999999999
2018-11-26 14:00:00,13.60204761904762
2018-11-26 14:30:00,34.754855311355314
2018-11-26 15:00:00,55.19509816849817
2018-11-26 15:30:00,93.5443700755385
2018-11-26 16:00:00,114.07883674220516
2018-11-26 16:30:00,117.68398674220516
2018-11-26 17:00:00,114.86798674220516
2018-11-26 17:30:00,101.42257721839565
2018-11-26 18:00:00,101.42257721839565
2018-11-26 18:30:00,74.39470102791945
2018-11-26 19:00:00,50.69062959934802
2018-11-26 19:30:00,53.648915313633736
2018-11-26 20:00:00,51.90247086918929
2018-11-26 20:30:00,48.42012086918929
2018-11-26 21:00:00,34.81204954051796
2018-11-26 21:30:00,25.79364954051796
2018-11-26 22:00:00,30.38989954051796
2018-11-26 22:30:00,37.24339954051796
2018-11-26 23:00:00,34.28511382623225
2018-11-26 23:30:00,40.21661382623225
2018-11-27 00:00:00,40.21661382623225
2018-11-27 00:30:00,36.67448684210526
2018-11-27 01:00:00,26.67125
2018-11-27 01:30:00,14.50975
2018-11-27 02:00:00,6.9495000000000005
2018-11-27 02:30:00,2.9835
2018-11-27 03:00:00,0.0
2018-11-27 03:30:00,0.0
2018-11-27 04:00:00,0.0
2018-11-27 04:30:00,0.0
2018-11-27 05:00:00,0.0
2018-11-27 05:30:00,0.0
2018-11-27 06:00:00,0.0
2018-11-27 06:30:00,2.670666666666667
2018-11-27 07:00:00,2.670666666666667
2018-11-27 07:30:00,2.670666666666667
2018-11-27 08:00:00,0.0
2018-11-27 08:30:00,0.0
2018-11-27 09:00:00,0.0
2018-11-27 09:30:00,0.0
2018-11-27 10:00:00,0.0
2018-11-27 10:30:00,0.0
2018-11-27 11:00:00,0.0
2018-11-27 11:30:00,0.0
2018-11-27 12:00:00,0.0
2018-11-27 12:30:00,0.0
2018-11-27 13:00:00,0.0
2018-11-27 13:30:00,0.0
2018-11-27 14:00:00,24.310248484848486
2018-11-27 14:30:00,45.08805165945166
2018-11-27 15:00:00,94.0734127927628
2018-11-27 15:30:00,131.20282262214909
2018-11-27 16:00:00,149.52033885591533
2018-11-27 16:30:00,155.74383885591533
2018-11-27 17:00:00,141.38133885591532
2018-11-27 17:30:00,127.67613885591533
2018-11-27 18:00:00,114.43629599877247
2018-11-27 18:30:00,89.71298647496295
2018-11-27 19:00:00,75.4659666336931
2018-11-27 19:30:00,57.78450545043192
2018-11-27 20:00:00,47.03335545043192
2018-11-27 20:30:00,48.20722211709859
2018-11-27 21:00:00,53.69844029891677
2018-11-27 21:30:00,53.448084721161194
2018-11-27 22:00:00,50.91798948306595
2018-11-27 22:30:00,50.91798948306595
2018-11-27 23:00:00,32.65578948306595
2018-11-27 23:30:00,34.75365614973262
2018-11-28 00:00:00,27.104042424242426
2018-11-28 00:30:00,36.62337575757576
2018-11-28 01:00:00,33.650675757575755
2018-11-28 01:30:00,24.500542424242425
2018-11-28 02:00:00,13.809245454545454
2018-11-28 02:30:00,13.809245454545454
2018-11-28 03:00:00,2.3712
2018-11-28 03:30:00,6.6572
2018-11-28 04:00:00,0.0
2018-11-28 04:30:00,0.0
2018-11-28 05:00:00,0.0
2018-11-28 05:30:00,0.0
2018-11-28 06:00:00,0.0
2018-11-28 06:30:00,0.0
2018-11-28 07:00:00,0.0
2018-11-28 07:30:00,0.0
2018-11-28 08:00:00,0.0
2018-11-28 08:30:00,0.0
2018-11-28 09:00:00,0.0
2018-11-28 09:30:00,0.0
2018-11-28 10:00:00,0.0
2018-11-28 10:30:00,0.0
2018-11-28 11:00:00,0.0
2018-11-28 11:30:00,0.0
2018-11-28 12:00:00,0.0
2018-11-28 12:30:00,0.0
2018-11-28 13:00:00,0.0
2018-11-28 13:30:00,5.94325
2018-11-28 14:00:00,15.036952380952382
2018-11-28 14:30:00,31.450519047619046
2018-11-28 15:00:00,73.66642944571768
2018-11-28 15:30:00,117.50340000848824
2018-11-28 16:00:00,159.12679078671587
2018-11-28 16:30:00,152.24129078671587
2018-11-28 17:00:00,141.36395745338254
2018-11-28 17:30:00,121.31068840576349
2018-11-28 18:00:00,102.32590507243015
2018-11-28 18:30:00,96.1339495168746
2018-11-28 19:00:00,93.2769495168746
2018-11-28 19:30:00,77.45440745338253
2018-11-28 20:00:00,69.4578241200492
2018-11-28 20:30:00,58.771137251362326
2018-11-28 21:00:00,56.07331906954415
2018-11-28 21:30:00,50.968319069544144
2018-11-28 22:00:00,51.44498573621081
2018-11-28 22:30:00,33.31523848346356
2018-11-28 23:00:00,19.925841658066737
2018-11-28 23:30:00,13.136934795321636
2018-11-29 00:00:00,15.986184795321638
2018-11-29 00:30:00,32.26378479532164
2018-11-29 01:00:00,28.503197493734337
2018-11-29 01:30:00,14.335223809523809
2018-11-29 02:00:00,14.335223809523809
2018-11-29 02:30:00,14.335223809523809
2018-11-29 03:00:00,5.395357142857143
2018-11-29 03:30:00,2.428857142857143
2018-11-29 04:00:00,2.428857142857143
2018-11-29 04:30:00,0.0
2018-11-29 05:00:00,0.0
2018-11-29 05:30:00,0.0
2018-11-29 06:00:00,0.0
2018-11-29 06:30:00,0.0
2018-11-29 07:00:00,0.0
2018-11-29 07:30:00,0.0
2018-11-29 08:00:00,0.0
2018-11-29 08:30:00,0.0
2018-11-29 09:00:00,0.0
2018-11-29 09:30:00,0.0
2018-11-29 10:00:00,0.0
2018-11-29 10:30:00,0.0
2018-11-29 11:00:00,0.0
2018-11-29 11:30:00,0.0
2018-11-29 12:00:00,0.0
2018-11-29 12:30:00,0.0
2018-11-29 13:00:00,0.0
2018-11-29 13:30:00,7.789375
2018-11-29 14:00:00,23.630608333333335
2018-11-29 14:30:00,44.14241973684211
2018-11-29 15:00:00,66.90547821637426
2018-11-29 15:30:00,89.159500943647
2018-11-29 16:00:00,104.44163663638564
2018-11-29 16:30:00,135.33908775076833
2018-11-29 17:00:00,129.21308775076832
2018-11-29 17:30:00,117.16942108410166
2018-11-29 18:00:00,105.03258775076833
2018-11-29 18:30:00,92.44421870314928
2018-11-29 19:00:00,88.31481870314927
2018-11-29 19:30:00,82.41986235394293
2018-11-29 20:00:00,72.94061235394292
2018-11-29 20:30:00,67.49374568727626
2018-11-29 21:00:00,58.20958407111465
2018-11-29 21:30:00,45.406009071114646
2018-11-29 22:00:00,39.94543656029214
2018-11-29 22:30:00,38.22382117567675
2018-11-29 23:00:00,31.477768428424
2018-11-29 23:30:00,42.981368428424
2018-11-30 00:00:00,41.82030702491523
2018-11-30 00:30:00,27.328065538847117
2018-11-30 01:00:00,33.68886553884712
2018-11-30 01:30:00,29.56391315789474
2018-11-30 02:00:00,11.0368
2018-11-30 02:30:00,6.3608
2018-11-30 03:00:00,3.4588
2018-11-30 03:30:00,0.0
2018-11-30 04:00:00,0.0
2018-11-30 04:30:00,0.0
2018-11-30 05:00:00,0.0
2018-11-30 05:30:00,0.0
2018-11-30 06:00:00,0.0
2018-11-30 06:30:00,0.0
2018-11-30 07:00:00,0.0
2018-11-30 07:30:00,0.0
2018-11-30 08:00:00,0.0
2018-11-30 08:30:00,0.0
2018-11-30 09:00:00,0.0
2018-11-30 09:30:00,0.0
2018-11-30 10:00:00,0.0
2018-11-30 10:30:00,0.0
2018-11-30 11:00:00,0.0
2018-11-30 11:30:00,0.0
2018-11-30 12:00:00,0.0
2018-11-30 12:30:00,0.0
2018-11-30 13:00:00,0.0
2018-11-30 13:30:00,0.0
2018-11-30 14:00:00,15.178427489177489
2018-11-30 14:30:00,31.042316378066378
2018-11-30 15:00:00,78.5658113827349
2018-11-30 15:30:00,114.38849971988796
2018-11-30 16:00:00,138.3986171802054
2018-11-30 16:30:00,144.25036869535694
2018-11-30 17:00:00,136.1463353620236
2018-11-30 17:30:00,138.8102866440749
2018-11-30 18:00:00,119.40110331074155
2018-11-30 18:30:00,106.99305569169393
2018-11-30 19:00:00,94.09029299328122
2018-11-30 19:30:00,74.67003613902438
2018-11-30 20:00:00,71.30592502791326
2018-11-30 20:30:00,79.67603931362756
2018-11-30 21:00:00,73.04994061232885
2018-11-30 21:30:00,72.28127394566218
2018-11-30 22:00:00,63.601489097177335
2018-11-30 22:30:00,63.35388909717734
2018-11-30 23:00:00,53.81628909717733
2018-11-30 23:30:00,51.844602822667525
2018-12-01 00:00:00,37.53531111111111
2018-12-01 00:30:00,36.21375555555556
2018-12-01 01:00:00,12.052666666666667
2018-12-01 01:30:00,9.518366666666667
2018-12-01 02:00:00,5.5667
2018-12-01 02:30:00,5.5667
2018-12-01 03:00:00,5.5667
2018-12-01 03:30:00,2.6192
2018-12-01 04:00:00,0.0
2018-12-01 04:30:00,0.0
2018-12-01 05:00:00,0.0
2018-12-01 05:30:00,0.0
2018-12-01 06:00:00,0.0
2018-12-01 06:30:00,0.0
2018-12-01 07:00:00,0.0
2018-12-01 07:30:00,0.0
2018-12-01 08:00:00,0.0
2018-12-01 08:30:00,0.0
2018-12-01 09:00:00,0.0
2018-12-01 09:30:00,0.0
2018-12-01 10:00:00,0.0
2018-12-01 10:30:00,0.0
2018-12-01 11:00:00,0.0
2018-12-01 11:30:00,0.0
2018-12-01 12:00:00,0.0
2018-12-01 12:30:00,0.0
2018-12-01 13:00:00,0.0
2018-12-01 13:30:00,0.0
2018-12-01 14:00:00,2.88475
2018-12-01 14:30:00,2.88475
2018-12-01 15:00:00,2.88475
2018-12-01 15:30:00,2.88475
2018-12-01 16:00:00,2.88475
2018-12-01 16:30:00,2.88475
2018-12-01 17:00:00,2.88475
2018-12-01 17:30:00,2.88475
2018-12-01 18:00:00,0.0
2018-12-01 18:30:00,0.0
2018-12-01 19:00:00,0.0
2018-12-01 19:30:00,0.0
2018-12-01 20:00:00,0.0
2018-12-01 20:30:00,0.0
2018-12-01 21:00:00,0.0
2018-12-01 21:30:00,0.0
2018-12-01 22:00:00,0.0
2018-12-01 22:30:00,0.0
2018-12-01 23:00:00,0.0
2018-12-01 23:30:00,0.0
2018-12-02 00:00:00,0.0
2018-12-02 00:30:00,0.0
2018-12-02 01:00:00,3.0135
2018-12-02 01:30:00,3.0135
2018-12-02 02:00:00,3.0135
2018-12-02 02:30:00,3.0135
2018-12-02 03:00:00,0.0
2018-12-02 03:30:00,0.0
2018-12-02 04:00:00,0.0
2018-12-02 04:30:00,0.0
2018-12-02 05:00:00,0.0
2018-12-02 05:30:00,0.0
2018-12-02 06:00:00,6.192
2018-12-02 06:30:00,6.192
2018-12-02 07:00:00,0.0
2018-12-02 07:30:00,0.0
2018-12-02 08:00:00,0.0
2018-12-02 08:30:00,0.0
2018-12-02 09:00:00,0.0
2018-12-02 09:30:00,0.0
2018-12-02 10:00:00,0.0
2018-12-02 10:30:00,0.0
2018-12-02 11:00:00,0.0
2018-12-02 11:30:00,0.0
2018-12-02 12:00:00,0.0
2018-12-02 12:30:00,0.0
2018-12-02 13:00:00,0.0
2018-12-02 13:30:00,0.0
2018-12-02 14:00:00,0.0
2018-12-02 14:30:00,0.0
2018-12-02 15:00:00,0.0
2018-12-02 15:30:00,0.0
2018-12-02 16:00:00,0.0
2018-12-02 16:30:00,0.0
2018-12-02 17:00:00,0.0
2018-12-02 17:30:00,0.0
2018-12-02 18:00:00,0.0
2018-12-02 18:30:00,0.0
2018-12-02 19:00:00,0.0
2018-12-02 19:30:00,0.0
2018-12-02 20:00:00,0.0
2018-12-02 20:30:00,0.0
2018-12-02 21:00:00,0.0
2018-12-02 21:30:00,0.0
2018-12-02 22:00:00,6.438
2018-12-02 22:30:00,6.438
2018-12-02 23:00:00,6.438
2018-12-02 23:30:00,0.0
2018-12-03 00:00:00,0.0
2018-12-03 00:30:00,0.0
2018-12-03 01:00:00,0.0
2018-12-03 01:30:00,0.0
2018-12-03 02:00:00,0.0
2018-12-03 02:30:00,0.0
2018-12-03 03:00:00,0.0
2018-12-03 03:30:00,0.0
2018-12-03 04:00:00,0.0
2018-12-03 04:30:00,0.0
2018-12-03 05:00:00,0.0
2018-12-03 05:30:00,6.5104
2018-12-03 06:00:00,6.5104
2018-12-03 06:30:00,6.5104
2018-12-03 07:00:00,6.5104
2018-12-03 07:30:00,6.5104
2018-12-03 08:00:00,0.0
2018-12-03 08:30:00,0.0
2018-12-03 09:00:00,0.0
2018-12-03 09:30:00,0.0
2018-12-03 10:00:00,0.0
2018-12-03 10:30:00,0.0
2018-12-03 11:00:00,0.0
2018-12-03 11:30:00,0.0
2018-12-03 12:00:00,0.0
2018-12-03 12:30:00,0.0
2018-12-03 13:00:00,5.245263157894737
2018-12-03 13:30:00,8.207263157894737
2018-12-03 14:00:00,22.33672679425837
2018-12-03 14:30:00,45.607137050668626
2018-12-03 15:00:00,84.88507355860514
2018-12-03 15:30:00,131.4934026184342
2018-12-03 16:00:00,153.57090305133462
2018-12-03 16:30:00,150.92090305133462
2018-12-03 17:00:00,150.92090305133462
2018-12-03 17:30:00,138.84990305133462
2018-12-03 18:00:00,126.0983697180013
2018-12-03 18:30:00,115.23736971800129
2018-12-03 19:00:00,103.89933797196954
2018-12-03 19:30:00,92.5610259229075
2018-12-03 20:00:00,84.59294511482669
2018-12-03 20:30:00,85.40347844816003
2018-12-03 21:00:00,82.91490152508311
2018-12-03 21:30:00,70.9298106159922
2018-12-03 22:00:00,62.99537838155996
2018-12-03 22:30:00,57.750115223665226
2018-12-03 23:00:00,65.21011522366523
2018-12-03 23:30:00,54.38615411255411
2018-12-04 00:00:00,44.97205411255411
2018-12-04 00:30:00,39.309387445887445
2018-12-04 01:00:00,32.063887445887445
2018-12-04 01:30:00,19.736190476190476
2018-12-04 02:00:00,1.8739999999999999
2018-12-04 02:30:00,1.8739999999999999
2018-12-04 03:00:00,1.8739999999999999
2018-12-04 03:30:00,1.8739999999999999
2018-12-04 04:00:00,0.0
2018-12-04 04:30:00,0.0
2018-12-04 05:00:00,0.0
2018-12-04 05:30:00,0.0
2018-12-04 06:00:00,0.0
2018-12-04 06:30:00,2.8346666666666667
2018-12-04 07:00:00,2.8346666666666667
2018-12-04 07:30:00,2.8346666666666667
2018-12-04 08:00:00,0.0
2018-12-04 08:30:00,0.0
2018-12-04 09:00:00,0.0
2018-12-04 09:30:00,0.0
2018-12-04 10:00:00,0.0
2018-12-04 10:30:00,0.0
2018-12-04 11:00:00,0.0
2018-12-04 11:30:00,0.0
2018-12-04 12:00:00,0.0
2018-12-04 12:30:00,0.0
2018-12-04 13:00:00,3.445684210526316
2018-12-04 13:30:00,3.445684210526316
2018-12-04 14:00:00,14.889487707029813
2018-12-04 14:30:00,39.02235675464886
2018-12-04 15:00:00,64.74047264202946
2018-12-04 15:30:00,93.15037740393421
2018-12-04 16:00:00,128.3474289912358
2018-12-04 16:30:00,144.5766880821449
2018-12-04 17:00:00,141.2316880821449
2018-12-04 17:30:00,125.9121880821449
2018-12-04 18:00:00,113.49810236785918
2018-12-04 18:30:00,100.03635236785918
2018-12-04 19:00:00,71.13528093928775
2018-12-04 19:30:00,76.53137573338255
2018-12-04 20:00:00,73.39994391520072
2018-12-04 20:30:00,72.09375203485885
2018-12-04 21:00:00,76.10208536819218
2018-12-04 21:30:00,63.00907181507863
2018-12-04 22:00:00,57.170162724169536
2018-12-04 22:30:00,46.189145180309886
2018-12-04 23:00:00,41.46268803745274
2018-12-04 23:30:00,35.490550782550784
2018-12-05 00:00:00,42.47238411588412
2018-12-05 00:30:00,38.46305078255078
2018-12-05 01:00:00,30.889907925407925
2018-12-05 01:30:00,23.719423076923075
2018-12-05 02:00:00,3.2663333333333333
2018-12-05 02:30:00,3.2663333333333333
2018-12-05 03:00:00,0.0
2018-12-05 03:30:00,2.9015
2018-12-05 04:00:00,2.9015
2018-12-05 04:30:00,2.9015
2018-12-05 05:00:00,2.9015
2018-12-05 05:30:00,0.0
2018-12-05 06:00:00,0.0
2018-12-05 06:30:00,0.0
2018-12-05 07:00:00,0.0
2018-12-05 07:30:00,0.0
2018-12-05 08:00:00,0.0
2018-12-05 08:30:00,0.0
2018-12-05 09:00:00,0.0
2018-12-05 09:30:00,0.0
2018-12-05 10:00:00,0.0
2018-12-05 10:30:00,0.0
2018-12-05 11:00:00,0.0
2018-12-05 11:30:00,0.0
2018-12-05 12:00:00,0.0
2018-12-05 12:30:00,0.0
2018-12-05 13:00:00,0.0
2018-12-05 13:30:00,0.0
2018-12-05 14:00:00,24.141464253393664
2018-12-05 14:30:00,49.29136392659628
2018-12-05 15:00:00,81.10045022918258
2018-12-05 15:30:00,134.58577037570274
2018-12-05 16:00:00,145.32700847094083
2018-12-05 16:30:00,140.1271084709408
2018-12-05 17:00:00,136.93060847094083
2018-12-05 17:30:00,133.5532751376075
2018-12-05 18:00:00,119.3514751376075
2018-12-05 18:30:00,110.84162989951226
2018-12-05 19:00:00,94.44968545506781
2018-12-05 19:30:00,82.7833854550678
2018-12-05 20:00:00,87.90302831221067
2018-12-05 20:30:00,73.17340220498455
2018-12-05 21:00:00,85.56540220498457
2018-12-05 21:30:00,69.45085861524097
2018-12-05 22:00:00,60.16574323062559
2018-12-05 22:30:00,45.755230625583565
2018-12-05 23:00:00,24.018331746031745
2018-12-05 23:30:00,34.65707777777777
2018-12-06 00:00:00,31.98323333333333
2018-12-06 00:30:00,31.98323333333333
2018-12-06 01:00:00,27.89323333333333
2018-12-06 01:30:00,21.209333333333333
2018-12-06 02:00:00,21.432266666666667
2018-12-06 02:30:00,9.1556
2018-12-06 03:00:00,9.1556
2018-12-06 03:30:00,2.5616
2018-12-06 04:00:00,2.5616
2018-12-06 04:30:00,0.0
2018-12-06 05:00:00,0.0
2018-12-06 05:30:00,0.0
2018-12-06 06:00:00,0.0
2018-12-06 06:30:00,0.0
2018-12-06 07:00:00,0.0
2018-12-06 07:30:00,0.0
2018-12-06 08:00:00,0.0
2018-12-06 08:30:00,0.0
2018-12-06 09:00:00,0.0
2018-12-06 09:30:00,0.0
2018-12-06 10:00:00,0.0
2018-12-06 10:30:00,0.0
2018-12-06 11:00:00,0.0
2018-12-06 11:30:00,0.0
2018-12-06 12:00:00,0.0
2018-12-06 12:30:00,0.0
2018-12-06 13:00:00,0.0
2018-12-06 13:30:00,7.5596000000000005
2018-12-06 14:00:00,16.97129230769231
2018-12-06 14:30:00,24.51373675213675
2018-12-06 15:00:00,52.67887247915483
2018-12-06 15:30:00,81.51152168550404
2018-12-06 16:00:00,124.95661029012267
2018-12-06 16:30:00,154.42143301359803
2018-12-06 17:00:00,146.04243301359804
2018-12-06 17:30:00,128.52373301359802
2018-12-06 18:00:00,125.0643996802647
2018-12-06 18:30:00,115.20626634693136
2018-12-06 19:00:00,104.22658380724883
2018-12-06 19:30:00,95.80467904534406
2018-12-06 20:00:00,74.47448460089961
2018-12-06 20:30:00,63.75026646348148
2018-12-06 21:00:00,56.69531090792592
2018-12-06 21:30:00,50.592910907925926
2018-12-06 22:00:00,50.592910907925926
2018-12-06 22:30:00,47.06129039510541
2018-12-06 23:00:00,48.92229039510541
2018-12-06 23:30:00,44.252626529559194
2018-12-07 00:00:00,37.605333672416336
2018-12-07 00:30:00,36.30380426065163
2018-12-07 01:00:00,32.39580426065163
2018-12-07 01:30:00,22.593205263157895
2018-12-07 02:00:00,8.409600000000001
2018-12-07 02:30:00,2.895
2018-12-07 03:00:00,0.0
2018-12-07 03:30:00,0.0
2018-12-07 04:00:00,0.0
2018-12-07 04:30:00,0.0
2018-12-07 05:00:00,0.0
2018-12-07 05:30:00,0.0
2018-12-07 06:00:00,0.0
2018-12-07 06:30:00,0.0
2018-12-07 07:00:00,3.121
2018-12-07 07:30:00,3.121
2018-12-07 08:00:00,0.0
2018-12-07 08:30:00,0.0
2018-12-07 09:00:00,0.0
2018-12-07 09:30:00,0.0
2018-12-07 10:00:00,0.0
2018-12-07 10:30:00,0.0
2018-12-07 11:00:00,0.0
2018-12-07 11:30:00,0.0
2018-12-07 12:00:00,0.0
2018-12-07 12:30:00,0.0
2018-12-07 13:00:00,0.0
2018-12-07 13:30:00,0.0
2018-12-07 14:00:00,4.704422222222222
2018-12-07 14:30:00,8.713481045751633
2018-12-07 15:00:00,8.713481045751633
2018-12-07 15:30:00,23.182548866819452
2018-12-07 16:00:00,36.88186632713691
2018-12-07 16:30:00,46.64236632713691
2018-12-07 17:00:00,68.35839966047024
2018-12-07 17:30:00,66.22573299380358
2018-12-07 18:00:00,72.09523299380358
2018-12-07 18:30:00,65.77517743824802
2018-12-07 19:00:00,60.92526315253374
2018-12-07 19:30:00,42.59406315253374
2018-12-07 20:00:00,35.12195204142263
2018-12-07 20:30:00,31.12451553348612
2018-12-07 21:00:00,26.35760644257703
2018-12-07 21:30:00,29.99160644257703
2018-12-07 22:00:00,29.99160644257703
2018-12-07 22:30:00,36.44535644257703
2018-12-07 23:00:00,24.66786904761905
2018-12-07 23:30:00,36.86026904761905
2018-12-08 00:00:00,34.483983333333335
2018-12-08 00:30:00,31.667983333333336
2018-12-08 01:00:00,26.086983333333336
2018-12-08 01:30:00,20.210983333333335
2018-12-08 02:00:00,8.690750000000001
2018-12-08 02:30:00,2.9165
2018-12-08 03:00:00,0.0
2018-12-08 03:30:00,0.0
2018-12-08 04:00:00,0.0
2018-12-08 04:30:00,0.0
2018-12-08 05:00:00,0.0
2018-12-08 05:30:00,0.0
2018-12-08 06:00:00,0.0
2018-12-08 06:30:00,0.0
2018-12-08 07:00:00,0.0
2018-12-08 07:30:00,0.0
2018-12-08 08:00:00,0.0
2018-12-08 08:30:00,0.0
2018-12-08 09:00:00,0.0
2018-12-08 09:30:00,0.0
2018-12-08 10:00:00,0.0
2018-12-08 10:30:00,0.0
2018-12-08 11:00:00,0.0
2018-12-08 11:30:00,0.0
2018-12-08 12:00:00,0.0
2018-12-08 12:30:00,0.0
2018-12-08 13:00:00,0.0
2018-12-08 13:30:00,0.0
2018-12-08 14:00:00,0.0
2018-12-08 14:30:00,0.0
2018-12-08 15:00:00,0.0
2018-12-08 15:30:00,0.0
2018-12-08 16:00:00,0.0
2018-12-08 16:30:00,0.0
2018-12-08 17:00:00,0.0
2018-12-08 17:30:00,0.0
2018-12-08 18:00:00,0.0
2018-12-08 18:30:00,0.0
2018-12-08 19:00:00,0.0
2018-12-08 19:30:00,2.9555
2018-12-08 20:00:00,2.9555
2018-12-08 20:30:00,8.3445
2018-12-08 21:00:00,8.3445
2018-12-08 21:30:00,0.0
2018-12-08 22:00:00,0.0
2018-12-08 22:30:00,0.0
2018-12-08 23:00:00,2.316
2018-12-08 23:30:00,0.0
2018-12-09 00:00:00,0.0
2018-12-09 00:30:00,0.0
2018-12-09 01:00:00,0.0
2018-12-09 01:30:00,0.0
2018-12-09 02:00:00,0.0
2018-12-09 02:30:00,0.0
2018-12-09 03:00:00,0.0
2018-12-09 03:30:00,0.0
2018-12-09 04:00:00,0.0
2018-12-09 04:30:00,0.0
2018-12-09 05:00:00,0.0
2018-12-09 05:30:00,0.0
2018-12-09 06:00:00,0.0
2018-12-09 06:30:00,0.0
2018-12-09 07:00:00,0.0
2018-12-09 07:30:00,0.0
2018-12-09 08:00:00,0.0
2018-12-09 08:30:00,0.0
2018-12-09 09:00:00,0.0
2018-12-09 09:30:00,0.0
2018-12-09 10:00:00,0.0
2018-12-09 10:30:00,0.0
2018-12-09 11:00:00,0.0
2018-12-09 11:30:00,0.0
2018-12-09 12:00:00,0.0
2018-12-09 12:30:00,0.0
2018-12-09 13:00:00,0.0
2018-12-09 13:30:00,0.0
2018-12-09 14:00:00,0.0
2018-12-09 14:30:00,0.0
2018-12-09 15:00:00,0.0
2018-12-09 15:30:00,0.0
2018-12-09 16:00:00,0.0
2018-12-09 16:30:00,3.2776000000000005
2018-12-09 17:00:00,3.2776000000000005
2018-12-09 17:30:00,3.2776000000000005
2018-12-09 18:00:00,3.2776000000000005
2018-12-09 18:30:00,3.2776000000000005
2018-12-09 19:00:00,0.0
2018-12-09 19:30:00,0.0
2018-12-09 20:00:00,0.0
2018-12-09 20:30:00,0.0
2018-12-09 21:00:00,0.0
2018-12-09 21:30:00,0.0
2018-12-09 22:00:00,0.0
2018-12-09 22:30:00,0.0
2018-12-09 23:00:00,0.0
2018-12-09 23:30:00,0.0
2018-12-10 00:00:00,0.0
2018-12-10 00:30:00,0.0
2018-12-10 01:00:00,0.0
2018-12-10 01:30:00,0.0
2018-12-10 02:00:00,0.0
2018-12-10 02:30:00,0.0
2018-12-10 03:00:00,0.0
2018-12-10 03:30:00,0.0
2018-12-10 04:00:00,0.0
2018-12-10 04:30:00,0.0
2018-12-10 05:00:00,0.0
2018-12-10 05:30:00,0.0
2018-12-10 06:00:00,0.0
2018-12-10 06:30:00,0.0
2018-12-10 07:00:00,0.0
2018-12-10 07:30:00,0.0
2018-12-10 08:00:00,0.0
2018-12-10 08:30:00,0.0
2018-12-10 09:00:00,0.0
2018-12-10 09:30:00,0.0
2018-12-10 10:00:00,0.0
2018-12-10 10:30:00,0.0
2018-12-10 11:00:00,0.0
2018-12-10 11:30:00,0.0
2018-12-10 12:00:00,0.0
2018-12-10 12:30:00,2.916
2018-12-10 13:00:00,2.916
2018-12-10 13:30:00,13.449250000000001
2018-12-10 14:00:00,18.892717132867134
2018-12-10 14:30:00,50.051354175563
2018-12-10 15:00:00,71.60259577220165
2018-12-10 15:30:00,107.87515334240922
2018-12-10 16:00:00,143.62104735950325
2018-12-10 16:30:00,151.32454735950324
2018-12-10 17:00:00,146.77588069283658
2018-12-10 17:30:00,137.69696402616992
2018-12-10 18:00:00,117.87589259759848
2018-12-10 18:30:00,117.87589259759848
2018-12-10 19:00:00,101.02589974045563
2018-12-10 19:30:00,94.01522766253355
2018-12-10 20:00:00,90.96595392515981
2018-12-10 20:30:00,77.57773426704016
2018-12-10 21:00:00,78.67213426704015
2018-12-10 21:30:00,73.49868188608777
2018-12-10 22:00:00,61.10576796667385
2018-12-10 22:30:00,42.902915219421104
2018-12-10 23:00:00,32.80031858076564
2018-12-10 23:30:00,20.83302380952381
2018-12-11 00:00:00,16.48752380952381
2018-12-11 00:30:00,16.48752380952381
2018-12-11 01:00:00,8.841033333333332
2018-12-11 01:30:00,8.841033333333332
2018-12-11 02:00:00,9.311033333333334
2018-12-11 02:30:00,6.444366666666666
2018-12-11 03:00:00,0.7898666666666667
2018-12-11 03:30:00,0.7898666666666667
2018-12-11 04:00:00,0.7898666666666667
2018-12-11 04:30:00,0.7898666666666667
2018-12-11 05:00:00,0.7898666666666667
2018-12-11 05:30:00,0.7898666666666667
2018-12-11 06:00:00,0.7898666666666667
2018-12-11 06:30:00,0.7898666666666667
2018-12-11 07:00:00,0.7898666666666667
2018-12-11 07:30:00,0.7898666666666667
2018-12-11 08:00:00,0.7898666666666667
2018-12-11 08:30:00,0.0
2018-12-11 09:00:00,0.0
2018-12-11 09:30:00,0.0
2018-12-11 10:00:00,0.0
2018-12-11 10:30:00,0.0
2018-12-11 11:00:00,0.0
2018-12-11 11:30:00,0.0
2018-12-11 12:00:00,0.0
2018-12-11 12:30:00,0.0
2018-12-11 13:00:00,0.0
2018-12-11 13:30:00,0.0
2018-12-11 14:00:00,18.60111111111111
2018-12-11 14:30:00,42.03039880952381
2018-12-11 15:00:00,73.17905595238095
2018-12-11 15:30:00,125.52606785714286
2018-12-11 16:00:00,125.11400674603175
2018-12-11 16:30:00,137.0674734126984
2018-12-11 17:00:00,124.79370674603175
2018-12-11 17:30:00,105.29497341269841
2018-12-11 18:00:00,103.60261626984126
2018-12-11 18:30:00,80.16179246031746
2018-12-11 19:00:00,65.70835833333334
2018-12-11 19:30:00,57.795291666666664
2018-12-11 20:00:00,43.781300396825394
2018-12-11 20:30:00,43.87707817460317
2018-12-11 21:00:00,49.849982936507935
2018-12-11 21:30:00,41.31838293650794
2018-12-11 22:00:00,45.075382936507935
2018-12-11 22:30:00,39.74500793650794
2018-12-11 23:00:00,37.74738015873016
2018-12-11 23:30:00,38.73955873015873
2018-12-12 00:00:00,37.48222539682539
2018-12-12 00:30:00,17.36187619047619
2018-12-12 01:00:00,12.898209523809523
2018-12-12 01:30:00,7.987809523809524
2018-12-12 02:00:00,7.987809523809524
2018-12-12 02:30:00,7.987809523809524
2018-12-12 03:00:00,1.9886666666666668
2018-12-12 03:30:00,1.9886666666666668
2018-12-12 04:00:00,0.0
2018-12-12 04:30:00,0.0
2018-12-12 05:00:00,0.0
2018-12-12 05:30:00,0.0
2018-12-12 06:00:00,0.0
2018-12-12 06:30:00,0.0
2018-12-12 07:00:00,0.0
2018-12-12 07:30:00,0.0
2018-12-12 08:00:00,0.0
2018-12-12 08:30:00,0.0
2018-12-12 09:00:00,0.0
2018-12-12 09:30:00,0.0
2018-12-12 10:00:00,0.0
2018-12-12 10:30:00,0.0
2018-12-12 11:00:00,0.0
2018-12-12 11:30:00,0.0
2018-12-12 12:00:00,0.0
2018-12-12 12:30:00,0.0
2018-12-12 13:00:00,0.0
2018-12-12 13:30:00,7.4972525252525255
2018-12-12 14:00:00,18.040085858585858
2018-12-12 14:30:00,36.933565783889314
2018-12-12 15:00:00,63.76301611163175
2018-12-12 15:30:00,128.3846233862285
2018-12-12 16:00:00,142.2636286076153
2018-12-12 16:30:00,139.03429527428196
2018-12-12 17:00:00,130.7436286076153
2018-12-12 17:30:00,112.88816194094863
2018-12-12 18:00:00,106.38113019491688
2018-12-12 18:30:00,92.21636829015497
2018-12-12 19:00:00,71.34477052680721
2018-12-12 19:30:00,75.80141338395006
2018-12-12 20:00:00,79.72077449506118
2018-12-12 20:30:00,75.70262064890734
2018-12-12 21:00:00,75.31818731557401
2018-12-12 21:30:00,64.23966167454836
2018-12-12 22:00:00,39.2279254108121
2018-12-12 22:30:00,26.44021112509781
2018-12-12 23:00:00,23.8410010410642
2018-12-12 23:30:00,26.825267707730866
2018-12-13 00:00:00,28.826267707730867
2018-12-13 00:30:00,24.79969460831566
2018-12-13 01:00:00,5.34690931174089
2018-12-13 01:30:00,7.733179487179487
2018-12-13 02:00:00,6.043179487179487
2018-12-13 02:30:00,5.617512820512821
2018-12-13 03:00:00,4.403666666666667
2018-12-13 03:30:00,4.403666666666667
2018-12-13 04:00:00,1.9763333333333335
2018-12-13 04:30:00,0.0
2018-12-13 05:00:00,0.0
2018-12-13 05:30:00,0.0
2018-12-13 06:00:00,0.0
2018-12-13 06:30:00,0.0
2018-12-13 07:00:00,0.0
2018-12-13 07:30:00,0.0
2018-12-13 08:00:00,0.0
2018-12-13 08:30:00,0.0
2018-12-13 09:00:00,0.0
2018-12-13 09:30:00,0.0
2018-12-13 10:00:00,0.0
2018-12-13 10:30:00,0.0
2018-12-13 11:00:00,0.0
2018-12-13 11:30:00,0.0
2018-12-13 12:00:00,0.0
2018-12-13 12:30:00,0.0
2018-12-13 13:00:00,0.0
2018-12-13 13:30:00,7.226000000000001
2018-12-13 14:00:00,14.101966666666666
2018-12-13 14:30:00,30.371331746031746
2018-12-13 15:00:00,62.789098412698415
2018-12-13 15:30:00,97.21233681139122
2018-12-13 16:00:00,125.11562014472456
2018-12-13 16:30:00,134.71210903361344
2018-12-13 17:00:00,133.1950757002801
2018-12-13 17:30:00,118.98834236694678
2018-12-13 18:00:00,113.43274236694678
2018-12-13 18:30:00,99.93968681139123
2018-12-13 19:00:00,88.33083125583568
2018-12-13 19:30:00,79.83149792250234
2018-12-13 20:00:00,84.45935903361345
2018-12-13 20:30:00,70.31285903361345
2018-12-13 21:00:00,62.17400347805789
2018-12-13 21:30:00,64.2280272875817
2018-12-13 22:00:00,61.42389395424836
2018-12-13 22:30:00,58.77256062091503
2018-12-13 23:00:00,45.86134950980392
2018-12-13 23:30:00,31.559841176470588
2018-12-14 00:00:00,25.0243
2018-12-14 00:30:00,21.312633333333334
2018-12-14 01:00:00,26.777433333333335
2018-12-14 01:30:00,20.7241
2018-12-14 02:00:00,2.9355
2018-12-14 02:30:00,2.9355
2018-12-14 03:00:00,0.0
2018-12-14 03:30:00,0.0
2018-12-14 04:00:00,0.0
2018-12-14 04:30:00,0.0
2018-12-14 05:00:00,0.0
2018-12-14 05:30:00,0.0
2018-12-14 06:00:00,0.0
2018-12-14 06:30:00,0.0
2018-12-14 07:00:00,0.0
2018-12-14 07:30:00,0.0
2018-12-14 08:00:00,0.0
2018-12-14 08:30:00,0.0
2018-12-14 09:00:00,0.0
2018-12-14 09:30:00,0.0
2018-12-14 10:00:00,0.0
2018-12-14 10:30:00,0.0
2018-12-14 11:00:00,0.0
2018-12-14 11:30:00,0.0
2018-12-14 12:00:00,0.0
2018-12-14 12:30:00,0.0
2018-12-14 13:00:00,0.0
2018-12-14 13:30:00,2.023090909090909
2018-12-14 14:00:00,8.803090909090908
2018-12-14 14:30:00,27.740209207459205
2018-12-14 15:00:00,69.05649914529914
2018-12-14 15:30:00,120.38373912753913
2018-12-14 16:00:00,158.68527166722166
2018-12-14 16:30:00,161.182605000555
2018-12-14 17:00:00,153.48393833388835
2018-12-14 17:30:00,144.948605000555
2018-12-14 18:00:00,140.419105000555
2018-12-14 18:30:00,127.04602166722167
2018-12-14 19:00:00,106.36920456765456
2018-12-14 19:30:00,86.20899425019425
2018-12-14 20:00:00,74.88745031080032
2018-12-14 20:30:00,58.30649071484071
2018-12-14 21:00:00,41.94062631257631
2018-12-14 21:30:00,29.048523748473748
2018-12-14 22:00:00,22.174646825396824
2018-12-14 22:30:00,18.915580158730158
2018-12-14 23:00:00,15.871080158730159
2018-12-14 23:30:00,20.630830158730156
2018-12-15 00:00:00,27.372163492063493
2018-12-15 00:30:00,6.5075666666666665
2018-12-15 01:00:00,3.6376666666666666
2018-12-15 01:30:00,2.911
2018-12-15 02:00:00,2.911
2018-12-15 02:30:00,4.651
2018-12-15 03:00:00,1.14
2018-12-15 03:30:00,4.294
2018-12-15 04:00:00,0.0
2018-12-15 04:30:00,0.0
2018-12-15 05:00:00,0.0
2018-12-15 05:30:00,0.0
2018-12-15 06:00:00,0.0
2018-12-15 06:30:00,0.0
2018-12-15 07:00:00,0.0
2018-12-15 07:30:00,0.0
2018-12-15 08:00:00,0.0
2018-12-15 08:30:00,0.0
2018-12-15 09:00:00,0.0
2018-12-15 09:30:00,0.0
2018-12-15 10:00:00,0.0
2018-12-15 10:30:00,0.0
2018-12-15 11:00:00,0.0
2018-12-15 11:30:00,0.0
2018-12-15 12:00:00,0.0
2018-12-15 12:30:00,0.0
2018-12-15 13:00:00,0.0
2018-12-15 13:30:00,0.0
2018-12-15 14:00:00,2.95
2018-12-15 14:30:00,2.95
2018-12-15 15:00:00,2.95
2018-12-15 15:30:00,2.95
2018-12-15 16:00:00,9.140222222222222
2018-12-15 16:30:00,9.140222222222222
2018-12-15 17:00:00,12.697155555555556
2018-12-15 17:30:00,12.697155555555556
2018-12-15 18:00:00,9.747155555555556
2018-12-15 18:30:00,9.747155555555556
2018-12-15 19:00:00,9.747155555555556
2018-12-15 19:30:00,9.747155555555556
2018-12-15 20:00:00,6.355822222222223
2018-12-15 20:30:00,0.1656
2018-12-15 21:00:00,0.1656
2018-12-15 21:30:00,3.5293142857142854
2018-12-15 22:00:00,6.906714285714285
2018-12-15 22:30:00,6.906714285714285
2018-12-15 23:00:00,6.906714285714285
2018-12-15 23:30:00,6.906714285714285
2018-12-16 00:00:00,3.3637142857142854
2018-12-16 00:30:00,3.3637142857142854
2018-12-16 01:00:00,0.0
2018-12-16 01:30:00,0.0
2018-12-16 02:00:00,0.0
2018-12-16 02:30:00,0.0
2018-12-16 03:00:00,0.0
2018-12-16 03:30:00,0.0
2018-12-16 04:00:00,0.0
2018-12-16 04:30:00,0.0
2018-12-16 05:00:00,0.0
2018-12-16 05:30:00,0.0
2018-12-16 06:00:00,0.0
2018-12-16 06:30:00,0.0
2018-12-16 07:00:00,0.0
2018-12-16 07:30:00,0.0
2018-12-16 08:00:00,0.0
2018-12-16 08:30:00,0.0
2018-12-16 09:00:00,0.0
2018-12-16 09:30:00,0.0
2018-12-16 10:00:00,0.0
2018-12-16 10:30:00,0.0
2018-12-16 11:00:00,0.0
2018-12-16 11:30:00,0.0
2018-12-16 12:00:00,0.0
2018-12-16 12:30:00,0.0
2018-12-16 13:00:00,0.0
2018-12-16 13:30:00,0.0
2018-12-16 14:00:00,0.0
2018-12-16 14:30:00,0.0
2018-12-16 15:00:00,0.0
2018-12-16 15:30:00,0.0
2018-12-16 16:00:00,0.0
2018-12-16 16:30:00,0.0
2018-12-16 17:00:00,0.0
2018-12-16 17:30:00,0.0
2018-12-16 18:00:00,0.0
2018-12-16 18:30:00,0.0
2018-12-16 19:00:00,0.0
2018-12-16 19:30:00,0.0
2018-12-16 20:00:00,6.614400000000001
2018-12-16 20:30:00,6.614400000000001
2018-12-16 21:00:00,6.614400000000001
2018-12-16 21:30:00,6.614400000000001
2018-12-16 22:00:00,11.3664
2018-12-16 22:30:00,4.752
2018-12-16 23:00:00,4.752
2018-12-16 23:30:00,4.752
2018-12-17 00:00:00,0.0
2018-12-17 00:30:00,0.0
2018-12-17 01:00:00,0.0
2018-12-17 01:30:00,0.0
2018-12-17 02:00:00,0.0
2018-12-17 02:30:00,0.0
2018-12-17 03:00:00,0.0
2018-12-17 03:30:00,0.0
2018-12-17 04:00:00,0.0
2018-12-17 04:30:00,0.0
2018-12-17 05:00:00,0.0
2018-12-17 05:30:00,0.0
2018-12-17 06:00:00,0.0
2018-12-17 06:30:00,0.0
2018-12-17 07:00:00,0.0
2018-12-17 07:30:00,0.0
2018-12-17 08:00:00,0.0
2018-12-17 08:30:00,0.0
2018-12-17 09:00:00,0.0
2018-12-17 09:30:00,0.0
2018-12-17 10:00:00,0.0
2018-12-17 10:30:00,0.0
2018-12-17 11:00:00,0.0
2018-12-17 11:30:00,0.0
2018-12-17 12:00:00,0.0
2018-12-17 12:30:00,0.0
2018-12-17 13:00:00,1.692
2018-12-17 13:30:00,9.183153846153846
2018-12-17 14:00:00,23.023249084249084
2018-12-17 14:30:00,42.275906227106226
2018-12-17 15:00:00,65.49231098901099
2018-12-17 15:30:00,102.70699434176935
2018-12-17 16:00:00,151.74240343267843
2018-12-17 16:30:00,141.81840343267842
2018-12-17 17:00:00,135.59433676601176
2018-12-17 17:30:00,132.11890819458318
2018-12-17 18:00:00,114.67544152791653
2018-12-17 18:30:00,105.93277486124987
2018-12-17 19:00:00,95.3981081945832
2018-12-17 19:30:00,77.96412486124986
2018-12-17 20:00:00,67.61714879287379
2018-12-17 20:30:00,70.58634879287379
2018-12-17 21:00:00,76.9974306110556
2018-12-17 21:30:00,59.38724771062272
2018-12-17 22:00:00,31.355315476190476
2018-12-17 22:30:00,32.33598214285715
2018-12-17 23:00:00,36.367782142857145
2018-12-17 23:30:00,43.47764047619048
2018-12-18 00:00:00,39.23483095238095
2018-12-18 00:30:00,46.459830952380955
2018-12-18 01:00:00,31.42309761904762
2018-12-18 01:30:00,23.990323809523808
2018-12-18 02:00:00,19.00952380952381
2018-12-18 02:30:00,14.60252380952381
2018-12-18 03:00:00,5.704857142857143
2018-12-18 03:30:00,0.0
2018-12-18 04:00:00,0.0
2018-12-18 04:30:00,0.0
2018-12-18 05:00:00,0.0
2018-12-18 05:30:00,0.0
2018-12-18 06:00:00,5.0473333333333334
2018-12-18 06:30:00,5.0473333333333334
2018-12-18 07:00:00,5.0473333333333334
2018-12-18 07:30:00,5.0473333333333334
2018-12-18 08:00:00,5.0473333333333334
2018-12-18 08:30:00,5.0473333333333334
2018-12-18 09:00:00,0.0
2018-12-18 09:30:00,0.0
2018-12-18 10:00:00,0.0
2018-12-18 10:30:00,0.0
2018-12-18 11:00:00,0.0
2018-12-18 11:30:00,0.0
2018-12-18 12:00:00,0.0
2018-12-18 12:30:00,0.0
2018-12-18 13:00:00,0.10433333333333333
2018-12-18 13:30:00,3.0933333333333333
2018-12-18 14:00:00,25.391553177257524
2018-12-18 14:30:00,42.82439762170197
2018-12-18 15:00:00,76.68790889989747
2018-12-18 15:30:00,138.25409842845943
2018-12-18 16:00:00,152.42379366655464
2018-12-18 16:30:00,152.42379366655464
2018-12-18 17:00:00,145.88029366655465
2018-12-18 17:30:00,125.95202699988799
2018-12-18 18:00:00,109.85642699988799
2018-12-18 18:30:00,98.56242699988799
2018-12-18 19:00:00,88.24605398401496
2018-12-18 19:30:00,81.41130874591973
2018-12-18 20:00:00,84.73518652369751
2018-12-18 20:30:00,79.3322942160052
2018-12-18 21:00:00,71.20363360994459
2018-12-18 21:30:00,64.88070027661126
2018-12-18 22:00:00,47.5206911191021
2018-12-18 22:30:00,46.416691119102104
2018-12-18 23:00:00,38.1284911191021
2018-12-18 23:30:00,59.6633911191021
2018-12-19 00:00:00,55.13872445243543
2018-12-19 00:30:00,43.464689364716136
2018-12-19 01:00:00,35.414531469979295
2018-12-19 01:30:00,11.904008695652173
2018-12-19 02:00:00,3.0646086956521743
2018-12-19 02:30:00,3.0646086956521743
2018-12-19 03:00:00,5.657
2018-12-19 03:30:00,5.657
2018-12-19 04:00:00,5.657
2018-12-19 04:30:00,5.657
2018-12-19 05:00:00,1.969
2018-12-19 05:30:00,1.969
2018-12-19 06:00:00,0.0
2018-12-19 06:30:00,0.0
2018-12-19 07:00:00,0.0
2018-12-19 07:30:00,0.0
2018-12-19 08:00:00,0.0
2018-12-19 08:30:00,0.0
2018-12-19 09:00:00,0.0
2018-12-19 09:30:00,0.0
2018-12-19 10:00:00,0.0
2018-12-19 10:30:00,0.0
2018-12-19 11:00:00,0.0
2018-12-19 11:30:00,0.0
2018-12-19 12:00:00,0.0
2018-12-19 12:30:00,0.0
2018-12-19 13:00:00,0.0
2018-12-19 13:30:00,14.820285714285713
2018-12-19 14:00:00,30.046444688644687
2018-12-19 14:30:00,40.82140145444511
2018-12-19 15:00:00,90.02549708936574
2018-12-19 15:30:00,129.86831137508003
2018-12-19 16:00:00,144.94008821490687
2018-12-19 16:30:00,159.6922792405479
2018-12-19 17:00:00,155.52261257388122
2018-12-19 17:30:00,140.0808792405479
2018-12-19 18:00:00,123.09589035165901
2018-12-19 18:30:00,105.25177130403996
2018-12-19 19:00:00,96.37035146277012
2018-12-19 19:30:00,77.72054987546854
2018-12-19 20:00:00,72.56196048152914
2018-12-19 20:30:00,75.49201817383683
2018-12-19 21:00:00,69.07281817383682
2018-12-19 21:30:00,58.17338181020046
2018-12-19 22:00:00,44.46952466734332
2018-12-19 22:30:00,32.47758022289888
2018-12-19 23:00:00,24.17942694235589
2018-12-19 23:30:00,23.90492694235589
2018-12-20 00:00:00,21.26327380952381
2018-12-20 00:30:00,21.26327380952381
2018-12-20 01:00:00,24.03577380952381
2018-12-20 01:30:00,18.053607142857143
2018-12-20 02:00:00,18.053607142857143
2018-12-20 02:30:00,18.053607142857143
2018-12-20 03:00:00,6.048857142857143
2018-12-20 03:30:00,2.824
2018-12-20 04:00:00,0.0
2018-12-20 04:30:00,0.0
2018-12-20 05:00:00,0.0
2018-12-20 05:30:00,0.0
2018-12-20 06:00:00,0.0
2018-12-20 06:30:00,0.0
2018-12-20 07:00:00,0.0
2018-12-20 07:30:00,0.0
2018-12-20 08:00:00,0.0
2018-12-20 08:30:00,0.0
2018-12-20 09:00:00,0.0
2018-12-20 09:30:00,0.0
2018-12-20 10:00:00,0.0
2018-12-20 10:30:00,0.0
2018-12-20 11:00:00,0.0
2018-12-20 11:30:00,0.0
2018-12-20 12:00:00,0.0
2018-12-20 12:30:00,0.0
2018-12-20 13:00:00,2.6322222222222225
2018-12-20 13:30:00,5.585222222222223
2018-12-20 14:00:00,17.59245042735043
2018-12-20 14:30:00,37.557992584213174
2018-12-20 15:00:00,59.568444856940445
2018-12-20 15:30:00,99.83871024155583
2018-12-20 16:00:00,138.84451976536536
2018-12-20 16:30:00,151.09624198758758
2018-12-20 17:00:00,151.40803044912604
2018-12-20 17:30:00,133.83770822690383
2018-12-20 18:00:00,119.78540822690381
2018-12-20 18:30:00,109.98855822690382
2018-12-20 19:00:00,109.76495822690381
2018-12-20 19:30:00,95.84526536976097
2018-12-20 20:00:00,83.27737648087206
2018-12-20 20:30:00,84.2808702093658
2018-12-20 21:00:00,75.86359798714358
2018-12-20 21:30:00,92.23084798714358
2018-12-20 22:00:00,73.13596593586152
2018-12-20 22:30:00,70.51196593586153
2018-12-20 23:00:00,51.471182112332116
2018-12-20 23:30:00,66.95112698412699
2018-12-21 00:00:00,60.86055555555556
2018-12-21 00:30:00,46.03577777777778
2018-12-21 01:00:00,19.601333333333333
2018-12-21 01:30:00,11.604083333333334
2018-12-21 02:00:00,11.604083333333334
2018-12-21 02:30:00,2.89175
2018-12-21 03:00:00,2.89175
2018-12-21 03:30:00,0.0
2018-12-21 04:00:00,0.0
2018-12-21 04:30:00,0.0
2018-12-21 05:00:00,0.0
2018-12-21 05:30:00,0.0
2018-12-21 06:00:00,0.0
2018-12-21 06:30:00,0.0
2018-12-21 07:00:00,0.0
2018-12-21 07:30:00,0.0
2018-12-21 08:00:00,0.0
2018-12-21 08:30:00,0.0
2018-12-21 09:00:00,0.0
2018-12-21 09:30:00,0.0
2018-12-21 10:00:00,0.0
2018-12-21 10:30:00,0.0
2018-12-21 11:00:00,0.0
2018-12-21 11:30:00,0.0
2018-12-21 12:00:00,0.0
2018-12-21 12:30:00,0.0
2018-12-21 13:00:00,0.0
2018-12-21 13:30:00,4.677738562091504
2018-12-21 14:00:00,8.671738562091504
2018-12-21 14:30:00,8.671738562091504
2018-12-21 15:00:00,15.454242973856209
2018-12-21 15:30:00,15.054687418300654
2018-12-21 16:00:00,20.28087789449113
2018-12-21 16:30:00,20.28087789449113
2018-12-21 17:00:00,21.155113188608777
2018-12-21 17:30:00,17.569779855275442
2018-12-21 18:00:00,17.569779855275442
2018-12-21 18:30:00,17.758002077497665
2018-12-21 19:00:00,25.797752077497666
2018-12-21 19:30:00,25.797752077497666
2018-12-21 20:00:00,31.55502906162465
2018-12-21 20:30:00,31.55502906162465
2018-12-21 21:00:00,30.52502906162465
2018-12-21 21:30:00,30.52502906162465
2018-12-21 22:00:00,23.90673494397759
2018-12-21 22:30:00,24.032290499533147
2018-12-21 23:00:00,16.54608613445378
2018-12-21 23:30:00,3.9759852941176472
2018-12-22 00:00:00,7.008235294117647
2018-12-22 00:30:00,0.8742352941176471
2018-12-22 01:00:00,0.8742352941176471
2018-12-22 01:30:00,0.0
2018-12-22 02:00:00,0.0
2018-12-22 02:30:00,0.0
2018-12-22 03:00:00,0.0
2018-12-22 03:30:00,0.0
2018-12-22 04:00:00,0.0
2018-12-22 04:30:00,0.0
2018-12-22 05:00:00,0.0
2018-12-22 05:30:00,0.0
2018-12-22 06:00:00,0.0
2018-12-22 06:30:00,0.0
2018-12-22 07:00:00,0.0
2018-12-22 07:30:00,0.0
2018-12-22 08:00:00,0.0
2018-12-22 08:30:00,0.0
2018-12-22 09:00:00,0.0
2018-12-22 09:30:00,0.0
2018-12-22 10:00:00,0.0
2018-12-22 10:30:00,0.0
2018-12-22 11:00:00,0.0
2018-12-22 11:30:00,0.0
2018-12-22 12:00:00,0.0
2018-12-22 12:30:00,0.0
2018-12-22 13:00:00,0.0
2018-12-22 13:30:00,0.0
2018-12-22 14:00:00,0.0
2018-12-22 14:30:00,0.0
2018-12-22 15:00:00,0.0
2018-12-22 15:30:00,0.0
2018-12-22 16:00:00,0.0
2018-12-22 16:30:00,0.0
2018-12-22 17:00:00,0.0
2018-12-22 17:30:00,0.0
2018-12-22 18:00:00,0.0
2018-12-22 18:30:00,0.0
2018-12-22 19:00:00,0.0
2018-12-22 19:30:00,0.0
2018-12-22 20:00:00,0.0
2018-12-22 20:30:00,0.0
2018-12-22 21:00:00,0.0
2018-12-22 21:30:00,0.0
2018-12-22 22:00:00,0.0
2018-12-22 22:30:00,0.0
2018-12-22 23:00:00,0.0
2018-12-22 23:30:00,0.0
2018-12-23 00:00:00,0.0
2018-12-23 00:30:00,0.0
2018-12-23 01:00:00,0.0
2018-12-23 01:30:00,0.0
2018-12-23 02:00:00,0.0
2018-12-23 02:30:00,0.0
2018-12-23 03:00:00,0.0
2018-12-23 03:30:00,0.0
2018-12-23 04:00:00,0.0
2018-12-23 04:30:00,0.0
2018-12-23 05:00:00,0.0
2018-12-23 05:30:00,0.0
2018-12-23 06:00:00,0.0
2018-12-23 06:30:00,0.0
2018-12-23 07:00:00,0.0
2018-12-23 07:30:00,0.0
2018-12-23 08:00:00,0.0
2018-12-23 08:30:00,0.0
2018-12-23 09:00:00,0.0
2018-12-23 09:30:00,0.0
2018-12-23 10:00:00,0.0
2018-12-23 10:30:00,0.0
2018-12-23 11:00:00,0.0
2018-12-23 11:30:00,0.0
2018-12-23 12:00:00,0.0
2018-12-23 12:30:00,0.0
2018-12-23 13:00:00,0.0
2018-12-23 13:30:00,0.0
2018-12-23 14:00:00,0.0
2018-12-23 14:30:00,0.0
2018-12-23 15:00:00,0.0
2018-12-23 15:30:00,0.0
2018-12-23 16:00:00,0.0
2018-12-23 16:30:00,0.0
2018-12-23 17:00:00,0.0
2018-12-23 17:30:00,0.0
2018-12-23 18:00:00,0.0
2018-12-23 18:30:00,0.0
2018-12-23 19:00:00,0.0
2018-12-23 19:30:00,0.0
2018-12-23 20:00:00,0.0
2018-12-23 20:30:00,0.0
2018-12-23 21:00:00,0.0
2018-12-23 21:30:00,0.0
2018-12-23 22:00:00,0.0
2018-12-23 22:30:00,0.0
2018-12-23 23:00:00,0.0
2018-12-23 23:30:00,0.0
2018-12-24 00:00:00,0.0
2018-12-24 00:30:00,0.0
2018-12-24 01:00:00,0.0
2018-12-24 01:30:00,0.0
2018-12-24 02:00:00,0.0
2018-12-24 02:30:00,0.0
2018-12-24 03:00:00,0.0
2018-12-24 03:30:00,0.0
2018-12-24 04:00:00,0.0
2018-12-24 04:30:00,0.0
2018-12-24 05:00:00,0.0
2018-12-24 05:30:00,0.0
2018-12-24 06:00:00,0.0
2018-12-24 06:30:00,0.0
2018-12-24 07:00:00,0.0
2018-12-24 07:30:00,0.0
2018-12-24 08:00:00,0.0
2018-12-24 08:30:00,0.0
2018-12-24 09:00:00,0.0
2018-12-24 09:30:00,0.0
2018-12-24 10:00:00,0.0
2018-12-24 10:30:00,0.0
2018-12-24 11:00:00,0.0
2018-12-24 11:30:00,0.0
2018-12-24 12:00:00,0.0
2018-12-24 12:30:00,0.0
2018-12-24 13:00:00,0.0
2018-12-24 13:30:00,3.0025
2018-12-24 14:00:00,3.0025
2018-12-24 14:30:00,3.0025
2018-12-24 15:00:00,3.0025
2018-12-24 15:30:00,3.0025
2018-12-24 16:00:00,3.0025
2018-12-24 16:30:00,3.0025
2018-12-24 17:00:00,3.0025
2018-12-24 17:30:00,0.0
2018-12-24 18:00:00,0.0
2018-12-24 18:30:00,0.0
2018-12-24 19:00:00,0.0
2018-12-24 19:30:00,0.0
2018-12-24 20:00:00,0.0
2018-12-24 20:30:00,0.0
2018-12-24 21:00:00,0.0
2018-12-24 21:30:00,0.0
2018-12-24 22:00:00,0.0
2018-12-24 22:30:00,0.0
2018-12-24 23:00:00,0.0
2018-12-24 23:30:00,0.0
2018-12-25 00:00:00,0.0
2018-12-25 00:30:00,0.0
2018-12-25 01:00:00,0.0
2018-12-25 01:30:00,0.0
2018-12-25 02:00:00,0.0
2018-12-25 02:30:00,0.0
2018-12-25 03:00:00,0.0
2018-12-25 03:30:00,0.0
2018-12-25 04:00:00,0.0
2018-12-25 04:30:00,0.0
2018-12-25 05:00:00,0.0
2018-12-25 05:30:00,0.0
2018-12-25 06:00:00,0.0
2018-12-25 06:30:00,0.0
2018-12-25 07:00:00,0.0
2018-12-25 07:30:00,0.0
2018-12-25 08:00:00,0.0
2018-12-25 08:30:00,0.0
2018-12-25 09:00:00,0.0
2018-12-25 09:30:00,0.0
2018-12-25 10:00:00,0.0
2018-12-25 10:30:00,0.0
2018-12-25 11:00:00,0.0
2018-12-25 11:30:00,0.0
2018-12-25 12:00:00,0.0
2018-12-25 12:30:00,0.0
2018-12-25 13:00:00,0.0
2018-12-25 13:30:00,0.0
2018-12-25 14:00:00,0.0
2018-12-25 14:30:00,0.0
2018-12-25 15:00:00,0.0
2018-12-25 15:30:00,0.0
2018-12-25 16:00:00,0.0
2018-12-25 16:30:00,0.0
2018-12-25 17:00:00,0.0
2018-12-25 17:30:00,0.0
2018-12-25 18:00:00,0.0
2018-12-25 18:30:00,0.0
2018-12-25 19:00:00,0.0
2018-12-25 19:30:00,6.7856
2018-12-25 20:00:00,6.7856
2018-12-25 20:30:00,6.7856
2018-12-25 21:00:00,6.7856
2018-12-25 21:30:00,6.7856
2018-12-25 22:00:00,0.0
2018-12-25 22:30:00,0.0
2018-12-25 23:00:00,0.0
2018-12-25 23:30:00,0.0
2018-12-26 00:00:00,0.0
2018-12-26 00:30:00,0.0
2018-12-26 01:00:00,0.0
2018-12-26 01:30:00,0.0
2018-12-26 02:00:00,0.0
2018-12-26 02:30:00,0.0
2018-12-26 03:00:00,0.0
2018-12-26 03:30:00,0.0
2018-12-26 04:00:00,0.0
2018-12-26 04:30:00,0.0
2018-12-26 05:00:00,0.0
2018-12-26 05:30:00,0.0
2018-12-26 06:00:00,0.0
2018-12-26 06:30:00,0.0
2018-12-26 07:00:00,0.0
2018-12-26 07:30:00,5.178
2018-12-26 08:00:00,5.178
2018-12-26 08:30:00,5.178
2018-12-26 09:00:00,0.0
2018-12-26 09:30:00,0.0
2018-12-26 10:00:00,0.0
2018-12-26 10:30:00,0.0
2018-12-26 11:00:00,0.0
2018-12-26 11:30:00,0.0
2018-12-26 12:00:00,3.7207999999999997
2018-12-26 12:30:00,3.7207999999999997
2018-12-26 13:00:00,3.7207999999999997
2018-12-26 13:30:00,3.7207999999999997
2018-12-26 14:00:00,9.71255
2018-12-26 14:30:00,14.53976403508772
2018-12-26 15:00:00,34.64355279106858
2018-12-26 15:30:00,46.79833056884636
2018-12-26 16:00:00,60.25641945773525
2018-12-26 16:30:00,62.49558612440191
2018-12-26 17:00:00,79.91353255297334
2018-12-26 17:30:00,71.49419921964001
2018-12-26 18:00:00,75.37793493392573
2018-12-26 18:30:00,76.09791675210754
2018-12-26 19:00:00,77.29843341877421
2018-12-26 19:30:00,68.03303341877421
2018-12-26 20:00:00,55.82385564099643
2018-12-26 20:30:00,43.94297887331966
2018-12-26 21:00:00,36.05897887331966
2018-12-26 21:30:00,32.112693159033945
2018-12-26 22:00:00,41.642693159033946
2018-12-26 22:30:00,37.87152649236728
2018-12-26 23:00:00,37.87152649236728
2018-12-26 23:30:00,33.11185982570061
2018-12-27 00:00:00,23.545559210526314
2018-12-27 00:30:00,8.558875
2018-12-27 01:00:00,2.727
2018-12-27 01:30:00,2.727
2018-12-27 02:00:00,10.551833333333333
2018-12-27 02:30:00,7.824833333333332
2018-12-27 03:00:00,9.790833333333333
2018-12-27 03:30:00,5.0855
2018-12-27 04:00:00,0.0
2018-12-27 04:30:00,0.0
2018-12-27 05:00:00,0.0
2018-12-27 05:30:00,0.0
2018-12-27 06:00:00,0.0
2018-12-27 06:30:00,0.0
2018-12-27 07:00:00,0.0
2018-12-27 07:30:00,0.0
2018-12-27 08:00:00,0.0
2018-12-27 08:30:00,0.0
2018-12-27 09:00:00,0.0
2018-12-27 09:30:00,0.0
2018-12-27 10:00:00,0.0
2018-12-27 10:30:00,0.0
2018-12-27 11:00:00,0.0
2018-12-27 11:30:00,0.0
2018-12-27 12:00:00,3.1673333333333336
2018-12-27 12:30:00,3.1673333333333336
2018-12-27 13:00:00,3.1673333333333336
2018-12-27 13:30:00,3.9745833333333334
2018-12-27 14:00:00,14.661083333333334
2018-12-27 14:30:00,23.258309523809523
2018-12-27 15:00:00,28.52649007936508
2018-12-27 15:30:00,60.655940844286434
2018-12-27 16:00:00,78.54173088757648
2018-12-27 16:30:00,81.81639755424314
2018-12-27 17:00:00,89.90276660186218
2018-12-27 17:30:00,95.7477166018622
2018-12-27 18:00:00,88.009990411386
2018-12-27 18:30:00,89.621740411386
2018-12-27 19:00:00,71.25778803043362
2018-12-27 19:30:00,71.56360707805267
2018-12-27 20:00:00,60.843907078052666
2018-12-27 20:30:00,58.07228803043362
2018-12-27 21:00:00,53.912538030433616
2018-12-27 21:30:00,55.47037893952452
2018-12-27 22:00:00,50.93373333512892
2018-12-27 22:30:00,50.502019049414635
2018-12-27 23:00:00,43.74439404941464
2018-12-27 23:30:00,39.51922738274797
2018-12-28 00:00:00,26.144613003663004
2018-12-28 00:30:00,20.341413003663003
2018-12-28 01:00:00,19.357413003663005
2018-12-28 01:30:00,12.115020146520147
2018-12-28 02:00:00,6.724448717948718
2018-12-28 02:30:00,1.2166153846153847
2018-12-28 03:00:00,1.2166153846153847
2018-12-28 03:30:00,1.2166153846153847
2018-12-28 04:00:00,1.2166153846153847
2018-12-28 04:30:00,0.0
2018-12-28 05:00:00,0.0
2018-12-28 05:30:00,0.0
2018-12-28 06:00:00,0.0
2018-12-28 06:30:00,0.0
2018-12-28 07:00:00,0.0
2018-12-28 07:30:00,0.0
2018-12-28 08:00:00,0.0
2018-12-28 08:30:00,0.0
2018-12-28 09:00:00,0.0
2018-12-28 09:30:00,0.0
2018-12-28 10:00:00,0.0
2018-12-28 10:30:00,0.0
2018-12-28 11:00:00,0.0
2018-12-28 11:30:00,0.0
2018-12-28 12:00:00,0.0
2018-12-28 12:30:00,0.0
2018-12-28 13:00:00,0.0
2018-12-28 13:30:00,0.0
2018-12-28 14:00:00,5.505
2018-12-28 14:30:00,12.0425
2018-12-28 15:00:00,23.757575
2018-12-28 15:30:00,34.670575
2018-12-28 16:00:00,33.61089368131868
2018-12-28 16:30:00,38.41553004495504
2018-12-28 17:00:00,66.27963837828838
2018-12-28 17:30:00,57.940838378288376
2018-12-28 18:00:00,67.36677115139761
2018-12-28 18:30:00,61.83327115139762
2018-12-28 19:00:00,64.92827115139762
2018-12-28 19:30:00,59.903871151397624
2018-12-28 20:00:00,47.45713781806429
2018-12-28 20:30:00,41.870337818064286
2018-12-28 21:00:00,32.487837818064285
2018-12-28 21:30:00,29.315552103778575
2018-12-28 22:00:00,30.450582406808877
2018-12-28 22:30:00,29.604120868347337
2018-12-28 23:00:00,16.967188725490196
2018-12-28 23:30:00,11.48252205882353
2018-12-29 00:00:00,11.48252205882353
2018-12-29 00:30:00,17.495188725490195
2018-12-29 01:00:00,6.886313725490196
2018-12-29 01:30:00,6.886313725490196
2018-12-29 02:00:00,0.8736470588235294
2018-12-29 02:30:00,0.0
2018-12-29 03:00:00,0.0
2018-12-29 03:30:00,0.0
2018-12-29 04:00:00,0.0
2018-12-29 04:30:00,0.0
2018-12-29 05:00:00,0.0
2018-12-29 05:30:00,0.0
2018-12-29 06:00:00,0.0
2018-12-29 06:30:00,0.0
2018-12-29 07:00:00,0.0
2018-12-29 07:30:00,0.0
2018-12-29 08:00:00,0.0
2018-12-29 08:30:00,0.0
2018-12-29 09:00:00,0.0
2018-12-29 09:30:00,0.0
2018-12-29 10:00:00,0.0
2018-12-29 10:30:00,0.0
2018-12-29 11:00:00,0.0
2018-12-29 11:30:00,0.0
2018-12-29 12:00:00,0.0
2018-12-29 12:30:00,0.0
2018-12-29 13:00:00,0.0
2018-12-29 13:30:00,0.0
2018-12-29 14:00:00,0.0
2018-12-29 14:30:00,0.0
2018-12-29 15:00:00,0.0
2018-12-29 15:30:00,0.0
2018-12-29 16:00:00,0.0
2018-12-29 16:30:00,0.0
2018-12-29 17:00:00,0.0
2018-12-29 17:30:00,0.0
2018-12-29 18:00:00,0.0
2018-12-29 18:30:00,0.0
2018-12-29 19:00:00,0.0
2018-12-29 19:30:00,0.0
2018-12-29 20:00:00,0.0
2018-12-29 20:30:00,0.0
2018-12-29 21:00:00,0.0
2018-12-29 21:30:00,0.0
2018-12-29 22:00:00,0.0
2018-12-29 22:30:00,0.0
2018-12-29 23:00:00,0.0
2018-12-29 23:30:00,0.0
2018-12-30 00:00:00,0.0
2018-12-30 00:30:00,0.0
2018-12-30 01:00:00,0.0
2018-12-30 01:30:00,0.0
2018-12-30 02:00:00,0.0
2018-12-30 02:30:00,0.0
2018-12-30 03:00:00,0.0
2018-12-30 03:30:00,0.0
2018-12-30 04:00:00,0.0
2018-12-30 04:30:00,0.0
2018-12-30 05:00:00,0.0
2018-12-30 05:30:00,0.0
2018-12-30 06:00:00,0.0
2018-12-30 06:30:00,0.0
2018-12-30 07:00:00,0.0
2018-12-30 07:30:00,0.0
2018-12-30 08:00:00,0.0
2018-12-30 08:30:00,0.0
2018-12-30 09:00:00,0.0
2018-12-30 09:30:00,0.0
2018-12-30 10:00:00,0.0
2018-12-30 10:30:00,0.0
2018-12-30 11:00:00,0.0
2018-12-30 11:30:00,0.0
2018-12-30 12:00:00,0.0
2018-12-30 12:30:00,0.0
2018-12-30 13:00:00,0.0
2018-12-30 13:30:00,0.0
2018-12-30 14:00:00,0.0
2018-12-30 14:30:00,0.0
2018-12-30 15:00:00,0.0
2018-12-30 15:30:00,0.0
2018-12-30 16:00:00,0.0
2018-12-30 16:30:00,0.0
2018-12-30 17:00:00,0.0
2018-12-30 17:30:00,0.0
2018-12-30 18:00:00,0.0
2018-12-30 18:30:00,0.0
2018-12-30 19:00:00,0.0
2018-12-30 19:30:00,0.0
2018-12-30 20:00:00,0.0
2018-12-30 20:30:00,0.0
2018-12-30 21:00:00,0.0
2018-12-30 21:30:00,0.0
2018-12-30 22:00:00,0.0
2018-12-30 22:30:00,0.0
2018-12-30 23:00:00,0.0
2018-12-30 23:30:00,0.0
2018-12-31 00:00:00,0.0
2018-12-31 00:30:00,0.0
2018-12-31 01:00:00,0.0
2018-12-31 01:30:00,0.0
2018-12-31 02:00:00,0.0
2018-12-31 02:30:00,0.0
2018-12-31 03:00:00,0.0
2018-12-31 03:30:00,0.0
2018-12-31 04:00:00,0.0
2018-12-31 04:30:00,0.0
2018-12-31 05:00:00,0.0
2018-12-31 05:30:00,0.0
2018-12-31 06:00:00,0.0
2018-12-31 06:30:00,0.0
2018-12-31 07:00:00,0.0
2018-12-31 07:30:00,0.0
2018-12-31 08:00:00,0.0
2018-12-31 08:30:00,0.0
2018-12-31 09:00:00,0.0
2018-12-31 09:30:00,0.0
2018-12-31 10:00:00,0.0
2018-12-31 10:30:00,0.0
2018-12-31 11:00:00,0.0
2018-12-31 11:30:00,0.0
2018-12-31 12:00:00,0.0
2018-12-31 12:30:00,0.0
2018-12-31 13:00:00,0.0
2018-12-31 13:30:00,0.0
2018-12-31 14:00:00,2.243
2018-12-31 14:30:00,6.087
2018-12-31 15:00:00,11.8565
2018-12-31 15:30:00,11.8565
2018-12-31 16:00:00,16.867833333333333
2018-12-31 16:30:00,16.867833333333333
2018-12-31 17:00:00,11.427833333333334
2018-12-31 17:30:00,11.427833333333334
2018-12-31 18:00:00,11.427833333333334
2018-12-31 18:30:00,11.427833333333334
2018-12-31 19:00:00,6.6305000000000005
2018-12-31 19:30:00,6.6305000000000005
2018-12-31 20:00:00,6.6305000000000005
2018-12-31 20:30:00,6.6305000000000005
2018-12-31 21:00:00,0.0
2018-12-31 21:30:00,0.0
2018-12-31 22:00:00,0.0
2018-12-31 22:30:00,0.0
2018-12-31 23:00:00,0.0
2018-12-31 23:30:00,0.0
2019-01-01 00:00:00,0.0
2019-01-01 00:30:00,0.0
2019-01-01 01:00:00,0.0
2019-01-01 01:30:00,0.0
2019-01-01 02:00:00,0.0
2019-01-01 02:30:00,0.0
2019-01-01 03:00:00,0.0
2019-01-01 03:30:00,0.0
2019-01-01 04:00:00,0.0
2019-01-01 04:30:00,0.0
2019-01-01 05:00:00,0.0
2019-01-01 05:30:00,0.0
2019-01-01 06:00:00,0.0
2019-01-01 06:30:00,0.0
2019-01-01 07:00:00,0.0
2019-01-01 07:30:00,0.0
2019-01-01 08:00:00,0.0
2019-01-01 08:30:00,0.0
2019-01-01 09:00:00,0.0
2019-01-01 09:30:00,0.0
2019-01-01 10:00:00,0.0
2019-01-01 10:30:00,0.0
2019-01-01 11:00:00,0.0
2019-01-01 11:30:00,0.0
2019-01-01 12:00:00,0.0
2019-01-01 12:30:00,0.0
2019-01-01 13:00:00,0.0
2019-01-01 13:30:00,0.0
2019-01-01 14:00:00,0.0
2019-01-01 14:30:00,0.0
2019-01-01 15:00:00,0.0
2019-01-01 15:30:00,0.0
2019-01-01 16:00:00,0.0
2019-01-01 16:30:00,0.0
2019-01-01 17:00:00,0.0
2019-01-01 17:30:00,0.0
2019-01-01 18:00:00,0.0
2019-01-01 18:30:00,0.0
2019-01-01 19:00:00,0.0
2019-01-01 19:30:00,0.0
2019-01-01 20:00:00,0.0
2019-01-01 20:30:00,0.0
2019-01-01 21:00:00,0.0
2019-01-01 21:30:00,0.0
2019-01-01 22:00:00,0.0
2019-01-01 22:30:00,0.0
2019-01-01 23:00:00,0.0
2019-01-01 23:30:00,0.0
2019-01-02 00:00:00,0.0
2019-01-02 00:30:00,0.0
2019-01-02 01:00:00,6.7620000000000005
2019-01-02 01:30:00,6.7620000000000005
2019-01-02 02:00:00,6.7620000000000005
2019-01-02 02:30:00,0.0
2019-01-02 03:00:00,0.0
2019-01-02 03:30:00,0.0
2019-01-02 04:00:00,0.0
2019-01-02 04:30:00,0.0
2019-01-02 05:00:00,0.0
2019-01-02 05:30:00,0.0
2019-01-02 06:00:00,0.0
2019-01-02 06:30:00,0.0
2019-01-02 07:00:00,0.0
2019-01-02 07:30:00,0.0
2019-01-02 08:00:00,0.0
2019-01-02 08:30:00,0.0
2019-01-02 09:00:00,0.0
2019-01-02 09:30:00,0.0
2019-01-02 10:00:00,0.0
2019-01-02 10:30:00,0.0
2019-01-02 11:00:00,0.0
2019-01-02 11:30:00,0.0
2019-01-02 12:00:00,0.0
2019-01-02 12:30:00,0.0
2019-01-02 13:00:00,0.0
2019-01-02 13:30:00,5.134409090909092
2019-01-02 14:00:00,19.691488344988343
2019-01-02 14:30:00,44.39078986013986
2019-01-02 15:00:00,66.17849702388254
2019-01-02 15:30:00,84.130786878955
2019-01-02 16:00:00,101.16594849511662
2019-01-02 16:30:00,119.69818182844996
2019-01-02 17:00:00,123.53420379814693
2019-01-02 17:30:00,134.1979704648136
2019-01-02 18:00:00,134.58443713148026
2019-01-02 18:30:00,129.79102046481358
2019-01-02 19:00:00,122.06427804057117
2019-01-02 19:30:00,97.17428511127824
2019-01-02 20:00:00,93.47561844461157
2019-01-02 20:30:00,83.02786545315858
2019-01-02 21:00:00,91.63829878649192
2019-01-02 21:30:00,74.10045939255252
2019-01-02 22:00:00,78.37595224969539
2019-01-02 22:30:00,57.47042670856984
2019-01-02 23:00:00,55.857551708569844
2019-01-02 23:30:00,59.89295170856984
2019-01-03 00:00:00,63.11848504190318
2019-01-03 00:30:00,54.662063989271594
2019-01-03 01:00:00,32.49260565593826
2019-01-03 01:30:00,13.935311283643891
2019-01-03 02:00:00,9.724323188405798
2019-01-03 02:30:00,4.6371231884057975
2019-01-03 03:00:00,1.9356666666666669
2019-01-03 03:30:00,1.9356666666666669
2019-01-03 04:00:00,1.9356666666666669
2019-01-03 04:30:00,1.9356666666666669
2019-01-03 05:00:00,0.0
2019-01-03 05:30:00,0.0
2019-01-03 06:00:00,0.0
2019-01-03 06:30:00,0.0
2019-01-03 07:00:00,0.0
2019-01-03 07:30:00,0.0
2019-01-03 08:00:00,0.0
2019-01-03 08:30:00,0.0
2019-01-03 09:00:00,0.0
2019-01-03 09:30:00,0.0
2019-01-03 10:00:00,0.0
2019-01-03 10:30:00,0.0
2019-01-03 11:00:00,0.0
2019-01-03 11:30:00,0.0
2019-01-03 12:00:00,0.0
2019-01-03 12:30:00,0.0
2019-01-03 13:00:00,3.5336
2019-01-03 13:30:00,9.518433333333334
2019-01-03 14:00:00,25.493570707070706
2019-01-03 14:30:00,44.24094653124653
2019-01-03 15:00:00,68.64515329816382
2019-01-03 15:30:00,96.51541233300583
2019-01-03 16:00:00,117.27329884094235
2019-01-03 16:30:00,133.60870836475186
2019-01-03 17:00:00,134.06326392030743
2019-01-03 17:30:00,141.7712305869741
2019-01-03 18:00:00,133.9525305869741
2019-01-03 18:30:00,116.97098931713282
2019-01-03 19:00:00,102.60208931713281
2019-01-03 19:30:00,81.65028715263065
2019-01-03 20:00:00,66.9692054065989
2019-01-03 20:30:00,59.98434985104335
2019-01-03 21:00:00,49.349221645915144
2019-01-03 21:30:00,60.05039624908975
2019-01-03 22:00:00,60.10472958242308
2019-01-03 22:30:00,54.635872439565944
2019-01-03 23:00:00,54.635872439565944
2019-01-03 23:30:00,65.75387243956594
2019-01-04 00:00:00,50.668448910154176
2019-01-04 00:30:00,24.32229452418926
2019-01-04 01:00:00,10.508111111111111
2019-01-04 01:30:00,15.658111111111111
2019-01-04 02:00:00,5.15
2019-01-04 02:30:00,0.0
2019-01-04 03:00:00,0.0
2019-01-04 03:30:00,0.0
2019-01-04 04:00:00,0.0
2019-01-04 04:30:00,0.0
2019-01-04 05:00:00,0.0
2019-01-04 05:30:00,0.0
2019-01-04 06:00:00,0.0
2019-01-04 06:30:00,0.0
2019-01-04 07:00:00,0.0
2019-01-04 07:30:00,0.0
2019-01-04 08:00:00,0.0
2019-01-04 08:30:00,0.0
2019-01-04 09:00:00,0.0
2019-01-04 09:30:00,0.0
2019-01-04 10:00:00,0.0
2019-01-04 10:30:00,0.0
2019-01-04 11:00:00,0.0
2019-01-04 11:30:00,0.0
2019-01-04 12:00:00,0.0
2019-01-04 12:30:00,0.0
2019-01-04 13:00:00,0.0
2019-01-04 13:30:00,0.0
2019-01-04 14:00:00,5.469638888888889
2019-01-04 14:30:00,5.469638888888889
2019-01-04 15:00:00,9.79113888888889
2019-01-04 15:30:00,12.574338888888889
2019-01-04 16:00:00,29.06908888888889
2019-01-04 16:30:00,43.724971464646465
2019-01-04 17:00:00,45.84770955988456
2019-01-04 17:30:00,53.56955241702742
2019-01-04 18:00:00,53.701802417027416
2019-01-04 18:30:00,53.36541352813853
2019-01-04 19:00:00,63.03291352813853
2019-01-04 19:30:00,64.67391352813853
2019-01-04 20:00:00,58.70796352813853
2019-01-04 20:30:00,37.876358766233764
2019-01-04 21:00:00,38.52743813131313
2019-01-04 21:30:00,32.01293813131313
2019-01-04 22:00:00,33.40251388888889
2019-01-04 22:30:00,28.239418650793652
2019-01-04 23:00:00,22.011251984126986
2019-01-04 23:30:00,9.197918650793651
2019-01-05 00:00:00,9.197918650793651
2019-01-05 00:30:00,5.680793650793651
2019-01-05 01:00:00,5.680793650793651
2019-01-05 01:30:00,3.3105714285714285
2019-01-05 02:00:00,0.0
2019-01-05 02:30:00,0.0
2019-01-05 03:00:00,0.0
2019-01-05 03:30:00,0.0
2019-01-05 04:00:00,0.0
2019-01-05 04:30:00,0.0
2019-01-05 05:00:00,0.0
2019-01-05 05:30:00,0.0
2019-01-05 06:00:00,0.0
2019-01-05 06:30:00,0.0
2019-01-05 07:00:00,0.0
2019-01-05 07:30:00,0.0
2019-01-05 08:00:00,0.0
2019-01-05 08:30:00,0.0
2019-01-05 09:00:00,0.0
2019-01-05 09:30:00,0.0
2019-01-05 10:00:00,0.0
2019-01-05 10:30:00,0.0
2019-01-05 11:00:00,0.0
2019-01-05 11:30:00,0.0
2019-01-05 12:00:00,0.0
2019-01-05 12:30:00,0.0
2019-01-05 13:00:00,0.0
2019-01-05 13:30:00,0.0
2019-01-05 14:00:00,2.915
2019-01-05 14:30:00,2.915
2019-01-05 15:00:00,2.915
2019-01-05 15:30:00,2.915
2019-01-05 16:00:00,2.915
2019-01-05 16:30:00,2.915
2019-01-05 17:00:00,2.915
2019-01-05 17:30:00,2.915
2019-01-05 18:00:00,8.7058
2019-01-05 18:30:00,8.7058
2019-01-05 19:00:00,8.7058
2019-01-05 19:30:00,8.7058
2019-01-05 20:00:00,10.345799999999999
2019-01-05 20:30:00,8.7058
2019-01-05 21:00:00,8.7058
2019-01-05 21:30:00,8.7058
2019-01-05 22:00:00,8.7058
2019-01-05 22:30:00,8.7058
2019-01-05 23:00:00,2.4819999999999998
2019-01-05 23:30:00,2.4819999999999998
2019-01-06 00:00:00,2.4819999999999998
2019-01-06 00:30:00,2.4819999999999998
2019-01-06 01:00:00,2.4819999999999998
2019-01-06 01:30:00,0.0
2019-01-06 02:00:00,0.0
2019-01-06 02:30:00,0.0
2019-01-06 03:00:00,0.0
2019-01-06 03:30:00,0.0
2019-01-06 04:00:00,0.0
2019-01-06 04:30:00,0.0
2019-01-06 05:00:00,0.0
2019-01-06 05:30:00,0.0
2019-01-06 06:00:00,0.0
2019-01-06 06:30:00,0.0
2019-01-06 07:00:00,0.0
2019-01-06 07:30:00,0.0
2019-01-06 08:00:00,0.0
2019-01-06 08:30:00,0.0
2019-01-06 09:00:00,0.0
2019-01-06 09:30:00,0.0
2019-01-06 10:00:00,0.0
2019-01-06 10:30:00,0.0
2019-01-06 11:00:00,0.0
2019-01-06 11:30:00,0.0
2019-01-06 12:00:00,0.0
2019-01-06 12:30:00,0.0
2019-01-06 13:00:00,0.0
2019-01-06 13:30:00,0.0
2019-01-06 14:00:00,0.0
2019-01-06 14:30:00,0.0
2019-01-06 15:00:00,0.0
2019-01-06 15:30:00,0.0
2019-01-06 16:00:00,0.0
2019-01-06 16:30:00,0.0
2019-01-06 17:00:00,0.0
2019-01-06 17:30:00,4.2131428571428575
2019-01-06 18:00:00,4.2131428571428575
2019-01-06 18:30:00,4.2131428571428575
2019-01-06 19:00:00,4.2131428571428575
2019-01-06 19:30:00,4.2131428571428575
2019-01-06 20:00:00,4.2131428571428575
2019-01-06 20:30:00,4.2131428571428575
2019-01-06 21:00:00,0.0
2019-01-06 21:30:00,0.0
2019-01-06 22:00:00,0.0
2019-01-06 22:30:00,0.0
2019-01-06 23:00:00,0.0
2019-01-06 23:30:00,0.0
2019-01-07 00:00:00,0.0
2019-01-07 00:30:00,0.0
2019-01-07 01:00:00,0.0
2019-01-07 01:30:00,0.0
2019-01-07 02:00:00,0.0
2019-01-07 02:30:00,0.0
2019-01-07 03:00:00,0.0
2019-01-07 03:30:00,0.0
2019-01-07 04:00:00,0.0
2019-01-07 04:30:00,0.0
2019-01-07 05:00:00,0.0
2019-01-07 05:30:00,0.0
2019-01-07 06:00:00,0.0
2019-01-07 06:30:00,0.0
2019-01-07 07:00:00,0.0
2019-01-07 07:30:00,0.0
2019-01-07 08:00:00,0.0
2019-01-07 08:30:00,0.0
2019-01-07 09:00:00,0.0
2019-01-07 09:30:00,0.0
2019-01-07 10:00:00,0.0
2019-01-07 10:30:00,0.0
2019-01-07 11:00:00,0.0
2019-01-07 11:30:00,0.0
2019-01-07 12:00:00,0.0
2019-01-07 12:30:00,0.0
2019-01-07 13:00:00,4.492933333333334
2019-01-07 13:30:00,10.479979084967322
2019-01-07 14:00:00,29.976060830999067
2019-01-07 14:30:00,45.01347825524149
2019-01-07 15:00:00,77.87551267082591
2019-01-07 15:30:00,122.12268308929633
2019-01-07 16:00:00,147.07574311946223
2019-01-07 16:30:00,147.07574311946223
2019-01-07 17:00:00,142.23307645279556
2019-01-07 17:30:00,130.22580026231938
2019-01-07 18:00:00,116.69312804009716
2019-01-07 18:30:00,102.02315581787494
2019-01-07 19:00:00,80.45778438930351
2019-01-07 19:30:00,80.00402285084198
2019-01-07 20:00:00,66.4139359821551
2019-01-07 20:30:00,64.87875315387227
2019-01-07 21:00:00,53.580198608417724
2019-01-07 21:30:00,53.580198608417724
2019-01-07 22:00:00,43.33937507900596
2019-01-07 22:30:00,48.3671116174675
2019-01-07 23:00:00,29.453628284134165
2019-01-07 23:30:00,33.53262828413416
2019-01-08 00:00:00,39.76462828413417
2019-01-08 00:30:00,48.06339719169719
2019-01-08 01:00:00,47.05900146520146
2019-01-08 01:30:00,35.13334432234432
2019-01-08 02:00:00,26.50627252747253
2019-01-08 02:30:00,20.267772527472527
2019-01-08 03:00:00,13.135272527472527
2019-01-08 03:30:00,7.936272527472527
2019-01-08 04:00:00,4.105415384615385
2019-01-08 04:30:00,0.9126153846153847
2019-01-08 05:00:00,0.9126153846153847
2019-01-08 05:30:00,0.9126153846153847
2019-01-08 06:00:00,0.9126153846153847
2019-01-08 06:30:00,0.9126153846153847
2019-01-08 07:00:00,0.9126153846153847
2019-01-08 07:30:00,0.0
2019-01-08 08:00:00,0.0
2019-01-08 08:30:00,0.0
2019-01-08 09:00:00,0.0
2019-01-08 09:30:00,0.0
2019-01-08 10:00:00,0.0
2019-01-08 10:30:00,0.0
2019-01-08 11:00:00,0.0
2019-01-08 11:30:00,0.0
2019-01-08 12:00:00,0.0
2019-01-08 12:30:00,0.0
2019-01-08 13:00:00,0.0
2019-01-08 13:30:00,4.294030303030302
2019-01-08 14:00:00,24.54091491841492
2019-01-08 14:30:00,48.74483014208014
2019-01-08 15:00:00,102.79570088522588
2019-01-08 15:30:00,144.85589362026863
2019-01-08 16:00:00,154.06007264124764
2019-01-08 16:30:00,152.9256111027861
2019-01-08 17:00:00,141.8506111027861
2019-01-08 17:30:00,130.4726111027861
2019-01-08 18:00:00,117.56245395992896
2019-01-08 18:30:00,107.55700395992896
2019-01-08 19:00:00,98.17964032356532
2019-01-08 19:30:00,81.32605699023199
2019-01-08 20:00:00,78.3937489094239
2019-01-08 20:30:00,74.7842249000999
2019-01-08 21:00:00,74.7842249000999
2019-01-08 21:30:00,73.02186126373627
2019-01-08 22:00:00,64.52906456043956
2019-01-08 22:30:00,62.42778250915751
2019-01-08 23:00:00,50.52198571428571
2019-01-08 23:30:00,54.72420793650794
2019-01-09 00:00:00,44.69409682539683
2019-01-09 00:30:00,46.01665238095238
2019-01-09 01:00:00,42.51755238095238
2019-01-09 01:30:00,15.292166666666667
2019-01-09 02:00:00,2.8095
2019-01-09 02:30:00,2.8095
2019-01-09 03:00:00,0.0
2019-01-09 03:30:00,0.0
2019-01-09 04:00:00,0.0
2019-01-09 04:30:00,0.0
2019-01-09 05:00:00,0.0
2019-01-09 05:30:00,0.0
2019-01-09 06:00:00,0.0
2019-01-09 06:30:00,0.0
2019-01-09 07:00:00,0.0
2019-01-09 07:30:00,0.0
2019-01-09 08:00:00,0.0
2019-01-09 08:30:00,0.0
2019-01-09 09:00:00,0.0
2019-01-09 09:30:00,0.0
2019-01-09 10:00:00,0.0
2019-01-09 10:30:00,0.0
2019-01-09 11:00:00,0.0
2019-01-09 11:30:00,0.0
2019-01-09 12:00:00,0.0
2019-01-09 12:30:00,4.983076923076923
2019-01-09 13:00:00,4.983076923076923
2019-01-09 13:30:00,7.076866396761133
2019-01-09 14:00:00,32.58813727588201
2019-01-09 14:30:00,58.22971482055956
2019-01-09 15:00:00,109.6968691910257
2019-01-09 15:30:00,159.4703193307982
2019-01-09 16:00:00,158.9108193307982
2019-01-09 16:30:00,151.0669193307982
2019-01-09 17:00:00,138.6435193307982
2019-01-09 17:30:00,127.2376574260363
2019-01-09 18:00:00,117.99112409270296
2019-01-09 18:30:00,96.87764790222677
2019-01-09 19:00:00,73.4271884394673
2019-01-09 19:30:00,71.64496621724508
2019-01-09 20:00:00,70.80986217684105
2019-01-09 20:30:00,66.02343047520934
2019-01-09 21:00:00,61.605712526491395
2019-01-09 21:30:00,54.106066372645245
2019-01-09 22:00:00,42.59162406495293
2019-01-09 22:30:00,36.77682406495293
2019-01-09 23:00:00,35.48770125793539
2019-01-09 23:30:00,45.62199978734716
2019-01-10 00:00:00,45.62199978734716
2019-01-10 00:30:00,34.955022009569376
2019-01-10 01:00:00,16.929260606060605
2019-01-10 01:30:00,14.201260606060606
2019-01-10 02:00:00,2.372933333333333
2019-01-10 02:30:00,2.372933333333333
2019-01-10 03:00:00,3.034704761904762
2019-01-10 03:30:00,3.034704761904762
2019-01-10 04:00:00,3.034704761904762
2019-01-10 04:30:00,3.034704761904762
2019-01-10 05:00:00,3.034704761904762
2019-01-10 05:30:00,3.034704761904762
2019-01-10 06:00:00,3.034704761904762
2019-01-10 06:30:00,0.7781333333333333
2019-01-10 07:00:00,0.7781333333333333
2019-01-10 07:30:00,0.7781333333333333
2019-01-10 08:00:00,0.7781333333333333
2019-01-10 08:30:00,0.0
2019-01-10 09:00:00,0.0
2019-01-10 09:30:00,0.0
2019-01-10 10:00:00,0.0
2019-01-10 10:30:00,0.0
2019-01-10 11:00:00,0.0
2019-01-10 11:30:00,0.0
2019-01-10 12:00:00,0.0
2019-01-10 12:30:00,0.0
2019-01-10 13:00:00,3.358842105263158
2019-01-10 13:30:00,5.34866028708134
2019-01-10 14:00:00,23.759868089804932
2019-01-10 14:30:00,50.1101597564716
2019-01-10 15:00:00,75.56268104074289
2019-01-10 15:30:00,131.97806373816243
2019-01-10 16:00:00,154.46278754768625
2019-01-10 16:30:00,148.38991611911482
2019-01-10 17:00:00,139.95524945244813
2019-01-10 17:30:00,136.74624945244813
2019-01-10 18:00:00,126.97554945244813
2019-01-10 18:30:00,109.91681373816242
2019-01-10 19:00:00,87.4064122230109
2019-01-10 19:30:00,82.03336676846546
2019-01-10 20:00:00,72.65239375259243
2019-01-10 20:30:00,77.98351146821015
2019-01-10 21:00:00,71.88587510457378
2019-01-10 21:30:00,61.924875104573786
2019-01-10 22:00:00,43.89817547087416
2019-01-10 22:30:00,39.97629169894433
2019-01-10 23:00:00,33.94643455608719
2019-01-10 23:30:00,23.92280297713982
2019-01-11 00:00:00,29.777491866028708
2019-01-11 00:30:00,35.97682519936204
2019-01-11 01:00:00,22.715951515151513
2019-01-11 01:30:00,26.494865800865803
2019-01-11 02:00:00,14.413714285714287
2019-01-11 02:30:00,8.934914285714287
2019-01-11 03:00:00,11.880414285714288
2019-01-11 03:30:00,11.880414285714288
2019-01-11 04:00:00,8.473214285714286
2019-01-11 04:30:00,8.473214285714286
2019-01-11 05:00:00,0.0
2019-01-11 05:30:00,0.0
2019-01-11 06:00:00,0.0
2019-01-11 06:30:00,0.0
2019-01-11 07:00:00,0.0
2019-01-11 07:30:00,0.0
2019-01-11 08:00:00,0.0
2019-01-11 08:30:00,0.0
2019-01-11 09:00:00,0.0
2019-01-11 09:30:00,0.0
2019-01-11 10:00:00,0.0
2019-01-11 10:30:00,0.0
2019-01-11 11:00:00,0.0
2019-01-11 11:30:00,0.0
2019-01-11 12:00:00,0.0
2019-01-11 12:30:00,0.0
2019-01-11 13:00:00,15.391224999999999
2019-01-11 13:30:00,20.582391666666666
2019-01-11 14:00:00,38.08213712121212
2019-01-11 14:30:00,47.23742829768271
2019-01-11 15:00:00,88.97758405566742
2019-01-11 15:30:00,150.73219632672968
2019-01-11 16:00:00,149.00019632672968
2019-01-11 16:30:00,129.46366299339635
2019-01-11 17:00:00,120.42099632672969
2019-01-11 17:30:00,113.51499632672969
2019-01-11 18:00:00,107.13659632672969
2019-01-11 18:30:00,96.80097727911064
2019-01-11 19:00:00,96.80097727911064
2019-01-11 19:30:00,76.56469849123185
2019-01-11 20:00:00,79.38169849123184
2019-01-11 20:30:00,83.43038756686211
2019-01-11 21:00:00,79.76446256686211
2019-01-11 21:30:00,70.71310359250313
2019-01-11 22:00:00,61.55665084525038
2019-01-11 22:30:00,55.28757703572657
2019-01-11 23:00:00,63.30705252592265
2019-01-11 23:30:00,54.90205252592265
2019-01-12 00:00:00,65.52849697036709
2019-01-12 00:30:00,55.08783907563025
2019-01-12 01:00:00,41.02763907563025
2019-01-12 01:30:00,38.491505742296916
2019-01-12 02:00:00,28.32963907563025
2019-01-12 02:30:00,25.93113907563025
2019-01-12 03:00:00,23.60513907563025
2019-01-12 03:30:00,9.637317647058822
2019-01-12 04:00:00,4.642117647058823
2019-01-12 04:30:00,4.642117647058823
2019-01-12 05:00:00,0.0
2019-01-12 05:30:00,0.0
2019-01-12 06:00:00,0.0
2019-01-12 06:30:00,0.0
2019-01-12 07:00:00,0.0
2019-01-12 07:30:00,0.0
2019-01-12 08:00:00,0.0
2019-01-12 08:30:00,0.0
2019-01-12 09:00:00,0.0
2019-01-12 09:30:00,0.0
2019-01-12 10:00:00,0.0
2019-01-12 10:30:00,0.0
2019-01-12 11:00:00,0.0
2019-01-12 11:30:00,0.0
2019-01-12 12:00:00,0.0
2019-01-12 12:30:00,0.0
2019-01-12 13:00:00,0.0
2019-01-12 13:30:00,0.0
2019-01-12 14:00:00,2.86025
2019-01-12 14:30:00,2.86025
2019-01-12 15:00:00,2.86025
2019-01-12 15:30:00,2.86025
2019-01-12 16:00:00,2.86025
2019-01-12 16:30:00,2.86025
2019-01-12 17:00:00,7.623805555555556
2019-01-12 17:30:00,7.623805555555556
2019-01-12 18:00:00,4.7635555555555555
2019-01-12 18:30:00,4.7635555555555555
2019-01-12 19:00:00,4.7635555555555555
2019-01-12 19:30:00,4.7635555555555555
2019-01-12 20:00:00,4.7635555555555555
2019-01-12 20:30:00,4.7635555555555555
2019-01-12 21:00:00,4.7635555555555555
2019-01-12 21:30:00,2.9280000000000004
2019-01-12 22:00:00,2.9280000000000004
2019-01-12 22:30:00,2.9280000000000004
2019-01-12 23:00:00,2.9280000000000004
2019-01-12 23:30:00,2.9280000000000004
2019-01-13 00:00:00,2.9280000000000004
2019-01-13 00:30:00,0.0
2019-01-13 01:00:00,0.0
2019-01-13 01:30:00,0.0
2019-01-13 02:00:00,0.0
2019-01-13 02:30:00,0.0
2019-01-13 03:00:00,0.0
2019-01-13 03:30:00,0.0
2019-01-13 04:00:00,0.0
2019-01-13 04:30:00,0.0
2019-01-13 05:00:00,0.0
2019-01-13 05:30:00,0.0
2019-01-13 06:00:00,0.0
2019-01-13 06:30:00,0.0
2019-01-13 07:00:00,0.0
2019-01-13 07:30:00,0.0
2019-01-13 08:00:00,0.0
2019-01-13 08:30:00,0.0
2019-01-13 09:00:00,0.0
2019-01-13 09:30:00,0.0
2019-01-13 10:00:00,0.0
2019-01-13 10:30:00,0.0
2019-01-13 11:00:00,0.0
2019-01-13 11:30:00,0.0
2019-01-13 12:00:00,0.0
2019-01-13 12:30:00,0.0
2019-01-13 13:00:00,0.0
2019-01-13 13:30:00,0.0
2019-01-13 14:00:00,0.0
2019-01-13 14:30:00,0.0
2019-01-13 15:00:00,0.0
2019-01-13 15:30:00,3.452444444444444
2019-01-13 16:00:00,3.452444444444444
2019-01-13 16:30:00,3.452444444444444
2019-01-13 17:00:00,6.776222222222222
2019-01-13 17:30:00,6.776222222222222
2019-01-13 18:00:00,6.776222222222222
2019-01-13 18:30:00,6.776222222222222
2019-01-13 19:00:00,6.776222222222222
2019-01-13 19:30:00,6.776222222222222
2019-01-13 20:00:00,3.323777777777778
2019-01-13 20:30:00,3.323777777777778
2019-01-13 21:00:00,3.323777777777778
2019-01-13 21:30:00,3.323777777777778
2019-01-13 22:00:00,3.323777777777778
2019-01-13 22:30:00,3.323777777777778
2019-01-13 23:00:00,3.323777777777778
2019-01-13 23:30:00,3.323777777777778
2019-01-14 00:00:00,3.323777777777778
2019-01-14 00:30:00,3.323777777777778
2019-01-14 01:00:00,3.323777777777778
2019-01-14 01:30:00,3.323777777777778
2019-01-14 02:00:00,0.0
2019-01-14 02:30:00,0.0
2019-01-14 03:00:00,0.0
2019-01-14 03:30:00,0.0
2019-01-14 04:00:00,0.0
2019-01-14 04:30:00,0.0
2019-01-14 05:00:00,0.0
2019-01-14 05:30:00,0.0
2019-01-14 06:00:00,0.0
2019-01-14 06:30:00,0.0
2019-01-14 07:00:00,0.0
2019-01-14 07:30:00,0.0
2019-01-14 08:00:00,0.0
2019-01-14 08:30:00,0.0
2019-01-14 09:00:00,0.0
2019-01-14 09:30:00,0.0
2019-01-14 10:00:00,0.0
2019-01-14 10:30:00,0.0
2019-01-14 11:00:00,0.0
2019-01-14 11:30:00,0.0
2019-01-14 12:00:00,0.0
2019-01-14 12:30:00,0.0
2019-01-14 13:00:00,0.0
2019-01-14 13:30:00,7.9348809523809525
2019-01-14 14:00:00,38.495277922077925
2019-01-14 14:30:00,74.6077224514048
2019-01-14 15:00:00,120.16218913472149
2019-01-14 15:30:00,162.52091092959327
2019-01-14 16:00:00,156.18557759625995
2019-01-14 16:30:00,148.87217759625995
2019-01-14 17:00:00,129.45212997721234
2019-01-14 17:30:00,119.98722997721234
2019-01-14 18:00:00,99.43851569149804
2019-01-14 18:30:00,91.33068235816471
2019-01-14 19:00:00,86.01126013594249
2019-01-14 19:30:00,85.26032507100743
2019-01-14 20:00:00,80.97248567706804
2019-01-14 20:30:00,76.72637961646197
2019-01-14 21:00:00,76.72637961646197
2019-01-14 21:30:00,74.80376423184659
2019-01-14 22:00:00,61.31179719887955
2019-01-14 22:30:00,70.4517400560224
2019-01-14 23:00:00,46.346892857142855
2019-01-14 23:30:00,47.46027619047619
2019-01-15 00:00:00,49.17517619047619
2019-01-15 00:30:00,42.856342857142856
2019-01-15 01:00:00,40.46577619047619
2019-01-15 01:30:00,32.52860952380952
2019-01-15 02:00:00,16.5345
2019-01-15 02:30:00,16.5345
2019-01-15 03:00:00,13.659500000000001
2019-01-15 03:30:00,3.9883
2019-01-15 04:00:00,3.9883
2019-01-15 04:30:00,3.9883
2019-01-15 05:00:00,3.9883
2019-01-15 05:30:00,3.9883
2019-01-15 06:00:00,3.9883
2019-01-15 06:30:00,3.9883
2019-01-15 07:00:00,3.9883
2019-01-15 07:30:00,3.9883
2019-01-15 08:00:00,6.8603000000000005
2019-01-15 08:30:00,2.872
2019-01-15 09:00:00,2.872
2019-01-15 09:30:00,0.0
2019-01-15 10:00:00,0.0
2019-01-15 10:30:00,0.0
2019-01-15 11:00:00,0.0
2019-01-15 11:30:00,0.0
2019-01-15 12:00:00,0.0
2019-01-15 12:30:00,0.0
2019-01-15 13:00:00,0.0
2019-01-15 13:30:00,6.342391111111111
2019-01-15 14:00:00,21.782163838383838
2019-01-15 14:30:00,55.02360219447219
2019-01-15 15:00:00,95.93288212346133
2019-01-15 15:30:00,154.8835538708178
2019-01-15 16:00:00,146.6938872041511
2019-01-15 16:30:00,137.70228720415113
2019-01-15 17:00:00,119.59768720415113
2019-01-15 17:30:00,120.36618720415112
2019-01-15 18:00:00,114.4535014898654
2019-01-15 18:30:00,93.96278720415113
2019-01-15 19:00:00,84.82289831526224
2019-01-15 19:30:00,73.24332003243396
2019-01-15 20:00:00,81.64352850174242
2019-01-15 20:30:00,81.64352850174242
2019-01-15 21:00:00,81.73255414276807
2019-01-15 21:30:00,66.06315414276806
2019-01-15 22:00:00,66.06315414276806
2019-01-15 22:30:00,53.76244303165695
2019-01-15 23:00:00,56.50590136499028
2019-01-15 23:30:00,50.273151364990284
2019-01-16 00:00:00,47.65817097283342
2019-01-16 00:30:00,45.202469218447455
2019-01-16 01:00:00,38.423674481605346
2019-01-16 01:30:00,36.80220781493868
2019-01-16 02:00:00,26.738261148272016
2019-01-16 02:30:00,4.675152173913044
2019-01-16 03:00:00,3.3375
2019-01-16 03:30:00,0.0
2019-01-16 04:00:00,0.0
2019-01-16 04:30:00,0.0
2019-01-16 05:00:00,0.0
2019-01-16 05:30:00,0.0
2019-01-16 06:00:00,0.0
2019-01-16 06:30:00,0.0
2019-01-16 07:00:00,0.0
2019-01-16 07:30:00,0.0
2019-01-16 08:00:00,0.0
2019-01-16 08:30:00,0.0
2019-01-16 09:00:00,0.0
2019-01-16 09:30:00,0.0
2019-01-16 10:00:00,0.0
2019-01-16 10:30:00,0.0
2019-01-16 11:00:00,0.0
2019-01-16 11:30:00,0.0
2019-01-16 12:00:00,0.0
2019-01-16 12:30:00,0.0
2019-01-16 13:00:00,0.0
2019-01-16 13:30:00,2.284666666666667
2019-01-16 14:00:00,15.848412121212121
2019-01-16 14:30:00,37.424794462936
2019-01-16 15:00:00,85.73479736082929
2019-01-16 15:30:00,138.74797755987
2019-01-16 16:00:00,147.9468970403895
2019-01-16 16:30:00,145.5896970403895
2019-01-16 17:00:00,145.5896970403895
2019-01-16 17:30:00,135.65514148483393
2019-01-16 18:00:00,129.6530289307214
2019-01-16 18:30:00,114.5889027402452
2019-01-16 19:00:00,108.4299027402452
2019-01-16 19:30:00,104.4419009364934
2019-01-16 20:00:00,85.69398982538229
2019-01-16 20:30:00,83.0621110375035
2019-01-16 21:00:00,83.37004285568531
2019-01-16 21:30:00,65.84156916271162
2019-01-16 22:00:00,67.9350734362159
2019-01-16 22:30:00,59.679144864787325
2019-01-16 23:00:00,63.3609734362159
2019-01-16 23:30:00,58.72572744691109
2019-01-17 00:00:00,34.82889703755436
2019-01-17 00:30:00,24.914633879659625
2019-01-17 01:00:00,18.403796160361377
2019-01-17 01:30:00,19.44079616036138
2019-01-17 02:00:00,15.91542857142857
2019-01-17 02:30:00,14.594
2019-01-17 03:00:00,2.92
2019-01-17 03:30:00,0.0
2019-01-17 04:00:00,0.0
2019-01-17 04:30:00,0.0
2019-01-17 05:00:00,0.0
2019-01-17 05:30:00,0.0
2019-01-17 06:00:00,0.0
2019-01-17 06:30:00,0.0
2019-01-17 07:00:00,0.0
2019-01-17 07:30:00,0.0
2019-01-17 08:00:00,0.0
2019-01-17 08:30:00,0.0
2019-01-17 09:00:00,0.0
2019-01-17 09:30:00,0.0
2019-01-17 10:00:00,0.0
2019-01-17 10:30:00,0.0
2019-01-17 11:00:00,0.0
2019-01-17 11:30:00,0.0
2019-01-17 12:00:00,0.0
2019-01-17 12:30:00,0.0
2019-01-17 13:00:00,0.0
2019-01-17 13:30:00,0.0
2019-01-17 14:00:00,8.798
2019-01-17 14:30:00,27.065347826086956
2019-01-17 15:00:00,77.25757531526445
2019-01-17 15:30:00,121.86917921136833
2019-01-17 16:00:00,159.79454923301336
2019-01-17 16:30:00,145.91150161396575
2019-01-17 17:00:00,136.73400161396575
2019-01-17 17:30:00,125.82970161396574
2019-01-17 18:00:00,116.55653494729907
2019-01-17 18:30:00,110.02636351872765
2019-01-17 19:00:00,89.78785161396574
2019-01-17 19:30:00,71.33447383618797
2019-01-17 20:00:00,68.26190240761653
2019-01-17 20:30:00,65.2078074581216
2019-01-17 21:00:00,72.3260983672125
2019-01-17 21:30:00,64.88931048842461
2019-01-17 22:00:00,63.64681048842462
2019-01-17 22:30:00,52.52095334556748
2019-01-17 23:00:00,44.542458107472235
2019-01-17 23:30:00,43.59021048842462
2019-01-18 00:00:00,38.52202993286906
2019-01-18 00:30:00,40.32429659953573
2019-01-18 01:00:00,37.21235215509128
2019-01-18 01:30:00,27.193352155091286
2019-01-18 02:00:00,11.608837662337661
2019-01-18 02:30:00,2.9305
2019-01-18 03:00:00,0.0
2019-01-18 03:30:00,0.0
2019-01-18 04:00:00,0.0
2019-01-18 04:30:00,0.0
2019-01-18 05:00:00,0.0
2019-01-18 05:30:00,0.0
2019-01-18 06:00:00,0.0
2019-01-18 06:30:00,0.0
2019-01-18 07:00:00,0.0
2019-01-18 07:30:00,3.454
2019-01-18 08:00:00,0.0
2019-01-18 08:30:00,0.0
2019-01-18 09:00:00,0.0
2019-01-18 09:30:00,0.0
2019-01-18 10:00:00,0.0
2019-01-18 10:30:00,0.0
2019-01-18 11:00:00,0.0
2019-01-18 11:30:00,0.0
2019-01-18 12:00:00,0.0
2019-01-18 12:30:00,0.0
2019-01-18 13:00:00,0.0
2019-01-18 13:30:00,1.235625
2019-01-18 14:00:00,8.967196428571429
2019-01-18 14:30:00,8.967196428571429
2019-01-18 15:00:00,13.910796428571429
2019-01-18 15:30:00,21.203463095238096
2019-01-18 16:00:00,34.093291666666666
2019-01-18 16:30:00,63.75813134920635
2019-01-18 17:00:00,72.17807182539683
2019-01-18 17:30:00,61.69647182539683
2019-01-18 18:00:00,62.98880515873016
2019-01-18 18:30:00,60.69098849206349
2019-01-18 19:00:00,66.35638849206349
2019-01-18 19:30:00,62.07205515873016
2019-01-18 20:00:00,53.572293253968255
2019-01-18 20:30:00,47.59543611111111
2019-01-18 21:00:00,21.496403571428573
2019-01-18 21:30:00,25.139578571428572
2019-01-18 22:00:00,25.139578571428572
2019-01-18 22:30:00,25.978828571428572
2019-01-18 23:00:00,11.427733333333332
2019-01-18 23:30:00,11.427733333333332
2019-01-19 00:00:00,17.8274
2019-01-19 00:30:00,8.565066666666667
2019-01-19 01:00:00,8.565066666666667
2019-01-19 01:30:00,7.5250666666666675
2019-01-19 02:00:00,6.3996666666666675
2019-01-19 02:30:00,6.3996666666666675
2019-01-19 03:00:00,3.6136666666666666
2019-01-19 03:30:00,3.6136666666666666
2019-01-19 04:00:00,3.6136666666666666
2019-01-19 04:30:00,3.6136666666666666
2019-01-19 05:00:00,3.6136666666666666
2019-01-19 05:30:00,3.6136666666666666
2019-01-19 06:00:00,0.0
2019-01-19 06:30:00,0.0
2019-01-19 07:00:00,3.1
2019-01-19 07:30:00,3.1
2019-01-19 08:00:00,3.1
2019-01-19 08:30:00,3.1
2019-01-19 09:00:00,3.1
2019-01-19 09:30:00,3.1
2019-01-19 10:00:00,3.1
2019-01-19 10:30:00,3.1
2019-01-19 11:00:00,0.0
2019-01-19 11:30:00,0.0
2019-01-19 12:00:00,0.0
2019-01-19 12:30:00,0.0
2019-01-19 13:00:00,0.0
2019-01-19 13:30:00,0.0
2019-01-19 14:00:00,0.0
2019-01-19 14:30:00,0.0
2019-01-19 15:00:00,0.0
2019-01-19 15:30:00,6.542666666666666
2019-01-19 16:00:00,6.542666666666666
2019-01-19 16:30:00,6.542666666666666
2019-01-19 17:00:00,6.542666666666666
2019-01-19 17:30:00,6.542666666666666
2019-01-19 18:00:00,12.231333333333332
2019-01-19 18:30:00,12.231333333333332
2019-01-19 19:00:00,12.231333333333332
2019-01-19 19:30:00,12.231333333333332
2019-01-19 20:00:00,5.688666666666666
2019-01-19 20:30:00,5.688666666666666
2019-01-19 21:00:00,5.688666666666666
2019-01-19 21:30:00,13.181666666666667
2019-01-19 22:00:00,13.181666666666667
2019-01-19 22:30:00,0.0
2019-01-19 23:00:00,0.0
2019-01-19 23:30:00,0.0
2019-01-20 00:00:00,0.0
2019-01-20 00:30:00,1.672
2019-01-20 01:00:00,0.0
2019-01-20 01:30:00,4.785111111111111
2019-01-20 02:00:00,4.785111111111111
2019-01-20 02:30:00,4.785111111111111
2019-01-20 03:00:00,4.785111111111111
2019-01-20 03:30:00,4.785111111111111
2019-01-20 04:00:00,4.785111111111111
2019-01-20 04:30:00,7.752611111111111
2019-01-20 05:00:00,7.752611111111111
2019-01-20 05:30:00,7.752611111111111
2019-01-20 06:00:00,2.9675
2019-01-20 06:30:00,2.9675
2019-01-20 07:00:00,2.9675
2019-01-20 07:30:00,2.9675
2019-01-20 08:00:00,2.9675
2019-01-20 08:30:00,0.0
2019-01-20 09:00:00,0.0
2019-01-20 09:30:00,0.0
2019-01-20 10:00:00,0.0
2019-01-20 10:30:00,0.0
2019-01-20 11:00:00,0.0
2019-01-20 11:30:00,0.0
2019-01-20 12:00:00,0.0
2019-01-20 12:30:00,0.0
2019-01-20 13:00:00,0.0
2019-01-20 13:30:00,0.0
2019-01-20 14:00:00,0.0
2019-01-20 14:30:00,0.0
2019-01-20 15:00:00,0.0
2019-01-20 15:30:00,0.0
2019-01-20 16:00:00,0.0
2019-01-20 16:30:00,0.0
2019-01-20 17:00:00,0.0
2019-01-20 17:30:00,0.0
2019-01-20 18:00:00,0.0
2019-01-20 18:30:00,0.0
2019-01-20 19:00:00,0.0
2019-01-20 19:30:00,0.0
2019-01-20 20:00:00,0.0
2019-01-20 20:30:00,0.0
2019-01-20 21:00:00,0.0
2019-01-20 21:30:00,0.0
2019-01-20 22:00:00,0.0
2019-01-20 22:30:00,0.0
2019-01-20 23:00:00,0.0
2019-01-20 23:30:00,0.0
2019-01-21 00:00:00,0.0
2019-01-21 00:30:00,0.0
2019-01-21 01:00:00,0.0
2019-01-21 01:30:00,0.0
2019-01-21 02:00:00,0.0
2019-01-21 02:30:00,0.0
2019-01-21 03:00:00,0.0
2019-01-21 03:30:00,0.0
2019-01-21 04:00:00,0.0
2019-01-21 04:30:00,0.0
2019-01-21 05:00:00,0.0
2019-01-21 05:30:00,0.0
2019-01-21 06:00:00,0.0
2019-01-21 06:30:00,0.0
2019-01-21 07:00:00,0.0
2019-01-21 07:30:00,0.0
2019-01-21 08:00:00,0.0
2019-01-21 08:30:00,0.0
2019-01-21 09:00:00,0.0
2019-01-21 09:30:00,0.0
2019-01-21 10:00:00,0.0
2019-01-21 10:30:00,0.0
2019-01-21 11:00:00,0.0
2019-01-21 11:30:00,0.0
2019-01-21 12:00:00,0.0
2019-01-21 12:30:00,0.0
2019-01-21 13:00:00,0.0
2019-01-21 13:30:00,0.0
2019-01-21 14:00:00,0.0
2019-01-21 14:30:00,0.0
2019-01-21 15:00:00,0.0
2019-01-21 15:30:00,3.4715555555555557
2019-01-21 16:00:00,3.4715555555555557
2019-01-21 16:30:00,3.4715555555555557
2019-01-21 17:00:00,6.419555555555556
2019-01-21 17:30:00,6.110055555555556
2019-01-21 18:00:00,10.531484126984127
2019-01-21 18:30:00,16.590055555555555
2019-01-21 19:00:00,16.590055555555555
2019-01-21 19:30:00,13.951555555555554
2019-01-21 20:00:00,10.48
2019-01-21 20:30:00,10.48
2019-01-21 21:00:00,10.48
2019-01-21 21:30:00,6.058571428571428
2019-01-21 22:00:00,0.0
2019-01-21 22:30:00,0.0
2019-01-21 23:00:00,0.0
2019-01-21 23:30:00,6.3917142857142855
2019-01-22 00:00:00,6.3917142857142855
2019-01-22 00:30:00,6.3917142857142855
2019-01-22 01:00:00,6.3917142857142855
2019-01-22 01:30:00,6.3917142857142855
2019-01-22 02:00:00,6.3917142857142855
2019-01-22 02:30:00,6.3917142857142855
2019-01-22 03:00:00,0.0
2019-01-22 03:30:00,0.0
2019-01-22 04:00:00,0.0
2019-01-22 04:30:00,0.0
2019-01-22 05:00:00,0.0
2019-01-22 05:30:00,0.0
2019-01-22 06:00:00,0.0
2019-01-22 06:30:00,0.0
2019-01-22 07:00:00,0.0
2019-01-22 07:30:00,0.0
2019-01-22 08:00:00,0.0
2019-01-22 08:30:00,0.0
2019-01-22 09:00:00,0.0
2019-01-22 09:30:00,0.0
2019-01-22 10:00:00,0.0
2019-01-22 10:30:00,0.0
2019-01-22 11:00:00,0.0
2019-01-22 11:30:00,0.0
2019-01-22 12:00:00,0.0
2019-01-22 12:30:00,0.0
2019-01-22 13:00:00,0.0941111111111111
2019-01-22 13:30:00,4.532952380952381
2019-01-22 14:00:00,20.8451704408079
2019-01-22 14:30:00,55.22065370199116
2019-01-22 15:00:00,90.82661834436632
2019-01-22 15:30:00,129.8402727119286
2019-01-22 16:00:00,145.01496318811905
2019-01-22 16:30:00,140.29316318811908
2019-01-22 17:00:00,130.01702985478573
2019-01-22 17:30:00,116.59639175954764
2019-01-22 18:00:00,109.56559810875399
2019-01-22 18:30:00,106.19059810875399
2019-01-22 19:00:00,102.79037588653176
2019-01-22 19:30:00,91.57751874367463
2019-01-22 20:00:00,72.69130056185645
2019-01-22 20:30:00,69.00584818090407
2019-01-22 21:00:00,64.0763105185664
2019-01-22 21:30:00,50.17535813761402
2019-01-22 22:00:00,47.64481753932342
2019-01-22 22:30:00,42.6842293040293
2019-01-22 23:00:00,47.5162293040293
2019-01-22 23:30:00,40.70058281280123
2019-01-23 00:00:00,38.71668281280123
2019-01-23 00:30:00,40.78359509350299
2019-01-23 01:00:00,20.379660256410254
2019-01-23 01:30:00,25.97699358974359
2019-01-23 02:00:00,9.442410256410257
2019-01-23 02:30:00,9.442410256410257
2019-01-23 03:00:00,3.845076923076923
2019-01-23 03:30:00,3.845076923076923
2019-01-23 04:00:00,0.0
2019-01-23 04:30:00,0.0
2019-01-23 05:00:00,0.0
2019-01-23 05:30:00,0.0
2019-01-23 06:00:00,0.0
2019-01-23 06:30:00,0.0
2019-01-23 07:00:00,0.0
2019-01-23 07:30:00,0.0
2019-01-23 08:00:00,0.0
2019-01-23 08:30:00,0.0
2019-01-23 09:00:00,0.0
2019-01-23 09:30:00,0.0
2019-01-23 10:00:00,0.0
2019-01-23 10:30:00,0.0
2019-01-23 11:00:00,0.0
2019-01-23 11:30:00,0.0
2019-01-23 12:00:00,0.0
2019-01-23 12:30:00,0.0
2019-01-23 13:00:00,0.0
2019-01-23 13:30:00,5.350888888888889
2019-01-23 14:00:00,30.5199873015873
2019-01-23 14:30:00,56.84986595655806
2019-01-23 15:00:00,95.24917151211362
2019-01-23 15:30:00,158.1349661692109
2019-01-23 16:00:00,165.8338514505962
2019-01-23 16:30:00,154.90661811726287
2019-01-23 17:00:00,148.07888002202475
2019-01-23 17:30:00,122.4237371648819
2019-01-23 18:00:00,117.5045371648819
2019-01-23 18:30:00,103.33484272043745
2019-01-23 19:00:00,95.6532871648819
2019-01-23 19:30:00,71.52017208551682
2019-01-23 20:00:00,75.98825541885016
2019-01-23 20:30:00,76.16749351408825
2019-01-23 21:00:00,60.66172078681552
2019-01-23 21:30:00,61.587311695906436
2019-01-23 22:00:00,58.30031169590643
2019-01-23 22:30:00,58.44342280701755
2019-01-23 23:00:00,56.495018106162846
2019-01-23 23:30:00,36.408629217273955
2019-01-24 00:00:00,30.227361673414304
2019-01-24 00:30:00,33.54976167341431
2019-01-24 01:00:00,25.59565641025641
2019-01-24 01:30:00,25.138989743589747
2019-01-24 02:00:00,16.877323076923076
2019-01-24 02:30:00,16.877323076923076
2019-01-24 03:00:00,8.96378021978022
2019-01-24 03:30:00,8.96378021978022
2019-01-24 04:00:00,8.96378021978022
2019-01-24 04:30:00,8.96378021978022
2019-01-24 05:00:00,8.96378021978022
2019-01-24 05:30:00,3.084857142857143
2019-01-24 06:00:00,3.084857142857143
2019-01-24 06:30:00,0.0
2019-01-24 07:00:00,0.0
2019-01-24 07:30:00,0.0
2019-01-24 08:00:00,0.0
2019-01-24 08:30:00,0.0
2019-01-24 09:00:00,0.0
2019-01-24 09:30:00,0.0
2019-01-24 10:00:00,0.0
2019-01-24 10:30:00,0.0
2019-01-24 11:00:00,0.0
2019-01-24 11:30:00,0.0
2019-01-24 12:00:00,0.0
2019-01-24 12:30:00,0.0
2019-01-24 13:00:00,0.06607692307692307
2019-01-24 13:30:00,0.06607692307692307
2019-01-24 14:00:00,18.711844979581823
2019-01-24 14:30:00,47.95108250346145
2019-01-24 15:00:00,84.35346681359576
2019-01-24 15:30:00,150.91617157550053
2019-01-24 16:00:00,148.77417157550053
2019-01-24 16:30:00,140.79050490883387
2019-01-24 17:00:00,127.32863824216719
2019-01-24 17:30:00,115.71959538502433
2019-01-24 18:00:00,104.56850967073862
2019-01-24 18:30:00,91.23884300407195
2019-01-24 19:00:00,71.05708109931004
2019-01-24 19:30:00,60.02665577463472
2019-01-24 20:00:00,55.23145577463472
2019-01-24 20:30:00,49.66345577463472
2019-01-24 21:00:00,43.91099423617318
2019-01-24 21:30:00,41.74222500540395
2019-01-24 22:00:00,43.56083214826109
2019-01-24 22:30:00,42.30008929111824
2019-01-24 23:00:00,37.07049643397538
2019-01-24 23:30:00,30.868272749764856
2019-01-25 00:00:00,26.851366317016318
2019-01-25 00:30:00,36.41903298368298
2019-01-25 01:00:00,41.12569965034965
2019-01-25 01:30:00,21.16429358974359
2019-01-25 02:00:00,11.3048
2019-01-25 02:30:00,6.0061333333333335
2019-01-25 03:00:00,6.0061333333333335
2019-01-25 03:30:00,0.0
2019-01-25 04:00:00,0.0
2019-01-25 04:30:00,0.0
2019-01-25 05:00:00,0.0
2019-01-25 05:30:00,0.0
2019-01-25 06:00:00,0.0
2019-01-25 06:30:00,0.0
2019-01-25 07:00:00,0.0
2019-01-25 07:30:00,0.0
2019-01-25 08:00:00,0.0
2019-01-25 08:30:00,0.0
2019-01-25 09:00:00,0.0
2019-01-25 09:30:00,0.0
2019-01-25 10:00:00,0.0
2019-01-25 10:30:00,0.0
2019-01-25 11:00:00,0.0
2019-01-25 11:30:00,0.0
2019-01-25 12:00:00,0.0
2019-01-25 12:30:00,0.0
2019-01-25 13:00:00,0.0
2019-01-25 13:30:00,2.177
2019-01-25 14:00:00,31.265920634920633
2019-01-25 14:30:00,53.373667857142856
2019-01-25 15:00:00,109.40276971606825
2019-01-25 15:30:00,149.4832439584925
2019-01-25 16:00:00,155.93911062515915
2019-01-25 16:30:00,149.88311062515916
2019-01-25 17:00:00,131.76444395849248
2019-01-25 17:30:00,121.75038681563534
2019-01-25 18:00:00,109.83984835409689
2019-01-25 18:30:00,107.66284835409688
2019-01-25 19:00:00,100.08826249551103
2019-01-25 19:30:00,89.13067916217769
2019-01-25 20:00:00,84.80176249551103
2019-01-25 20:30:00,90.73968976823829
2019-01-25 21:00:00,85.39517028771881
2019-01-25 21:30:00,76.12367028771882
2019-01-25 22:00:00,76.73045600200453
2019-01-25 22:30:00,71.74383100200453
2019-01-25 23:00:00,75.07505322422675
2019-01-25 23:30:00,65.78583361638361
2019-01-26 00:00:00,54.469250283050286
2019-01-26 00:30:00,37.23672857142857
2019-01-26 01:00:00,32.88992857142857
2019-01-26 01:30:00,12.484
2019-01-26 02:00:00,8.950666666666667
2019-01-26 02:30:00,6.200666666666667
2019-01-26 03:00:00,6.200666666666667
2019-01-26 03:30:00,6.200666666666667
2019-01-26 04:00:00,6.200666666666667
2019-01-26 04:30:00,0.0
2019-01-26 05:00:00,0.0
2019-01-26 05:30:00,0.0
2019-01-26 06:00:00,0.0
2019-01-26 06:30:00,0.0
2019-01-26 07:00:00,0.0
2019-01-26 07:30:00,0.0
2019-01-26 08:00:00,0.0
2019-01-26 08:30:00,0.0
2019-01-26 09:00:00,0.0
2019-01-26 09:30:00,0.0
2019-01-26 10:00:00,0.0
2019-01-26 10:30:00,0.0
2019-01-26 11:00:00,0.0
2019-01-26 11:30:00,0.0
2019-01-26 12:00:00,0.0
2019-01-26 12:30:00,0.0
2019-01-26 13:00:00,0.0
2019-01-26 13:30:00,0.0
2019-01-26 14:00:00,0.0
2019-01-26 14:30:00,0.0
2019-01-26 15:00:00,3.2275
2019-01-26 15:30:00,3.2275
2019-01-26 16:00:00,3.2275
2019-01-26 16:30:00,3.2275
2019-01-26 17:00:00,3.2275
2019-01-26 17:30:00,3.2275
2019-01-26 18:00:00,3.2275
2019-01-26 18:30:00,3.2275
2019-01-26 19:00:00,1.78
2019-01-26 19:30:00,3.2194285714285718
2019-01-26 20:00:00,3.2194285714285718
2019-01-26 20:30:00,3.2194285714285718
2019-01-26 21:00:00,3.2194285714285718
2019-01-26 21:30:00,3.2194285714285718
2019-01-26 22:00:00,3.2194285714285718
2019-01-26 22:30:00,3.2194285714285718
2019-01-26 23:00:00,6.304666666666667
2019-01-26 23:30:00,6.304666666666667
2019-01-27 00:00:00,6.304666666666667
2019-01-27 00:30:00,6.304666666666667
2019-01-27 01:00:00,6.304666666666667
2019-01-27 01:30:00,6.304666666666667
2019-01-27 02:00:00,0.0
2019-01-27 02:30:00,0.0
2019-01-27 03:00:00,0.0
2019-01-27 03:30:00,0.0
2019-01-27 04:00:00,0.0
2019-01-27 04:30:00,0.0
2019-01-27 05:00:00,0.0
2019-01-27 05:30:00,0.0
2019-01-27 06:00:00,0.0
2019-01-27 06:30:00,0.0
2019-01-27 07:00:00,0.0
2019-01-27 07:30:00,0.0
2019-01-27 08:00:00,0.0
2019-01-27 08:30:00,0.0
2019-01-27 09:00:00,0.0
2019-01-27 09:30:00,0.0
2019-01-27 10:00:00,0.0
2019-01-27 10:30:00,0.0
2019-01-27 11:00:00,0.0
2019-01-27 11:30:00,0.0
2019-01-27 12:00:00,0.0
2019-01-27 12:30:00,0.0
2019-01-27 13:00:00,0.0
2019-01-27 13:30:00,0.0
2019-01-27 14:00:00,0.0
2019-01-27 14:30:00,0.0
2019-01-27 15:00:00,0.0
2019-01-27 15:30:00,3.1702000000000004
2019-01-27 16:00:00,3.1702000000000004
2019-01-27 16:30:00,3.1702000000000004
2019-01-27 17:00:00,3.1702000000000004
2019-01-27 17:30:00,3.1702000000000004
2019-01-27 18:00:00,3.1702000000000004
2019-01-27 18:30:00,3.1702000000000004
2019-01-27 19:00:00,3.1702000000000004
2019-01-27 19:30:00,3.1702000000000004
2019-01-27 20:00:00,3.1702000000000004
2019-01-27 20:30:00,0.0
2019-01-27 21:00:00,0.0
2019-01-27 21:30:00,6.561555555555556
2019-01-27 22:00:00,6.561555555555556
2019-01-27 22:30:00,6.561555555555556
2019-01-27 23:00:00,6.561555555555556
2019-01-27 23:30:00,6.561555555555556
2019-01-28 00:00:00,6.561555555555556
2019-01-28 00:30:00,6.561555555555556
2019-01-28 01:00:00,6.561555555555556
2019-01-28 01:30:00,6.561555555555556
2019-01-28 02:00:00,0.0
2019-01-28 02:30:00,0.0
2019-01-28 03:00:00,0.0
2019-01-28 03:30:00,0.0
2019-01-28 04:00:00,0.0
2019-01-28 04:30:00,0.0
2019-01-28 05:00:00,0.0
2019-01-28 05:30:00,0.0
2019-01-28 06:00:00,0.0
2019-01-28 06:30:00,0.0
2019-01-28 07:00:00,0.0
2019-01-28 07:30:00,0.0
2019-01-28 08:00:00,0.0
2019-01-28 08:30:00,0.0
2019-01-28 09:00:00,0.0
2019-01-28 09:30:00,0.0
2019-01-28 10:00:00,0.0
2019-01-28 10:30:00,0.0
2019-01-28 11:00:00,0.0
2019-01-28 11:30:00,0.0
2019-01-28 12:00:00,0.0
2019-01-28 12:30:00,0.0
2019-01-28 13:00:00,0.0
2019-01-28 13:30:00,5.012888888888889
2019-01-28 14:00:00,22.45073678804855
2019-01-28 14:30:00,46.990022069433834
2019-01-28 15:00:00,110.37411466980731
2019-01-28 15:30:00,156.62147643026907
2019-01-28 16:00:00,151.70614309693573
2019-01-28 16:30:00,148.97764309693574
2019-01-28 17:00:00,146.37764309693574
2019-01-28 17:30:00,138.11407166836432
2019-01-28 18:00:00,137.3790716683643
2019-01-28 18:30:00,118.28561928741193
2019-01-28 19:00:00,112.98211928741193
2019-01-28 19:30:00,102.43721928741193
2019-01-28 20:00:00,95.93525464094729
2019-01-28 20:30:00,93.32635464094729
2019-01-28 21:00:00,85.92288494397759
2019-01-28 21:30:00,84.60507542016806
2019-01-28 22:00:00,84.39950399159663
2019-01-28 22:30:00,57.74072434640523
2019-01-28 23:00:00,45.7987660130719
2019-01-28 23:30:00,52.57367777777778
2019-01-29 00:00:00,39.58052222222222
2019-01-29 00:30:00,34.36163333333334
2019-01-29 01:00:00,33.554833333333335
2019-01-29 01:30:00,8.276666666666667
2019-01-29 02:00:00,2.9566666666666666
2019-01-29 02:30:00,2.9566666666666666
2019-01-29 03:00:00,0.0
2019-01-29 03:30:00,0.0
2019-01-29 04:00:00,0.0
2019-01-29 04:30:00,0.0
2019-01-29 05:00:00,0.0
2019-01-29 05:30:00,0.0
2019-01-29 06:00:00,0.0
2019-01-29 06:30:00,0.0
2019-01-29 07:00:00,0.0
2019-01-29 07:30:00,0.0
2019-01-29 08:00:00,0.0
2019-01-29 08:30:00,0.0
2019-01-29 09:00:00,0.0
2019-01-29 09:30:00,0.0
2019-01-29 10:00:00,0.0
2019-01-29 10:30:00,0.0
2019-01-29 11:00:00,0.0
2019-01-29 11:30:00,0.0
2019-01-29 12:00:00,0.0
2019-01-29 12:30:00,0.0
2019-01-29 13:00:00,4.561888888888889
2019-01-29 13:30:00,12.037755555555556
2019-01-29 14:00:00,24.157129991645782
2019-01-29 14:30:00,41.104612675628466
2019-01-29 15:00:00,73.31132032755686
2019-01-29 15:30:00,144.42266723750964
2019-01-29 16:00:00,143.99056723750965
2019-01-29 16:30:00,143.99056723750965
2019-01-29 17:00:00,131.7822339041763
2019-01-29 17:30:00,118.39075771370013
2019-01-29 18:00:00,113.24532914227156
2019-01-29 18:30:00,101.28859104703346
2019-01-29 19:00:00,87.9234481898906
2019-01-29 19:30:00,83.25066283635525
2019-01-29 20:00:00,93.02482300951543
2019-01-29 20:30:00,85.14893210042452
2019-01-29 21:00:00,83.40384119133361
2019-01-29 21:30:00,74.01781738180979
2019-01-29 22:00:00,68.34337025116267
2019-01-29 22:30:00,62.64222739401981
2019-01-29 23:00:00,56.086560727353145
2019-01-29 23:30:00,41.690182789862355
2019-01-30 00:00:00,52.03699455456824
2019-01-30 00:30:00,48.713513852813854
2019-01-30 01:00:00,39.01870476190476
2019-01-30 01:30:00,33.47983333333333
2019-01-30 02:00:00,18.663666666666668
2019-01-30 02:30:00,6.543866666666666
2019-01-30 03:00:00,6.543866666666666
2019-01-30 03:30:00,6.543866666666666
2019-01-30 04:00:00,6.543866666666666
2019-01-30 04:30:00,6.543866666666666
2019-01-30 05:00:00,6.3806666666666665
2019-01-30 05:30:00,0.0
2019-01-30 06:00:00,0.0
2019-01-30 06:30:00,0.0
2019-01-30 07:00:00,0.0
2019-01-30 07:30:00,0.0
2019-01-30 08:00:00,0.0
2019-01-30 08:30:00,0.0
2019-01-30 09:00:00,0.0
2019-01-30 09:30:00,0.0
2019-01-30 10:00:00,0.0
2019-01-30 10:30:00,0.0
2019-01-30 11:00:00,0.0
2019-01-30 11:30:00,0.0
2019-01-30 12:00:00,0.0
2019-01-30 12:30:00,0.0
2019-01-30 13:00:00,0.0
2019-01-30 13:30:00,5.992809523809524
2019-01-30 14:00:00,27.186408333333333
2019-01-30 14:30:00,56.6532576007326
2019-01-30 15:00:00,89.41061431068931
2019-01-30 15:30:00,155.32031875931088
2019-01-30 16:00:00,156.43086421385632
2019-01-30 16:30:00,156.4972642138563
2019-01-30 17:00:00,147.53726421385633
2019-01-30 17:30:00,133.55667373766585
2019-01-30 18:00:00,113.04761421385632
2019-01-30 18:30:00,79.20279278528488
2019-01-30 19:00:00,68.79376421385632
2019-01-30 19:30:00,57.109297547189655
2019-01-30 20:00:00,58.05280865830076
2019-01-30 20:30:00,54.74929004358215
2019-01-30 21:00:00,61.814033633325735
2019-01-30 21:30:00,56.42415484544695
2019-01-30 22:00:00,48.847225083542185
2019-01-30 22:30:00,43.46522508354219
2019-01-30 23:00:00,38.763891750208856
2019-01-30 23:30:00,36.89543341687552
2019-01-31 00:00:00,33.21410008354219
2019-01-31 00:30:00,36.51198897243108
2019-01-31 01:00:00,21.925238095238097
2019-01-31 01:30:00,15.937000000000001
2019-01-31 02:00:00,2.9483333333333333
2019-01-31 02:30:00,2.9483333333333333
2019-01-31 03:00:00,2.9483333333333333
2019-01-31 03:30:00,2.9483333333333333
2019-01-31 04:00:00,2.9483333333333333
2019-01-31 04:30:00,2.9483333333333333
2019-01-31 05:00:00,2.9483333333333333
2019-01-31 05:30:00,2.9483333333333333
2019-01-31 06:00:00,0.0
2019-01-31 06:30:00,0.0
2019-01-31 07:00:00,0.0
2019-01-31 07:30:00,0.0
2019-01-31 08:00:00,0.0
2019-01-31 08:30:00,0.0
2019-01-31 09:00:00,0.0
2019-01-31 09:30:00,0.0
2019-01-31 10:00:00,0.0
2019-01-31 10:30:00,0.0
2019-01-31 11:00:00,0.0
2019-01-31 11:30:00,0.0
2019-01-31 12:00:00,0.0
2019-01-31 12:30:00,0.0
2019-01-31 13:00:00,0.0
2019-01-31 13:30:00,6.3327884615384615
2019-01-31 14:00:00,47.66089389423786
2019-01-31 14:30:00,64.59704389423786
2019-01-31 15:00:00,97.20319916703524
2019-01-31 15:30:00,151.32000527759135
2019-01-31 16:00:00,162.35556371914979
2019-01-31 16:30:00,150.00303038581646
2019-01-31 17:00:00,133.67036371914978
2019-01-31 17:30:00,116.5571494334355
2019-01-31 18:00:00,116.85106610010217
2019-01-31 18:30:00,110.2641494334355
2019-01-31 19:00:00,108.90355895724502
2019-01-31 19:30:00,95.63747324295932
2019-01-31 20:00:00,90.4741157338018
2019-01-31 20:30:00,83.1642157338018
2019-01-31 21:00:00,81.15152482471089
2019-01-31 21:30:00,77.2859453208814
2019-01-31 22:00:00,67.56415630989238
2019-01-31 22:30:00,64.68029636591478
2019-01-31 23:00:00,63.879263032581456
2019-01-31 23:30:00,50.86484611528822
2019-02-01 00:00:00,47.695079448621556
2019-02-01 00:30:00,42.54700476190476
2019-02-01 01:00:00,22.307933333333335
2019-02-01 01:30:00,13.424866666666667
2019-02-01 02:00:00,16.713866666666668
2019-02-01 02:30:00,8.8146
2019-02-01 03:00:00,3.289
2019-02-01 03:30:00,3.289
2019-02-01 04:00:00,3.289
2019-02-01 04:30:00,9.704
2019-02-01 05:00:00,6.415
2019-02-01 05:30:00,0.0
2019-02-01 06:00:00,0.0
2019-02-01 06:30:00,0.0
2019-02-01 07:00:00,0.0
2019-02-01 07:30:00,3.14175
2019-02-01 08:00:00,3.14175
2019-02-01 08:30:00,3.14175
2019-02-01 09:00:00,3.14175
2019-02-01 09:30:00,3.14175
2019-02-01 10:00:00,3.14175
2019-02-01 10:30:00,3.14175
2019-02-01 11:00:00,3.14175
2019-02-01 11:30:00,0.0
2019-02-01 12:00:00,0.0
2019-02-01 12:30:00,0.0
2019-02-01 13:00:00,0.0
2019-02-01 13:30:00,2.4915555555555553
2019-02-01 14:00:00,2.4915555555555553
2019-02-01 14:30:00,12.92586984126984
2019-02-01 15:00:00,15.085469841269841
2019-02-01 15:30:00,22.974356204906204
2019-02-01 16:00:00,43.22678953823954
2019-02-01 16:30:00,65.98502287157287
2019-02-01 17:00:00,66.40842287157287
2019-02-01 17:30:00,69.72682287157286
2019-02-01 18:00:00,72.65626731601732
2019-02-01 18:30:00,77.09842922077922
2019-02-01 19:00:00,73.17986255411255
2019-02-01 19:30:00,68.42594588744589
2019-02-01 20:00:00,63.83302922077922
2019-02-01 20:30:00,60.715306998557
2019-02-01 21:00:00,52.046170634920635
2019-02-01 21:30:00,36.1970753968254
2019-02-01 22:00:00,38.96107539682539
2019-02-01 22:30:00,30.732408730158728
2019-02-01 23:00:00,25.64340873015873
2019-02-01 23:30:00,19.526742063492062
2019-02-02 00:00:00,21.856492063492063
2019-02-02 00:30:00,16.581492063492064
2019-02-02 01:00:00,2.0964285714285715
2019-02-02 01:30:00,0.0
2019-02-02 02:00:00,0.0
2019-02-02 02:30:00,0.0
2019-02-02 03:00:00,0.0
2019-02-02 03:30:00,0.0
2019-02-02 04:00:00,0.0
2019-02-02 04:30:00,0.0
2019-02-02 05:00:00,0.0
2019-02-02 05:30:00,0.0
2019-02-02 06:00:00,0.0
2019-02-02 06:30:00,0.0
2019-02-02 07:00:00,0.0
2019-02-02 07:30:00,0.0
2019-02-02 08:00:00,0.0
2019-02-02 08:30:00,0.0
2019-02-02 09:00:00,0.0
2019-02-02 09:30:00,0.0
2019-02-02 10:00:00,0.0
2019-02-02 10:30:00,0.0
2019-02-02 11:00:00,0.0
2019-02-02 11:30:00,0.0
2019-02-02 12:00:00,0.0
2019-02-02 12:30:00,0.0
2019-02-02 13:00:00,0.0
2019-02-02 13:30:00,0.0
2019-02-02 14:00:00,0.0
2019-02-02 14:30:00,0.0
2019-02-02 15:00:00,0.0
2019-02-02 15:30:00,0.0
2019-02-02 16:00:00,0.0
2019-02-02 16:30:00,0.0
2019-02-02 17:00:00,0.0
2019-02-02 17:30:00,0.0
2019-02-02 18:00:00,5.922363636363636
2019-02-02 18:30:00,5.922363636363636
2019-02-02 19:00:00,5.922363636363636
2019-02-02 19:30:00,5.922363636363636
2019-02-02 20:00:00,11.067563636363637
2019-02-02 20:30:00,11.067563636363637
2019-02-02 21:00:00,11.067563636363637
2019-02-02 21:30:00,11.067563636363637
2019-02-02 22:00:00,11.067563636363637
2019-02-02 22:30:00,5.922363636363636
2019-02-02 23:00:00,5.922363636363636
2019-02-02 23:30:00,0.0
2019-02-03 00:00:00,0.0
2019-02-03 00:30:00,0.0
2019-02-03 01:00:00,0.0
2019-02-03 01:30:00,0.0
2019-02-03 02:00:00,0.0
2019-02-03 02:30:00,0.0
2019-02-03 03:00:00,0.0
2019-02-03 03:30:00,0.0
2019-02-03 04:00:00,0.0
2019-02-03 04:30:00,0.0
2019-02-03 05:00:00,0.0
2019-02-03 05:30:00,0.0
2019-02-03 06:00:00,0.0
2019-02-03 06:30:00,0.0
2019-02-03 07:00:00,0.0
2019-02-03 07:30:00,0.0
2019-02-03 08:00:00,0.0
2019-02-03 08:30:00,0.0
2019-02-03 09:00:00,0.0
2019-02-03 09:30:00,0.0
2019-02-03 10:00:00,0.0
2019-02-03 10:30:00,0.0
2019-02-03 11:00:00,0.0
2019-02-03 11:30:00,0.0
2019-02-03 12:00:00,0.0
2019-02-03 12:30:00,0.0
2019-02-03 13:00:00,0.0
2019-02-03 13:30:00,0.0
2019-02-03 14:00:00,0.0
2019-02-03 14:30:00,0.0
2019-02-03 15:00:00,0.0
2019-02-03 15:30:00,0.0
2019-02-03 16:00:00,0.0
2019-02-03 16:30:00,0.0
2019-02-03 17:00:00,7.129333333333334
2019-02-03 17:30:00,7.129333333333334
2019-02-03 18:00:00,7.129333333333334
2019-02-03 18:30:00,0.0
2019-02-03 19:00:00,0.0
2019-02-03 19:30:00,0.0
2019-02-03 20:00:00,0.0
2019-02-03 20:30:00,0.0
2019-02-03 21:00:00,0.0
2019-02-03 21:30:00,0.0
2019-02-03 22:00:00,0.0
2019-02-03 22:30:00,0.0
2019-02-03 23:00:00,0.0
2019-02-03 23:30:00,0.0
2019-02-04 00:00:00,0.0
2019-02-04 00:30:00,0.0
2019-02-04 01:00:00,0.0
2019-02-04 01:30:00,0.0
2019-02-04 02:00:00,0.0
2019-02-04 02:30:00,0.0
2019-02-04 03:00:00,0.0
2019-02-04 03:30:00,0.0
2019-02-04 04:00:00,0.0
2019-02-04 04:30:00,0.0
2019-02-04 05:00:00,0.0
2019-02-04 05:30:00,0.0
2019-02-04 06:00:00,0.0
2019-02-04 06:30:00,0.0
2019-02-04 07:00:00,0.0
2019-02-04 07:30:00,0.0
2019-02-04 08:00:00,0.0
2019-02-04 08:30:00,0.0
2019-02-04 09:00:00,0.0
2019-02-04 09:30:00,0.0
2019-02-04 10:00:00,0.0
2019-02-04 10:30:00,0.0
2019-02-04 11:00:00,0.0
2019-02-04 11:30:00,0.0
2019-02-04 12:00:00,0.0
2019-02-04 12:30:00,1.9993333333333334
2019-02-04 13:00:00,1.9993333333333334
2019-02-04 13:30:00,5.413833333333333
2019-02-04 14:00:00,30.264990509490506
2019-02-04 14:30:00,57.40358101620601
2019-02-04 15:00:00,100.08457602908787
2019-02-04 15:30:00,137.0071726646161
2019-02-04 16:00:00,149.11344568767146
2019-02-04 16:30:00,142.66671235433813
2019-02-04 17:00:00,138.0533790210048
2019-02-04 17:30:00,135.0118790210048
2019-02-04 18:00:00,126.93085521148099
2019-02-04 18:30:00,128.19920521148097
2019-02-04 19:00:00,123.92419648132226
2019-02-04 19:30:00,111.3196510267768
2019-02-04 20:00:00,108.39462880455457
2019-02-04 20:30:00,87.58533439896017
2019-02-04 21:00:00,77.3614838273096
2019-02-04 21:30:00,63.77349042071619
2019-02-04 22:00:00,63.77349042071619
2019-02-04 22:30:00,54.140303882254656
2019-02-04 23:00:00,48.0561610251118
2019-02-04 23:30:00,46.81080388225465
2019-02-05 00:00:00,43.80553721558799
2019-02-05 00:30:00,48.53382823725982
2019-02-05 01:00:00,41.02736507936508
2019-02-05 01:30:00,20.345142857142857
2019-02-05 02:00:00,3.025142857142857
2019-02-05 02:30:00,6.597809523809524
2019-02-05 03:00:00,3.5726666666666667
2019-02-05 03:30:00,3.5726666666666667
2019-02-05 04:00:00,0.0
2019-02-05 04:30:00,0.0
2019-02-05 05:00:00,0.0
2019-02-05 05:30:00,0.0
2019-02-05 06:00:00,0.0
2019-02-05 06:30:00,0.0
2019-02-05 07:00:00,0.0
2019-02-05 07:30:00,0.0
2019-02-05 08:00:00,0.0
2019-02-05 08:30:00,0.0
2019-02-05 09:00:00,0.0
2019-02-05 09:30:00,0.0
2019-02-05 10:00:00,0.0
2019-02-05 10:30:00,0.0
2019-02-05 11:00:00,0.0
2019-02-05 11:30:00,0.0
2019-02-05 12:00:00,0.0
2019-02-05 12:30:00,0.0
2019-02-05 13:00:00,3.2018666666666666
2019-02-05 13:30:00,3.2018666666666666
2019-02-05 14:00:00,28.382320095693782
2019-02-05 14:30:00,66.3083327219564
2019-02-05 15:00:00,120.70709151577697
2019-02-05 15:30:00,167.7496734465225
2019-02-05 16:00:00,171.15067344652252
2019-02-05 16:30:00,161.19110677985586
2019-02-05 17:00:00,154.6127734465225
2019-02-05 17:30:00,139.7817401131892
2019-02-05 18:00:00,137.5309401131892
2019-02-05 18:30:00,130.44969011318918
2019-02-05 19:00:00,119.9191623354114
2019-02-05 19:30:00,105.13097294147201
2019-02-05 20:00:00,85.67714364854272
2019-02-05 20:30:00,76.5218224364215
2019-02-05 21:00:00,72.81283758793666
2019-02-05 21:30:00,66.39517092127
2019-02-05 22:00:00,45.965068357167425
2019-02-05 22:30:00,47.069877880976954
2019-02-05 23:00:00,45.154092166691235
2019-02-05 23:30:00,17.91121832768195
2019-02-06 00:00:00,31.38283270676692
2019-02-06 00:30:00,39.32849937343359
2019-02-06 01:00:00,24.02213095238095
2019-02-06 01:30:00,17.758130952380952
2019-02-06 02:00:00,17.758130952380952
2019-02-06 02:30:00,8.552416666666668
2019-02-06 03:00:00,8.552416666666668
2019-02-06 03:30:00,0.0
2019-02-06 04:00:00,0.0
2019-02-06 04:30:00,0.0
2019-02-06 05:00:00,0.0
2019-02-06 05:30:00,0.0
2019-02-06 06:00:00,0.0
2019-02-06 06:30:00,0.0
2019-02-06 07:00:00,0.0
2019-02-06 07:30:00,0.0
2019-02-06 08:00:00,0.0
2019-02-06 08:30:00,0.0
2019-02-06 09:00:00,0.0
2019-02-06 09:30:00,0.0
2019-02-06 10:00:00,0.0
2019-02-06 10:30:00,0.0
2019-02-06 11:00:00,0.0
2019-02-06 11:30:00,0.0
2019-02-06 12:00:00,0.0
2019-02-06 12:30:00,0.0
2019-02-06 13:00:00,0.0
2019-02-06 13:30:00,0.0
2019-02-06 14:00:00,13.979244444444443
2019-02-06 14:30:00,45.65078290598291
2019-02-06 15:00:00,72.56381627163685
2019-02-06 15:30:00,138.84253190045249
2019-02-06 16:00:00,149.16280967823027
2019-02-06 16:30:00,150.87580967823027
2019-02-06 17:00:00,133.48047634489694
2019-02-06 17:30:00,122.27980967823027
2019-02-06 18:00:00,117.25602396394456
2019-02-06 18:30:00,106.03386523378582
2019-02-06 19:00:00,80.58295809092868
2019-02-06 19:30:00,82.44309697981757
2019-02-06 20:00:00,86.48098110680169
2019-02-06 20:30:00,77.95683824965883
2019-02-06 21:00:00,87.02685534367593
2019-02-06 21:30:00,76.63323080155139
2019-02-06 22:00:00,63.79692310924369
2019-02-06 22:30:00,55.82649453781513
2019-02-06 23:00:00,59.10049453781512
2019-02-06 23:30:00,46.925757142857144
2019-02-07 00:00:00,26.175177777777776
2019-02-07 00:30:00,26.823066666666666
2019-02-07 01:00:00,22.388955555555555
2019-02-07 01:30:00,0.0
2019-02-07 02:00:00,0.0
2019-02-07 02:30:00,0.0
2019-02-07 03:00:00,0.0
2019-02-07 03:30:00,0.0
2019-02-07 04:00:00,0.0
2019-02-07 04:30:00,0.0
2019-02-07 05:00:00,0.0
2019-02-07 05:30:00,0.0
2019-02-07 06:00:00,0.0
2019-02-07 06:30:00,0.0
2019-02-07 07:00:00,0.0
2019-02-07 07:30:00,0.0
2019-02-07 08:00:00,0.0
2019-02-07 08:30:00,0.0
2019-02-07 09:00:00,0.0
2019-02-07 09:30:00,0.0
2019-02-07 10:00:00,0.0
2019-02-07 10:30:00,0.0
2019-02-07 11:00:00,0.0
2019-02-07 11:30:00,0.0
2019-02-07 12:00:00,0.0
2019-02-07 12:30:00,0.0
2019-02-07 13:00:00,0.0
2019-02-07 13:30:00,2.9770666666666665
2019-02-07 14:00:00,33.825552897395
2019-02-07 14:30:00,57.90982232241443
2019-02-07 15:00:00,104.81835286964497
2019-02-07 15:30:00,161.09732869937082
2019-02-07 16:00:00,165.58157112361323
2019-02-07 16:30:00,163.23197112361322
2019-02-07 17:00:00,158.55397112361322
2019-02-07 17:30:00,153.34247112361322
2019-02-07 18:00:00,143.24880445694657
2019-02-07 18:30:00,124.9123004886926
2019-02-07 19:00:00,110.77905445694657
2019-02-07 19:30:00,104.937748901391
2019-02-07 20:00:00,86.69065597209807
2019-02-07 20:30:00,87.78185077729289
2019-02-07 21:00:00,64.86607781691993
2019-02-07 21:30:00,50.26905217589428
2019-02-07 22:00:00,44.43490931875142
2019-02-07 22:30:00,54.34624265208476
2019-02-07 23:00:00,48.01105931875142
2019-02-07 23:30:00,39.45470844155844
2019-02-08 00:00:00,37.600922727272724
2019-02-08 00:30:00,48.44392272727273
2019-02-08 01:00:00,38.217831818181814
2019-02-08 01:30:00,23.111431818181817
2019-02-08 02:00:00,14.57965909090909
2019-02-08 02:30:00,3.0616590909090906
2019-02-08 03:00:00,0.0
2019-02-08 03:30:00,0.0
2019-02-08 04:00:00,0.0
2019-02-08 04:30:00,0.0
2019-02-08 05:00:00,0.0
2019-02-08 05:30:00,0.0
2019-02-08 06:00:00,0.0
2019-02-08 06:30:00,0.0
2019-02-08 07:00:00,0.0
2019-02-08 07:30:00,0.0
2019-02-08 08:00:00,0.0
2019-02-08 08:30:00,0.0
2019-02-08 09:00:00,0.0
2019-02-08 09:30:00,0.0
2019-02-08 10:00:00,0.0
2019-02-08 10:30:00,0.0
2019-02-08 11:00:00,0.0
2019-02-08 11:30:00,0.0
2019-02-08 12:00:00,0.0
2019-02-08 12:30:00,0.0
2019-02-08 13:00:00,3.8576
2019-02-08 13:30:00,7.491622222222222
2019-02-08 14:00:00,27.313533333333332
2019-02-08 14:30:00,60.716693467643466
2019-02-08 15:00:00,103.28771592296593
2019-02-08 15:30:00,158.45859268476622
2019-02-08 16:00:00,165.12129268476622
2019-02-08 16:30:00,159.57169268476622
2019-02-08 17:00:00,154.38132601809954
2019-02-08 17:30:00,147.98699268476622
2019-02-08 18:00:00,142.73859268476622
2019-02-08 18:30:00,127.1552315736551
2019-02-08 19:00:00,109.7365331609567
2019-02-08 19:30:00,100.50745552747905
2019-02-08 20:00:00,117.55350624897977
2019-02-08 20:30:00,114.9216880671616
2019-02-08 21:00:00,113.702275479749
2019-02-08 21:30:00,100.08680295227649
2019-02-08 22:00:00,88.82369269586623
2019-02-08 22:30:00,93.266470473644
2019-02-08 23:00:00,62.956156187929714
2019-02-08 23:30:00,80.69735142602495
2019-02-09 00:00:00,63.88935800865801
2019-02-09 00:30:00,49.97409134199134
2019-02-09 01:00:00,29.24106103896104
2019-02-09 01:30:00,16.493242857142857
2019-02-09 02:00:00,6.719142857142857
2019-02-09 02:30:00,6.719142857142857
2019-02-09 03:00:00,6.719142857142857
2019-02-09 03:30:00,0.0
2019-02-09 04:00:00,0.0
2019-02-09 04:30:00,0.0
2019-02-09 05:00:00,0.0
2019-02-09 05:30:00,0.0
2019-02-09 06:00:00,0.0
2019-02-09 06:30:00,0.0
2019-02-09 07:00:00,0.0
2019-02-09 07:30:00,0.0
2019-02-09 08:00:00,0.0
2019-02-09 08:30:00,0.0
2019-02-09 09:00:00,0.0
2019-02-09 09:30:00,0.0
2019-02-09 10:00:00,0.0
2019-02-09 10:30:00,0.0
2019-02-09 11:00:00,0.0
2019-02-09 11:30:00,0.0
2019-02-09 12:00:00,0.0
2019-02-09 12:30:00,0.0
2019-02-09 13:00:00,0.0
2019-02-09 13:30:00,2.94975
2019-02-09 14:00:00,2.94975
2019-02-09 14:30:00,2.94975
2019-02-09 15:00:00,2.94975
2019-02-09 15:30:00,2.94975
2019-02-09 16:00:00,2.94975
2019-02-09 16:30:00,2.94975
2019-02-09 17:00:00,2.94975
2019-02-09 17:30:00,10.4032
2019-02-09 18:00:00,11.29243076923077
2019-02-09 18:30:00,11.29243076923077
2019-02-09 19:00:00,11.29243076923077
2019-02-09 19:30:00,11.29243076923077
2019-02-09 20:00:00,11.364564102564103
2019-02-09 20:30:00,11.364564102564103
2019-02-09 21:00:00,11.364564102564103
2019-02-09 21:30:00,5.339230769230769
2019-02-09 22:00:00,11.84348076923077
2019-02-09 22:30:00,11.84348076923077
2019-02-09 23:00:00,11.84348076923077
2019-02-09 23:30:00,11.84348076923077
2019-02-10 00:00:00,11.84348076923077
2019-02-10 00:30:00,6.50425
2019-02-10 01:00:00,6.50425
2019-02-10 01:30:00,6.50425
2019-02-10 02:00:00,3.1756666666666664
2019-02-10 02:30:00,3.1756666666666664
2019-02-10 03:00:00,3.1756666666666664
2019-02-10 03:30:00,3.1756666666666664
2019-02-10 04:00:00,3.1756666666666664
2019-02-10 04:30:00,3.1756666666666664
2019-02-10 05:00:00,0.0
2019-02-10 05:30:00,0.0
2019-02-10 06:00:00,0.0
2019-02-10 06:30:00,0.0
2019-02-10 07:00:00,0.0
2019-02-10 07:30:00,0.0
2019-02-10 08:00:00,0.0
2019-02-10 08:30:00,0.0
2019-02-10 09:00:00,0.0
2019-02-10 09:30:00,0.0
2019-02-10 10:00:00,0.0
2019-02-10 10:30:00,0.0
2019-02-10 11:00:00,0.0
2019-02-10 11:30:00,0.0
2019-02-10 12:00:00,0.0
2019-02-10 12:30:00,0.0
2019-02-10 13:00:00,0.0
2019-02-10 13:30:00,0.0
2019-02-10 14:00:00,0.0
2019-02-10 14:30:00,0.0
2019-02-10 15:00:00,0.0
2019-02-10 15:30:00,0.0
2019-02-10 16:00:00,0.0
2019-02-10 16:30:00,0.0
2019-02-10 17:00:00,0.0
2019-02-10 17:30:00,0.0
2019-02-10 18:00:00,0.0
2019-02-10 18:30:00,0.0
2019-02-10 19:00:00,0.0
2019-02-10 19:30:00,0.0
2019-02-10 20:00:00,0.0
2019-02-10 20:30:00,0.0
2019-02-10 21:00:00,3.9395
2019-02-10 21:30:00,3.9395
2019-02-10 22:00:00,3.9395
2019-02-10 22:30:00,3.9395
2019-02-10 23:00:00,2.289
2019-02-10 23:30:00,2.289
2019-02-11 00:00:00,2.289
2019-02-11 00:30:00,2.289
2019-02-11 01:00:00,2.289
2019-02-11 01:30:00,2.289
2019-02-11 02:00:00,2.289
2019-02-11 02:30:00,2.289
2019-02-11 03:00:00,0.0
2019-02-11 03:30:00,0.0
2019-02-11 04:00:00,0.0
2019-02-11 04:30:00,0.0
2019-02-11 05:00:00,0.0
2019-02-11 05:30:00,0.0
2019-02-11 06:00:00,0.0
2019-02-11 06:30:00,0.0
2019-02-11 07:00:00,0.0
2019-02-11 07:30:00,0.0
2019-02-11 08:00:00,0.0
2019-02-11 08:30:00,0.0
2019-02-11 09:00:00,0.0
2019-02-11 09:30:00,0.0
2019-02-11 10:00:00,0.0
2019-02-11 10:30:00,0.0
2019-02-11 11:00:00,0.0
2019-02-11 11:30:00,0.0
2019-02-11 12:00:00,0.0
2019-02-11 12:30:00,0.0
2019-02-11 13:00:00,0.0
2019-02-11 13:30:00,0.0
2019-02-11 14:00:00,31.37403585858586
2019-02-11 14:30:00,47.76407236652236
2019-02-11 15:00:00,105.37497931761222
2019-02-11 15:30:00,154.55405597706388
2019-02-11 16:00:00,173.74773779524568
2019-02-11 16:30:00,160.6743377952457
2019-02-11 17:00:00,154.03767112857903
2019-02-11 17:30:00,151.86447112857903
2019-02-11 18:00:00,140.41460684286474
2019-02-11 18:30:00,130.23917033492822
2019-02-11 19:00:00,115.35570604921395
2019-02-11 19:30:00,95.9093313017392
2019-02-11 20:00:00,89.12460907951697
2019-02-11 20:30:00,81.93261514012303
2019-02-11 21:00:00,67.82959998860788
2019-02-11 21:30:00,55.0179515037594
2019-02-11 22:00:00,47.015061027568926
2019-02-11 22:30:00,41.62649436090226
2019-02-11 23:00:00,39.076369360902255
2019-02-11 23:30:00,49.164522138680034
2019-02-12 00:00:00,46.64174436090226
2019-02-12 00:30:00,59.29559523809524
2019-02-12 01:00:00,50.702261904761905
2019-02-12 01:30:00,24.561333333333334
2019-02-12 02:00:00,9.255
2019-02-12 02:30:00,6.338333333333334
2019-02-12 03:00:00,6.338333333333334
2019-02-12 03:30:00,0.0
2019-02-12 04:00:00,0.0
2019-02-12 04:30:00,2.8805
2019-02-12 05:00:00,2.8805
2019-02-12 05:30:00,2.8805
2019-02-12 06:00:00,2.8805
2019-02-12 06:30:00,0.0
2019-02-12 07:00:00,0.0
2019-02-12 07:30:00,0.0
2019-02-12 08:00:00,0.0
2019-02-12 08:30:00,0.0
2019-02-12 09:00:00,0.0
2019-02-12 09:30:00,0.0
2019-02-12 10:00:00,0.0
2019-02-12 10:30:00,0.0
2019-02-12 11:00:00,0.0
2019-02-12 11:30:00,0.0
2019-02-12 12:00:00,0.0
2019-02-12 12:30:00,0.0
2019-02-12 13:00:00,3.4166
2019-02-12 13:30:00,6.4796
2019-02-12 14:00:00,34.12638484848485
2019-02-12 14:30:00,62.2586740981241
2019-02-12 15:00:00,109.60947568542569
2019-02-12 15:30:00,159.18659962782317
2019-02-12 16:00:00,159.18659962782317
2019-02-12 16:30:00,155.90979962782316
2019-02-12 17:00:00,142.4315329611565
2019-02-12 17:30:00,135.51478692941046
2019-02-12 18:00:00,117.61105359607713
2019-02-12 18:30:00,112.31330359607713
2019-02-12 19:00:00,99.1827321675057
2019-02-12 19:30:00,88.30439731902085
2019-02-12 20:00:00,75.0709528745764
2019-02-12 20:30:00,80.13009573171927
2019-02-12 21:00:00,69.44695287457641
2019-02-12 21:30:00,64.15466716029069
2019-02-12 22:00:00,41.50579377811731
2019-02-12 22:30:00,45.66429377811731
2019-02-12 23:00:00,35.04062711145064
2019-02-12 23:30:00,29.46834933367286
2019-02-13 00:00:00,34.913075757575754
2019-02-13 00:30:00,47.08807575757576
2019-02-13 01:00:00,46.59557575757576
2019-02-13 01:30:00,34.303
2019-02-13 02:00:00,24.989
2019-02-13 02:30:00,23.897
2019-02-13 03:00:00,14.774999999999999
2019-02-13 03:30:00,8.602
2019-02-13 04:00:00,0.0
2019-02-13 04:30:00,0.0
2019-02-13 05:00:00,0.0
2019-02-13 05:30:00,0.0
2019-02-13 06:00:00,0.0
2019-02-13 06:30:00,0.0
2019-02-13 07:00:00,0.0
2019-02-13 07:30:00,0.0
2019-02-13 08:00:00,0.0
2019-02-13 08:30:00,0.0
2019-02-13 09:00:00,0.0
2019-02-13 09:30:00,0.0
2019-02-13 10:00:00,0.0
2019-02-13 10:30:00,0.0
2019-02-13 11:00:00,0.0
2019-02-13 11:30:00,0.0
2019-02-13 12:00:00,0.0
2019-02-13 12:30:00,2.8765
2019-02-13 13:00:00,2.8765
2019-02-13 13:30:00,2.9507
2019-02-13 14:00:00,32.42226515151515
2019-02-13 14:30:00,47.098566905901116
2019-02-13 15:00:00,123.6567540504559
2019-02-13 15:30:00,170.50183687873874
2019-02-13 16:00:00,167.60683687873873
2019-02-13 16:30:00,162.32633687873874
2019-02-13 17:00:00,151.5320035454054
2019-02-13 17:30:00,143.37657021207207
2019-02-13 18:00:00,136.56748687873875
2019-02-13 18:30:00,120.6396773549292
2019-02-13 19:00:00,113.6859273549292
2019-02-13 19:30:00,85.44567331452517
2019-02-13 20:00:00,82.60968745593931
2019-02-13 20:30:00,69.05094200139386
2019-02-13 21:00:00,55.271214728666585
2019-02-13 21:30:00,44.09774806199992
2019-02-13 22:00:00,37.379333776285634
2019-02-13 22:30:00,37.379333776285634
2019-02-13 23:00:00,43.63933377628564
2019-02-13 23:30:00,35.57361907040328
2019-02-14 00:00:00,30.126250649350652
2019-02-14 00:30:00,24.740117316017315
2019-02-14 01:00:00,24.740117316017315
2019-02-14 01:30:00,6.4126666666666665
2019-02-14 02:00:00,0.0
2019-02-14 02:30:00,0.0
2019-02-14 03:00:00,0.0
2019-02-14 03:30:00,2.9185
2019-02-14 04:00:00,2.9185
2019-02-14 04:30:00,2.9185
2019-02-14 05:00:00,2.9185
2019-02-14 05:30:00,0.0
2019-02-14 06:00:00,0.0
2019-02-14 06:30:00,0.0
2019-02-14 07:00:00,0.0
2019-02-14 07:30:00,0.0
2019-02-14 08:00:00,0.0
2019-02-14 08:30:00,0.0
2019-02-14 09:00:00,0.0
2019-02-14 09:30:00,0.0
2019-02-14 10:00:00,0.0
2019-02-14 10:30:00,0.0
2019-02-14 11:00:00,0.0
2019-02-14 11:30:00,0.0
2019-02-14 12:00:00,0.0
2019-02-14 12:30:00,0.0
2019-02-14 13:00:00,0.05944
2019-02-14 13:30:00,0.05944
2019-02-14 14:00:00,26.327999956709956
2019-02-14 14:30:00,67.13467451811346
2019-02-14 15:00:00,103.93792836426731
2019-02-14 15:30:00,137.76685174089067
2019-02-14 16:00:00,161.11812252011146
2019-02-14 16:30:00,147.00362252011146
2019-02-14 17:00:00,142.993478075667
2019-02-14 17:30:00,134.1378447423337
2019-02-14 18:00:00,122.35729474233369
2019-02-14 18:30:00,113.74782252011147
2019-02-14 19:00:00,95.63544156773051
2019-02-14 19:30:00,74.72009351578247
2019-02-14 20:00:00,57.31982129356024
2019-02-14 20:30:00,55.04998796022691
2019-02-14 21:00:00,51.24452648836544
2019-02-14 21:30:00,37.937742339181284
2019-02-14 22:00:00,27.048909005847953
2019-02-14 22:30:00,39.936337577276525
2019-02-14 23:00:00,40.92955979949875
2019-02-14 23:30:00,43.01144868838764
2019-02-15 00:00:00,39.92595746031746
2019-02-15 00:30:00,35.346913015873014
2019-02-15 01:00:00,37.40791301587302
2019-02-15 01:30:00,32.14047301587301
2019-02-15 02:00:00,9.55328888888889
2019-02-15 02:30:00,9.55328888888889
2019-02-15 03:00:00,5.450888888888889
2019-02-15 03:30:00,5.450888888888889
2019-02-15 04:00:00,0.0
2019-02-15 04:30:00,2.9035
2019-02-15 05:00:00,2.9035
2019-02-15 05:30:00,2.9035
2019-02-15 06:00:00,2.9035
2019-02-15 06:30:00,0.0
2019-02-15 07:00:00,0.0
2019-02-15 07:30:00,0.0
2019-02-15 08:00:00,0.0
2019-02-15 08:30:00,0.0
2019-02-15 09:00:00,0.0
2019-02-15 09:30:00,0.0
2019-02-15 10:00:00,0.0
2019-02-15 10:30:00,0.0
2019-02-15 11:00:00,0.0
2019-02-15 11:30:00,0.0
2019-02-15 12:00:00,0.0
2019-02-15 12:30:00,0.0
2019-02-15 13:00:00,0.0
2019-02-15 13:30:00,0.0
2019-02-15 14:00:00,8.0124
2019-02-15 14:30:00,8.0124
2019-02-15 15:00:00,18.6804
2019-02-15 15:30:00,24.850161904761904
2019-02-15 16:00:00,35.3871619047619
2019-02-15 16:30:00,35.19143722943723
2019-02-15 17:00:00,41.27393722943723
2019-02-15 17:30:00,52.245270562770564
2019-02-15 18:00:00,52.245270562770564
2019-02-15 18:30:00,61.228189976689976
2019-02-15 19:00:00,44.216261405261406
2019-02-15 19:30:00,48.45006140526141
2019-02-15 20:00:00,43.717204262404266
2019-02-15 20:30:00,35.76475981795982
2019-02-15 21:00:00,36.312759817959815
2019-02-15 21:30:00,27.509759817959818
2019-02-15 22:00:00,26.913641636141634
2019-02-15 22:30:00,24.243641636141636
2019-02-15 23:00:00,28.184891636141636
2019-02-15 23:30:00,29.660891636141635
2019-02-16 00:00:00,23.856391636141637
2019-02-16 00:30:00,23.856391636141637
2019-02-16 01:00:00,12.944964285714285
2019-02-16 01:30:00,11.318249999999999
2019-02-16 02:00:00,11.318249999999999
2019-02-16 02:30:00,5.80125
2019-02-16 03:00:00,0.0
2019-02-16 03:30:00,0.0
2019-02-16 04:00:00,0.0
2019-02-16 04:30:00,0.0
2019-02-16 05:00:00,0.0
2019-02-16 05:30:00,0.0
2019-02-16 06:00:00,0.0
2019-02-16 06:30:00,0.0
2019-02-16 07:00:00,0.0
2019-02-16 07:30:00,0.0
2019-02-16 08:00:00,0.0
2019-02-16 08:30:00,0.0
2019-02-16 09:00:00,0.0
2019-02-16 09:30:00,0.0
2019-02-16 10:00:00,0.0
2019-02-16 10:30:00,0.0
2019-02-16 11:00:00,0.0
2019-02-16 11:30:00,0.0
2019-02-16 12:00:00,0.0
2019-02-16 12:30:00,0.0
2019-02-16 13:00:00,0.0
2019-02-16 13:30:00,0.0
2019-02-16 14:00:00,0.0
2019-02-16 14:30:00,0.0
2019-02-16 15:00:00,0.0
2019-02-16 15:30:00,0.0
2019-02-16 16:00:00,0.0
2019-02-16 16:30:00,0.0
2019-02-16 17:00:00,0.0
2019-02-16 17:30:00,0.0
2019-02-16 18:00:00,0.0
2019-02-16 18:30:00,4.732
2019-02-16 19:00:00,0.0
2019-02-16 19:30:00,0.0
2019-02-16 20:00:00,0.0
2019-02-16 20:30:00,0.0
2019-02-16 21:00:00,0.0
2019-02-16 21:30:00,0.0
2019-02-16 22:00:00,0.0
2019-02-16 22:30:00,0.0
2019-02-16 23:00:00,0.0
2019-02-16 23:30:00,0.0
2019-02-17 00:00:00,0.0
2019-02-17 00:30:00,3.908
2019-02-17 01:00:00,3.908
2019-02-17 01:30:00,3.908
2019-02-17 02:00:00,3.908
2019-02-17 02:30:00,3.908
2019-02-17 03:00:00,3.908
2019-02-17 03:30:00,3.908
2019-02-17 04:00:00,3.908
2019-02-17 04:30:00,0.0
2019-02-17 05:00:00,0.0
2019-02-17 05:30:00,0.0
2019-02-17 06:00:00,0.0
2019-02-17 06:30:00,0.0
2019-02-17 07:00:00,0.0
2019-02-17 07:30:00,0.0
2019-02-17 08:00:00,0.0
2019-02-17 08:30:00,0.0
2019-02-17 09:00:00,0.0
2019-02-17 09:30:00,0.0
2019-02-17 10:00:00,0.0
2019-02-17 10:30:00,0.0
2019-02-17 11:00:00,0.0
2019-02-17 11:30:00,0.0
2019-02-17 12:00:00,0.0
2019-02-17 12:30:00,0.0
2019-02-17 13:00:00,0.0
2019-02-17 13:30:00,0.0
2019-02-17 14:00:00,0.0
2019-02-17 14:30:00,0.0
2019-02-17 15:00:00,0.0
2019-02-17 15:30:00,0.0
2019-02-17 16:00:00,0.0
2019-02-17 16:30:00,0.0
2019-02-17 17:00:00,0.0
2019-02-17 17:30:00,0.0
2019-02-17 18:00:00,0.0
2019-02-17 18:30:00,0.0
2019-02-17 19:00:00,0.0
2019-02-17 19:30:00,0.0
2019-02-17 20:00:00,0.0
2019-02-17 20:30:00,3.8429090909090906
2019-02-17 21:00:00,3.8429090909090906
2019-02-17 21:30:00,3.8429090909090906
2019-02-17 22:00:00,3.8429090909090906
2019-02-17 22:30:00,3.8429090909090906
2019-02-17 23:00:00,3.8429090909090906
2019-02-17 23:30:00,3.8429090909090906
2019-02-18 00:00:00,3.8429090909090906
2019-02-18 00:30:00,3.8429090909090906
2019-02-18 01:00:00,3.8429090909090906
2019-02-18 01:30:00,3.8429090909090906
2019-02-18 02:00:00,0.0
2019-02-18 02:30:00,0.0
2019-02-18 03:00:00,0.0
2019-02-18 03:30:00,0.0
2019-02-18 04:00:00,0.0
2019-02-18 04:30:00,0.0
2019-02-18 05:00:00,0.0
2019-02-18 05:30:00,0.0
2019-02-18 06:00:00,0.0
2019-02-18 06:30:00,0.0
2019-02-18 07:00:00,0.0
2019-02-18 07:30:00,0.0
2019-02-18 08:00:00,0.0
2019-02-18 08:30:00,0.0
2019-02-18 09:00:00,0.0
2019-02-18 09:30:00,0.0
2019-02-18 10:00:00,0.0
2019-02-18 10:30:00,0.0
2019-02-18 11:00:00,0.0
2019-02-18 11:30:00,0.0
2019-02-18 12:00:00,0.0
2019-02-18 12:30:00,0.0
2019-02-18 13:00:00,0.0
2019-02-18 13:30:00,0.0
2019-02-18 14:00:00,0.0
2019-02-18 14:30:00,0.0
2019-02-18 15:00:00,0.0
2019-02-18 15:30:00,0.0
2019-02-18 16:00:00,0.0
2019-02-18 16:30:00,0.0
2019-02-18 17:00:00,0.0
2019-02-18 17:30:00,3.51
2019-02-18 18:00:00,5.7865
2019-02-18 18:30:00,5.7865
2019-02-18 19:00:00,5.7865
2019-02-18 19:30:00,5.7865
2019-02-18 20:00:00,0.0
2019-02-18 20:30:00,0.0
2019-02-18 21:00:00,0.0
2019-02-18 21:30:00,0.0
2019-02-18 22:00:00,6.308666666666666
2019-02-18 22:30:00,6.308666666666666
2019-02-18 23:00:00,6.308666666666666
2019-02-18 23:30:00,0.0
2019-02-19 00:00:00,6.544
2019-02-19 00:30:00,9.6656
2019-02-19 01:00:00,9.6656
2019-02-19 01:30:00,9.6656
2019-02-19 02:00:00,3.1216
2019-02-19 02:30:00,3.1216
2019-02-19 03:00:00,0.0
2019-02-19 03:30:00,0.0
2019-02-19 04:00:00,0.0
2019-02-19 04:30:00,0.0
2019-02-19 05:00:00,0.0
2019-02-19 05:30:00,0.0
2019-02-19 06:00:00,0.0
2019-02-19 06:30:00,0.0
2019-02-19 07:00:00,0.0
2019-02-19 07:30:00,0.0
2019-02-19 08:00:00,0.0
2019-02-19 08:30:00,0.0
2019-02-19 09:00:00,0.0
2019-02-19 09:30:00,0.0
2019-02-19 10:00:00,0.0
2019-02-19 10:30:00,0.0
2019-02-19 11:00:00,0.0
2019-02-19 11:30:00,0.0
2019-02-19 12:00:00,0.0
2019-02-19 12:30:00,0.0
2019-02-19 13:00:00,0.0
2019-02-19 13:30:00,6.694711111111111
2019-02-19 14:00:00,36.563768337510446
2019-02-19 14:30:00,77.37173954963166
2019-02-19 15:00:00,122.56462295511506
2019-02-19 15:30:00,148.6768553046369
2019-02-19 16:00:00,174.5122602108418
2019-02-19 16:30:00,167.73559354417512
2019-02-19 17:00:00,161.42969354417514
2019-02-19 17:30:00,147.98709830607987
2019-02-19 18:00:00,131.95676497274656
2019-02-19 18:30:00,120.91259275052433
2019-02-19 19:00:00,111.85804354417512
2019-02-19 19:30:00,108.35364354417513
2019-02-19 20:00:00,87.55437788760946
2019-02-19 20:30:00,75.62480718053875
2019-02-19 21:00:00,70.65864657447815
2019-02-19 21:30:00,54.025482938114514
2019-02-19 22:00:00,46.46678696741854
2019-02-19 22:30:00,47.6981425229741
2019-02-19 23:00:00,45.6809679197995
2019-02-19 23:30:00,51.637394820384294
2019-02-20 00:00:00,43.19901704260651
2019-02-20 00:30:00,46.296217042606514
2019-02-20 01:00:00,33.727804761904764
2019-02-20 01:30:00,12.570233333333334
2019-02-20 02:00:00,12.570233333333334
2019-02-20 02:30:00,5.919833333333333
2019-02-20 03:00:00,3.0263333333333335
2019-02-20 03:30:00,3.0263333333333335
2019-02-20 04:00:00,4.0017000000000005
2019-02-20 04:30:00,4.0017000000000005
2019-02-20 05:00:00,4.0017000000000005
2019-02-20 05:30:00,4.0017000000000005
2019-02-20 06:00:00,4.0017000000000005
2019-02-20 06:30:00,4.0017000000000005
2019-02-20 07:00:00,4.0017000000000005
2019-02-20 07:30:00,4.0017000000000005
2019-02-20 08:00:00,4.0017000000000005
2019-02-20 08:30:00,4.0017000000000005
2019-02-20 09:00:00,4.0017000000000005
2019-02-20 09:30:00,4.0017000000000005
2019-02-20 10:00:00,4.0017000000000005
2019-02-20 10:30:00,4.0017000000000005
2019-02-20 11:00:00,4.0017000000000005
2019-02-20 11:30:00,4.0017000000000005
2019-02-20 12:00:00,5.166557142857143
2019-02-20 12:30:00,5.166557142857143
2019-02-20 13:00:00,5.166557142857143
2019-02-20 13:30:00,10.607890476190477
2019-02-20 14:00:00,33.25357264957265
2019-02-20 14:30:00,58.13380241147741
2019-02-20 15:00:00,107.93716705911048
2019-02-20 15:30:00,159.19512456271798
2019-02-20 16:00:00,167.11892456271798
2019-02-20 16:30:00,164.400924562718
2019-02-20 17:00:00,155.61045789605132
2019-02-20 17:30:00,148.24794519763861
2019-02-20 18:00:00,132.96364995954337
2019-02-20 18:30:00,114.86182456271798
2019-02-20 19:00:00,115.54049122938466
2019-02-20 19:30:00,106.94824122938465
2019-02-20 20:00:00,90.85230789605131
2019-02-20 20:30:00,74.14399181213524
2019-02-20 21:00:00,75.73116720896063
2019-02-20 21:30:00,72.20347490126832
2019-02-20 22:00:00,71.38903045682387
2019-02-20 22:30:00,66.13857212349055
2019-02-20 23:00:00,76.75150545682388
2019-02-20 23:30:00,83.92717212349055
2019-02-21 00:00:00,81.09858879015721
2019-02-21 00:30:00,52.082896392496394
2019-02-21 01:00:00,34.42643686868687
2019-02-21 01:30:00,18.58955909090909
2019-02-21 02:00:00,18.58955909090909
2019-02-21 02:30:00,20.33745
2019-02-21 03:00:00,20.33745
2019-02-21 03:30:00,13.26295
2019-02-21 04:00:00,8.7742
2019-02-21 04:30:00,2.7068000000000003
2019-02-21 05:00:00,2.7068000000000003
2019-02-21 05:30:00,2.7068000000000003
2019-02-21 06:00:00,2.7068000000000003
2019-02-21 06:30:00,2.7068000000000003
2019-02-21 07:00:00,2.7068000000000003
2019-02-21 07:30:00,0.0
2019-02-21 08:00:00,0.0
2019-02-21 08:30:00,0.0
2019-02-21 09:00:00,0.0
2019-02-21 09:30:00,0.0
2019-02-21 10:00:00,0.0
2019-02-21 10:30:00,0.0
2019-02-21 11:00:00,0.0
2019-02-21 11:30:00,0.0
2019-02-21 12:00:00,0.0
2019-02-21 12:30:00,0.0
2019-02-21 13:00:00,0.0
2019-02-21 13:30:00,0.0
2019-02-21 14:00:00,24.904329824561405
2019-02-21 14:30:00,41.91825181134655
2019-02-21 15:00:00,64.39703514467988
2019-02-21 15:30:00,111.776169271664
2019-02-21 16:00:00,150.9180778500954
2019-02-21 16:30:00,150.9180778500954
2019-02-21 17:00:00,136.87267785009539
2019-02-21 17:30:00,112.35049689771444
2019-02-21 18:00:00,100.33799213580967
2019-02-21 18:30:00,97.65465880247633
2019-02-21 19:00:00,79.07282308819062
2019-02-21 19:30:00,78.13264451676206
2019-02-21 20:00:00,63.19694653696407
2019-02-21 20:30:00,67.18734098140851
2019-02-21 21:00:00,58.252988600456135
2019-02-21 21:30:00,48.76038860045613
2019-02-21 22:00:00,54.877245743313274
2019-02-21 22:30:00,49.022102886170416
2019-02-21 23:00:00,43.29653145759899
2019-02-21 23:30:00,56.21140163303759
2019-02-22 00:00:00,57.83514198391478
2019-02-22 00:30:00,47.076362572150074
2019-02-22 01:00:00,42.291418127705626
2019-02-22 01:30:00,31.158379166666666
2019-02-22 02:00:00,27.449579166666666
2019-02-22 02:30:00,4.0808125
2019-02-22 03:00:00,1.1168125
2019-02-22 03:30:00,1.1168125
2019-02-22 04:00:00,1.1168125
2019-02-22 04:30:00,1.1168125
2019-02-22 05:00:00,1.1168125
2019-02-22 05:30:00,1.1168125
2019-02-22 06:00:00,1.1168125
2019-02-22 06:30:00,1.1168125
2019-02-22 07:00:00,1.1168125
2019-02-22 07:30:00,1.1168125
2019-02-22 08:00:00,0.0
2019-02-22 08:30:00,0.0
2019-02-22 09:00:00,0.0
2019-02-22 09:30:00,0.0
2019-02-22 10:00:00,0.0
2019-02-22 10:30:00,0.0
2019-02-22 11:00:00,0.0
2019-02-22 11:30:00,0.0
2019-02-22 12:00:00,0.0
2019-02-22 12:30:00,0.0
2019-02-22 13:00:00,3.217833333333333
2019-02-22 13:30:00,5.063525641025641
2019-02-22 14:00:00,36.15253751534058
2019-02-22 14:30:00,59.276170714202266
2019-02-22 15:00:00,117.79185878724034
2019-02-22 15:30:00,144.62849320282476
2019-02-22 16:00:00,164.94763230816386
2019-02-22 16:30:00,157.80563230816387
2019-02-22 17:00:00,155.23963230816386
2019-02-22 17:30:00,134.6603751653067
2019-02-22 18:00:00,139.1472418319734
2019-02-22 18:30:00,131.79320849864004
2019-02-22 19:00:00,113.27587913356068
2019-02-22 19:30:00,103.58125871509027
2019-02-22 20:00:00,105.14955702788858
2019-02-22 20:30:00,96.88769844203
2019-02-22 21:00:00,85.56937116930273
2019-02-22 21:30:00,55.02781289424445
2019-02-22 22:00:00,61.48881289424445
2019-02-22 22:30:00,48.20530309032288
2019-02-22 23:00:00,46.1205776001268
2019-02-22 23:30:00,47.93240617155537
2019-02-23 00:00:00,41.49964593763724
2019-02-23 00:30:00,28.971257048748353
2019-02-23 01:00:00,10.657878260869566
2019-02-23 01:30:00,8.9044
2019-02-23 02:00:00,1.9400000000000002
2019-02-23 02:30:00,6.0920000000000005
2019-02-23 03:00:00,1.9400000000000002
2019-02-23 03:30:00,5.276
2019-02-23 04:00:00,5.276
2019-02-23 04:30:00,3.336
2019-02-23 05:00:00,0.0
2019-02-23 05:30:00,0.0
2019-02-23 06:00:00,0.0
2019-02-23 06:30:00,0.0
2019-02-23 07:00:00,0.0
2019-02-23 07:30:00,0.0
2019-02-23 08:00:00,0.0
2019-02-23 08:30:00,0.0
2019-02-23 09:00:00,0.0
2019-02-23 09:30:00,0.0
2019-02-23 10:00:00,0.0
2019-02-23 10:30:00,0.0
2019-02-23 11:00:00,0.0
2019-02-23 11:30:00,0.0
2019-02-23 12:00:00,0.0
2019-02-23 12:30:00,0.0
2019-02-23 13:00:00,0.0
2019-02-23 13:30:00,1.65
2019-02-23 14:00:00,3.2345714285714284
2019-02-23 14:30:00,3.2345714285714284
2019-02-23 15:00:00,6.4099047619047615
2019-02-23 15:30:00,6.4099047619047615
2019-02-23 16:00:00,6.4099047619047615
2019-02-23 16:30:00,6.4099047619047615
2019-02-23 17:00:00,11.271359307359308
2019-02-23 17:30:00,13.997537878787877
2019-02-23 18:00:00,13.997537878787877
2019-02-23 18:30:00,13.997537878787877
2019-02-23 19:00:00,13.997537878787877
2019-02-23 19:30:00,10.822204545454547
2019-02-23 20:00:00,10.822204545454547
2019-02-23 20:30:00,10.822204545454547
2019-02-23 21:00:00,10.822204545454547
2019-02-23 21:30:00,10.745454545454546
2019-02-23 22:00:00,10.745454545454546
2019-02-23 22:30:00,5.884
2019-02-23 23:00:00,0.0
2019-02-23 23:30:00,0.0
2019-02-24 00:00:00,0.0
2019-02-24 00:30:00,0.0
2019-02-24 01:00:00,0.0
2019-02-24 01:30:00,0.0
2019-02-24 02:00:00,0.0
2019-02-24 02:30:00,0.0
2019-02-24 03:00:00,0.0
2019-02-24 03:30:00,0.0
2019-02-24 04:00:00,0.0
2019-02-24 04:30:00,0.0
2019-02-24 05:00:00,0.0
2019-02-24 05:30:00,0.0
2019-02-24 06:00:00,0.0
2019-02-24 06:30:00,0.0
2019-02-24 07:00:00,0.0
2019-02-24 07:30:00,0.0
2019-02-24 08:00:00,0.0
2019-02-24 08:30:00,0.0
2019-02-24 09:00:00,0.0
2019-02-24 09:30:00,0.0
2019-02-24 10:00:00,0.0
2019-02-24 10:30:00,0.0
2019-02-24 11:00:00,0.0
2019-02-24 11:30:00,0.0
2019-02-24 12:00:00,0.0
2019-02-24 12:30:00,0.0
2019-02-24 13:00:00,0.0
2019-02-24 13:30:00,0.0
2019-02-24 14:00:00,0.0
2019-02-24 14:30:00,0.0
2019-02-24 15:00:00,0.0
2019-02-24 15:30:00,0.0
2019-02-24 16:00:00,0.0
2019-02-24 16:30:00,0.0
2019-02-24 17:00:00,0.0
2019-02-24 17:30:00,0.0
2019-02-24 18:00:00,0.0
2019-02-24 18:30:00,0.0
2019-02-24 19:00:00,0.0
2019-02-24 19:30:00,0.0
2019-02-24 20:00:00,0.0
2019-02-24 20:30:00,0.0
2019-02-24 21:00:00,0.0
2019-02-24 21:30:00,0.0
2019-02-24 22:00:00,11.853428571428571
2019-02-24 22:30:00,4.1254285714285714
2019-02-24 23:00:00,4.1254285714285714
2019-02-24 23:30:00,4.1254285714285714
2019-02-25 00:00:00,4.1254285714285714
2019-02-25 00:30:00,4.1254285714285714
2019-02-25 01:00:00,4.1254285714285714
2019-02-25 01:30:00,0.0
2019-02-25 02:00:00,0.0
2019-02-25 02:30:00,0.0
2019-02-25 03:00:00,0.0
2019-02-25 03:30:00,0.0
2019-02-25 04:00:00,0.0
2019-02-25 04:30:00,0.0
2019-02-25 05:00:00,0.0
2019-02-25 05:30:00,0.0
2019-02-25 06:00:00,0.0
2019-02-25 06:30:00,0.0
2019-02-25 07:00:00,0.0
2019-02-25 07:30:00,0.0
2019-02-25 08:00:00,0.0
2019-02-25 08:30:00,0.0
2019-02-25 09:00:00,0.0
2019-02-25 09:30:00,0.0
2019-02-25 10:00:00,0.0
2019-02-25 10:30:00,0.0
2019-02-25 11:00:00,0.0
2019-02-25 11:30:00,0.0
2019-02-25 12:00:00,0.0
2019-02-25 12:30:00,0.0
2019-02-25 13:00:00,0.0
2019-02-25 13:30:00,3.734181818181818
2019-02-25 14:00:00,25.136328865578868
2019-02-25 14:30:00,53.06264498542393
2019-02-25 15:00:00,101.62266294208028
2019-02-25 15:30:00,150.59459763297417
2019-02-25 16:00:00,159.44349049011703
2019-02-25 16:30:00,162.36049049011703
2019-02-25 17:00:00,155.4348571567837
2019-02-25 17:30:00,157.82543897496552
2019-02-25 18:00:00,146.3002556416322
2019-02-25 18:30:00,127.86445008607663
2019-02-25 19:00:00,106.29598255360911
2019-02-25 19:30:00,104.71984618997274
2019-02-25 20:00:00,86.75713558391213
2019-02-25 20:30:00,92.35739712237367
2019-02-25 21:00:00,107.3152066461832
2019-02-25 21:30:00,93.99375426523082
2019-02-25 22:00:00,93.99375426523082
2019-02-25 22:30:00,100.94482093189748
2019-02-25 23:00:00,89.4800962565728
2019-02-25 23:30:00,85.6017149540518
2019-02-26 00:00:00,79.44795705931496
2019-02-26 00:30:00,49.56997794486215
2019-02-26 01:00:00,24.867014285714284
2019-02-26 01:30:00,13.825114285714285
2019-02-26 02:00:00,13.825114285714285
2019-02-26 02:30:00,9.308714285714284
2019-02-26 03:00:00,2.907
2019-02-26 03:30:00,0.0
2019-02-26 04:00:00,0.0
2019-02-26 04:30:00,0.0
2019-02-26 05:00:00,0.0
2019-02-26 05:30:00,0.0
2019-02-26 06:00:00,0.0
2019-02-26 06:30:00,0.0
2019-02-26 07:00:00,0.0
2019-02-26 07:30:00,0.0
2019-02-26 08:00:00,0.0
2019-02-26 08:30:00,0.0
2019-02-26 09:00:00,0.0
2019-02-26 09:30:00,0.0
2019-02-26 10:00:00,0.0
2019-02-26 10:30:00,0.0
2019-02-26 11:00:00,0.0
2019-02-26 11:30:00,0.0
2019-02-26 12:00:00,0.0
2019-02-26 12:30:00,0.0
2019-02-26 13:00:00,0.0727
2019-02-26 13:30:00,1.9531999999999998
2019-02-26 14:00:00,26.74732435897436
2019-02-26 14:30:00,63.51122864051153
2019-02-26 15:00:00,115.89879312027281
2019-02-26 15:30:00,143.26650798318767
2019-02-26 16:00:00,163.9646159196956
2019-02-26 16:30:00,163.9646159196956
2019-02-26 17:00:00,150.8970159196956
2019-02-26 17:30:00,142.0723936974734
2019-02-26 18:00:00,127.16842464985434
2019-02-26 18:30:00,114.72768893556862
2019-02-26 19:00:00,103.01823972921942
2019-02-26 19:30:00,88.9167540149337
2019-02-26 20:00:00,73.99959845937815
2019-02-26 20:30:00,67.60666854484823
2019-02-26 21:00:00,56.05871399939369
2019-02-26 21:30:00,50.10594476862446
2019-02-26 22:00:00,38.72456699084668
2019-02-26 22:30:00,35.195091990846684
2019-02-26 23:00:00,45.79766257908198
2019-02-26 23:30:00,54.118162579081975
2019-02-27 00:00:00,49.133546789608296
2019-02-27 00:30:00,56.15828363171356
2019-02-27 01:00:00,41.327883631713554
2019-02-27 01:30:00,22.741450298380222
2019-02-27 02:00:00,17.15255029838022
2019-02-27 02:30:00,13.60763725490196
2019-02-27 03:00:00,8.154970588235294
2019-02-27 03:30:00,0.9424705882352941
2019-02-27 04:00:00,0.9424705882352941
2019-02-27 04:30:00,0.9424705882352941
2019-02-27 05:00:00,5.9333277310924375
2019-02-27 05:30:00,5.9333277310924375
2019-02-27 06:00:00,5.9333277310924375
2019-02-27 06:30:00,5.9333277310924375
2019-02-27 07:00:00,5.9333277310924375
2019-02-27 07:30:00,4.990857142857143
2019-02-27 08:00:00,4.990857142857143
2019-02-27 08:30:00,0.0
2019-02-27 09:00:00,0.0
2019-02-27 09:30:00,0.0
2019-02-27 10:00:00,0.0
2019-02-27 10:30:00,0.0
2019-02-27 11:00:00,0.0
2019-02-27 11:30:00,0.0
2019-02-27 12:00:00,0.0
2019-02-27 12:30:00,0.0
2019-02-27 13:00:00,1.2446666666666666
2019-02-27 13:30:00,5.427866666666667
2019-02-27 14:00:00,32.11890512820513
2019-02-27 14:30:00,56.47351068376068
2019-02-27 15:00:00,100.44118921721554
2019-02-27 15:30:00,146.83703917689638
2019-02-27 16:00:00,155.85743917689638
2019-02-27 16:30:00,150.63443917689636
2019-02-27 17:00:00,143.44660584356305
2019-02-27 17:30:00,137.90610584356304
2019-02-27 18:00:00,120.41693917689638
2019-02-27 18:30:00,106.16340346261066
2019-02-27 19:00:00,94.32964552610272
2019-02-27 19:30:00,71.89303997054716
2019-02-27 20:00:00,61.81541774832495
2019-02-27 20:30:00,62.96920655951376
2019-02-27 21:00:00,52.65739443830164
2019-02-27 21:30:00,50.22939443830164
2019-02-27 22:00:00,43.79496586687306
2019-02-27 22:30:00,40.279365866873064
2019-02-27 23:00:00,37.806565866873065
2019-02-27 23:30:00,18.613640866873062
2019-02-28 00:00:00,21.123719298245614
2019-02-28 00:30:00,16.90866666666667
2019-02-28 01:00:00,25.622666666666667
2019-02-28 01:30:00,13.446200000000001
2019-02-28 02:00:00,9.405000000000001
2019-02-28 02:30:00,9.405000000000001
2019-02-28 03:00:00,0.0
2019-02-28 03:30:00,0.0
2019-02-28 04:00:00,0.0
2019-02-28 04:30:00,0.0
2019-02-28 05:00:00,0.0
2019-02-28 05:30:00,0.0
2019-02-28 06:00:00,0.0
2019-02-28 06:30:00,0.0
2019-02-28 07:00:00,0.0
2019-02-28 07:30:00,0.0
2019-02-28 08:00:00,0.0
2019-02-28 08:30:00,0.0
2019-02-28 09:00:00,0.0
2019-02-28 09:30:00,0.0
2019-02-28 10:00:00,0.0
2019-02-28 10:30:00,0.0
2019-02-28 11:00:00,0.0
2019-02-28 11:30:00,0.0
2019-02-28 12:00:00,0.0
2019-02-28 12:30:00,0.0
2019-02-28 13:00:00,0.0
2019-02-28 13:30:00,0.0
2019-02-28 14:00:00,27.493103674103672
2019-02-28 14:30:00,50.19257503052503
2019-02-28 15:00:00,103.29106993445151
2019-02-28 15:30:00,162.24511517254675
2019-02-28 16:00:00,172.6897579075895
2019-02-28 16:30:00,158.92192457425617
2019-02-28 17:00:00,154.94012457425615
2019-02-28 17:30:00,135.40518647901806
2019-02-28 18:00:00,130.47535790758948
2019-02-28 18:30:00,110.76357139965297
2019-02-28 19:00:00,91.5901825107641
2019-02-28 19:30:00,85.16386180369338
2019-02-28 20:00:00,65.72071028854187
2019-02-28 20:30:00,62.550776527858105
2019-02-28 21:00:00,53.26660986119144
2019-02-28 21:30:00,49.716407480239056
2019-02-28 22:00:00,44.376978908810486
2019-02-28 22:30:00,37.363063157894736
2019-02-28 23:00:00,34.990929824561405
2019-02-28 23:30:00,49.49809649122807
2019-03-01 00:00:00,55.68609649122807
2019-03-01 00:30:00,44.80925
2019-03-01 01:00:00,46.71425
2019-03-01 01:30:00,21.939333333333334
2019-03-01 02:00:00,14.593666666666666
2019-03-01 02:30:00,8.123
2019-03-01 03:00:00,8.123
2019-03-01 03:30:00,0.0
2019-03-01 04:00:00,0.0
2019-03-01 04:30:00,0.0
2019-03-01 05:00:00,0.0
2019-03-01 05:30:00,0.0
2019-03-01 06:00:00,4.926222222222222
2019-03-01 06:30:00,4.926222222222222
2019-03-01 07:00:00,4.926222222222222
2019-03-01 07:30:00,4.926222222222222
2019-03-01 08:00:00,4.926222222222222
2019-03-01 08:30:00,4.926222222222222
2019-03-01 09:00:00,4.926222222222222
2019-03-01 09:30:00,4.926222222222222
2019-03-01 10:00:00,4.926222222222222
2019-03-01 10:30:00,0.0
2019-03-01 11:00:00,0.0
2019-03-01 11:30:00,0.0
2019-03-01 12:00:00,0.0
2019-03-01 12:30:00,0.0
2019-03-01 13:00:00,0.0
2019-03-01 13:30:00,2.62425
2019-03-01 14:00:00,10.27775
2019-03-01 14:30:00,10.27775
2019-03-01 15:00:00,19.503940476190476
2019-03-01 15:30:00,33.64152380952381
2019-03-01 16:00:00,45.14382380952381
2019-03-01 16:30:00,62.34221471861472
2019-03-01 17:00:00,73.55888138528138
2019-03-01 17:30:00,77.25843138528138
2019-03-01 18:00:00,74.1699518981019
2019-03-01 18:30:00,61.96651142191142
2019-03-01 19:00:00,57.412911421911424
2019-03-01 19:30:00,41.03032808857809
2019-03-01 20:00:00,47.88734627039627
2019-03-01 20:30:00,52.8335684926185
2019-03-01 21:00:00,48.41791134976135
2019-03-01 21:30:00,44.56224468309468
2019-03-01 22:00:00,42.471153774003774
2019-03-01 22:30:00,39.53507044067044
2019-03-01 23:00:00,45.19687044067044
2019-03-01 23:30:00,37.18287044067044
2019-03-02 00:00:00,27.392837107337108
2019-03-02 00:30:00,10.892040404040404
2019-03-02 01:00:00,6.065818181818182
2019-03-02 01:30:00,0.0
2019-03-02 02:00:00,0.0
2019-03-02 02:30:00,0.0
2019-03-02 03:00:00,0.0
2019-03-02 03:30:00,0.0
2019-03-02 04:00:00,0.0
2019-03-02 04:30:00,0.0
2019-03-02 05:00:00,0.0
2019-03-02 05:30:00,0.0
2019-03-02 06:00:00,0.0
2019-03-02 06:30:00,0.0
2019-03-02 07:00:00,0.0
2019-03-02 07:30:00,0.0
2019-03-02 08:00:00,0.0
2019-03-02 08:30:00,0.0
2019-03-02 09:00:00,0.0
2019-03-02 09:30:00,0.0
2019-03-02 10:00:00,0.0
2019-03-02 10:30:00,0.0
2019-03-02 11:00:00,0.0
2019-03-02 11:30:00,0.0
2019-03-02 12:00:00,0.0
2019-03-02 12:30:00,0.0
2019-03-02 13:00:00,0.0
2019-03-02 13:30:00,0.0
2019-03-02 14:00:00,0.0
2019-03-02 14:30:00,0.0
2019-03-02 15:00:00,0.0
2019-03-02 15:30:00,0.0
2019-03-02 16:00:00,0.0
2019-03-02 16:30:00,0.0
2019-03-02 17:00:00,0.0
2019-03-02 17:30:00,3.06425
2019-03-02 18:00:00,6.954916666666667
2019-03-02 18:30:00,6.954916666666667
2019-03-02 19:00:00,13.981316666666666
2019-03-02 19:30:00,10.09065
2019-03-02 20:00:00,10.09065
2019-03-02 20:30:00,13.102649999999999
2019-03-02 21:00:00,13.102649999999999
2019-03-02 21:30:00,3.012
2019-03-02 22:00:00,3.012
2019-03-02 22:30:00,0.0
2019-03-02 23:00:00,0.0
2019-03-02 23:30:00,0.0
2019-03-03 00:00:00,0.0
2019-03-03 00:30:00,0.0
2019-03-03 01:00:00,0.0
2019-03-03 01:30:00,0.0
2019-03-03 02:00:00,0.0
2019-03-03 02:30:00,0.0
2019-03-03 03:00:00,0.0
2019-03-03 03:30:00,0.0
2019-03-03 04:00:00,0.0
2019-03-03 04:30:00,0.0
2019-03-03 05:00:00,0.0
2019-03-03 05:30:00,0.0
2019-03-03 06:00:00,0.0
2019-03-03 06:30:00,0.0
2019-03-03 07:00:00,0.0
2019-03-03 07:30:00,0.0
2019-03-03 08:00:00,0.0
2019-03-03 08:30:00,0.0
2019-03-03 09:00:00,0.0
2019-03-03 09:30:00,0.0
2019-03-03 10:00:00,0.0
2019-03-03 10:30:00,0.0
2019-03-03 11:00:00,0.0
2019-03-03 11:30:00,0.0
2019-03-03 12:00:00,0.0
2019-03-03 12:30:00,0.0
2019-03-03 13:00:00,0.0
2019-03-03 13:30:00,0.0
2019-03-03 14:00:00,0.0
2019-03-03 14:30:00,0.0
2019-03-03 15:00:00,0.0
2019-03-03 15:30:00,0.0
2019-03-03 16:00:00,0.0
2019-03-03 16:30:00,0.0
2019-03-03 17:00:00,0.0
2019-03-03 17:30:00,0.0
2019-03-03 18:00:00,0.0
2019-03-03 18:30:00,0.0
2019-03-03 19:00:00,0.0
2019-03-03 19:30:00,5.743636363636363
2019-03-03 20:00:00,5.743636363636363
2019-03-03 20:30:00,5.743636363636363
2019-03-03 21:00:00,5.743636363636363
2019-03-03 21:30:00,5.743636363636363
2019-03-03 22:00:00,5.743636363636363
2019-03-03 22:30:00,5.743636363636363
2019-03-03 23:00:00,5.743636363636363
2019-03-03 23:30:00,5.743636363636363
2019-03-04 00:00:00,5.743636363636363
2019-03-04 00:30:00,5.743636363636363
2019-03-04 01:00:00,0.0
2019-03-04 01:30:00,0.0
2019-03-04 02:00:00,0.0
2019-03-04 02:30:00,0.0
2019-03-04 03:00:00,0.0
2019-03-04 03:30:00,0.0
2019-03-04 04:00:00,0.0
2019-03-04 04:30:00,0.0
2019-03-04 05:00:00,0.0
2019-03-04 05:30:00,0.0
2019-03-04 06:00:00,0.0
2019-03-04 06:30:00,0.0
2019-03-04 07:00:00,0.0
2019-03-04 07:30:00,0.0
2019-03-04 08:00:00,0.0
2019-03-04 08:30:00,0.0
2019-03-04 09:00:00,0.0
2019-03-04 09:30:00,0.0
2019-03-04 10:00:00,0.0
2019-03-04 10:30:00,0.0
2019-03-04 11:00:00,0.0
2019-03-04 11:30:00,0.0
2019-03-04 12:00:00,0.0
2019-03-04 12:30:00,0.0
2019-03-04 13:00:00,3.8532380952380954
2019-03-04 13:30:00,8.621677310924369
2019-03-04 14:00:00,18.708685644257702
2019-03-04 14:30:00,48.37715510812717
2019-03-04 15:00:00,107.22882370910823
2019-03-04 15:30:00,158.08914627608374
2019-03-04 16:00:00,171.01904930638676
2019-03-04 16:30:00,170.57086748820495
2019-03-04 17:00:00,161.5030341548716
2019-03-04 17:30:00,159.44743415487162
2019-03-04 18:00:00,147.49995796439543
2019-03-04 18:30:00,139.1811484405859
2019-03-04 19:00:00,124.37588415487161
2019-03-04 19:30:00,112.96221748820496
2019-03-04 20:00:00,111.95092859931606
2019-03-04 20:30:00,110.77616496295242
2019-03-04 21:00:00,97.56969701423448
2019-03-04 21:30:00,88.46487017440764
2019-03-04 22:00:00,61.18509821646362
2019-03-04 22:30:00,55.71452678789219
2019-03-04 23:00:00,49.99128512122552
2019-03-04 23:30:00,38.76635879069331
2019-03-05 00:00:00,47.959998006379585
2019-03-05 00:30:00,48.53473484848485
2019-03-05 01:00:00,34.979084848484845
2019-03-05 01:30:00,17.087333333333333
2019-03-05 02:00:00,11.319600000000001
2019-03-05 02:30:00,11.319600000000001
2019-03-05 03:00:00,5.7076
2019-03-05 03:30:00,5.7076
2019-03-05 04:00:00,2.7556000000000003
2019-03-05 04:30:00,2.7556000000000003
2019-03-05 05:00:00,0.0
2019-03-05 05:30:00,0.0
2019-03-05 06:00:00,0.0
2019-03-05 06:30:00,0.0
2019-03-05 07:00:00,0.0
2019-03-05 07:30:00,0.0
2019-03-05 08:00:00,0.0
2019-03-05 08:30:00,0.0
2019-03-05 09:00:00,0.0
2019-03-05 09:30:00,0.0
2019-03-05 10:00:00,0.0
2019-03-05 10:30:00,0.0
2019-03-05 11:00:00,0.0
2019-03-05 11:30:00,0.0
2019-03-05 12:00:00,0.0
2019-03-05 12:30:00,0.0
2019-03-05 13:00:00,4.0391818181818175
2019-03-05 13:30:00,10.736781818181818
2019-03-05 14:00:00,26.86766017316017
2019-03-05 14:30:00,56.083482944832944
2019-03-05 15:00:00,95.01257286079932
2019-03-05 15:30:00,141.0550786328051
2019-03-05 16:00:00,167.0962746035011
2019-03-05 16:30:00,164.8046079368344
2019-03-05 17:00:00,158.40444127016775
2019-03-05 17:30:00,147.69177460350107
2019-03-05 18:00:00,142.20463174635822
2019-03-05 18:30:00,127.03045317492965
2019-03-05 19:00:00,112.04879285746932
2019-03-05 19:30:00,93.5054859310624
2019-03-05 20:00:00,74.81029704217352
2019-03-05 20:30:00,81.27410656598303
2019-03-05 21:00:00,71.9563417308182
2019-03-05 21:30:00,70.9463417308182
2019-03-05 22:00:00,61.83912744510391
2019-03-05 22:30:00,40.30138385536033
2019-03-05 23:00:00,40.30138385536033
2019-03-05 23:30:00,40.487336796536795
2019-03-06 00:00:00,31.40481212121212
2019-03-06 00:30:00,33.83381212121212
2019-03-06 01:00:00,29.87197878787879
2019-03-06 01:30:00,21.015978787878787
2019-03-06 02:00:00,17.86437878787879
2019-03-06 02:30:00,14.707833333333333
2019-03-06 03:00:00,10.204333333333334
2019-03-06 03:30:00,5.685333333333333
2019-03-06 04:00:00,0.0
2019-03-06 04:30:00,0.0
2019-03-06 05:00:00,0.0
2019-03-06 05:30:00,0.0
2019-03-06 06:00:00,2.8205
2019-03-06 06:30:00,2.8205
2019-03-06 07:00:00,2.8205
2019-03-06 07:30:00,2.8205
2019-03-06 08:00:00,0.0
2019-03-06 08:30:00,0.0
2019-03-06 09:00:00,0.0
2019-03-06 09:30:00,0.0
2019-03-06 10:00:00,0.0
2019-03-06 10:30:00,0.0
2019-03-06 11:00:00,0.0
2019-03-06 11:30:00,0.0
2019-03-06 12:00:00,0.0
2019-03-06 12:30:00,0.0
2019-03-06 13:00:00,0.0
2019-03-06 13:30:00,18.412246832579186
2019-03-06 14:00:00,33.749296832579184
2019-03-06 14:30:00,46.5736173453997
2019-03-06 15:00:00,76.067918644101
2019-03-06 15:30:00,136.7063028432352
2019-03-06 16:00:00,156.28543416191653
2019-03-06 16:30:00,152.24501193969428
2019-03-06 17:00:00,142.70267860636096
2019-03-06 17:30:00,128.28082860636096
2019-03-06 18:00:00,117.77307860636095
2019-03-06 18:30:00,110.64974527302763
2019-03-06 19:00:00,92.11278263566498
2019-03-06 19:30:00,80.14288977852213
2019-03-06 20:00:00,74.79124966863202
2019-03-06 20:30:00,62.01441027469263
2019-03-06 21:00:00,49.099074610356965
2019-03-06 21:30:00,51.67964026692262
2019-03-06 22:00:00,52.77900497280497
2019-03-06 22:30:00,39.03746651126651
2019-03-06 23:00:00,42.16446651126651
2019-03-06 23:30:00,47.389895082695084
2019-03-07 00:00:00,36.54989508269508
2019-03-07 00:30:00,31.026295082695082
2019-03-07 01:00:00,42.06362841602842
2019-03-07 01:30:00,29.66689898989899
2019-03-07 02:00:00,21.22878787878788
2019-03-07 02:30:00,7.405454545454546
2019-03-07 03:00:00,6.206
2019-03-07 03:30:00,0.0
2019-03-07 04:00:00,2.8865
2019-03-07 04:30:00,2.8865
2019-03-07 05:00:00,2.8865
2019-03-07 05:30:00,2.8865
2019-03-07 06:00:00,0.0
2019-03-07 06:30:00,0.0
2019-03-07 07:00:00,0.0
2019-03-07 07:30:00,0.0
2019-03-07 08:00:00,0.0
2019-03-07 08:30:00,0.0
2019-03-07 09:00:00,0.0
2019-03-07 09:30:00,0.0
2019-03-07 10:00:00,0.0
2019-03-07 10:30:00,0.0
2019-03-07 11:00:00,0.0
2019-03-07 11:30:00,0.0
2019-03-07 12:00:00,0.0
2019-03-07 12:30:00,0.0
2019-03-07 13:00:00,0.0
2019-03-07 13:30:00,8.411999999999999
2019-03-07 14:00:00,35.94860841103341
2019-03-07 14:30:00,62.078896760111235
2019-03-07 15:00:00,84.96581818868266
2019-03-07 15:30:00,150.59649318868267
2019-03-07 16:00:00,159.55163604582552
2019-03-07 16:30:00,148.57843604582553
2019-03-07 17:00:00,145.41143604582552
2019-03-07 17:30:00,138.80803604582553
2019-03-07 18:00:00,133.66760747439696
2019-03-07 18:30:00,118.93903604582552
2019-03-07 19:00:00,96.77651223630171
2019-03-07 19:30:00,69.75073950902897
2019-03-07 20:00:00,56.22180617569565
2019-03-07 20:30:00,56.042001047490515
2019-03-07 21:00:00,59.21513291562239
2019-03-07 21:30:00,64.81549005847953
2019-03-07 22:00:00,55.89211505847953
2019-03-07 22:30:00,52.78705077276525
2019-03-07 23:00:00,32.98640236006683
2019-03-07 23:30:00,32.81030513784461
2019-03-08 00:00:00,37.36632619047619
2019-03-08 00:30:00,40.022040476190476
2019-03-08 01:00:00,34.0091119047619
2019-03-08 01:30:00,32.71111190476191
2019-03-08 02:00:00,20.70335
2019-03-08 02:30:00,8.569833333333333
2019-03-08 03:00:00,5.715333333333334
2019-03-08 03:30:00,5.715333333333334
2019-03-08 04:00:00,0.0
2019-03-08 04:30:00,0.0
2019-03-08 05:00:00,0.0
2019-03-08 05:30:00,0.0
2019-03-08 06:00:00,0.0
2019-03-08 06:30:00,0.0
2019-03-08 07:00:00,0.0
2019-03-08 07:30:00,0.0
2019-03-08 08:00:00,0.0
2019-03-08 08:30:00,0.0
2019-03-08 09:00:00,0.0
2019-03-08 09:30:00,0.0
2019-03-08 10:00:00,0.0
2019-03-08 10:30:00,0.0
2019-03-08 11:00:00,0.0
2019-03-08 11:30:00,0.0
2019-03-08 12:00:00,0.0
2019-03-08 12:30:00,0.0
2019-03-08 13:00:00,0.0
2019-03-08 13:30:00,9.441902097902098
2019-03-08 14:00:00,33.89711320901321
2019-03-08 14:30:00,57.998861028840444
2019-03-08 15:00:00,100.77767546734312
2019-03-08 15:30:00,165.09231335168099
2019-03-08 16:00:00,171.06150779612545
2019-03-08 16:30:00,162.07230779612544
2019-03-08 17:00:00,157.4514744627921
2019-03-08 17:30:00,140.3411744627921
2019-03-08 18:00:00,120.39350779612545
2019-03-08 18:30:00,112.47239668501433
2019-03-08 19:00:00,97.8632330486507
2019-03-08 19:30:00,103.9528330486507
2019-03-08 20:00:00,97.94362590024355
2019-03-08 20:30:00,88.33662388004153
2019-03-08 21:00:00,74.41287329729094
2019-03-08 21:30:00,74.5219399639576
2019-03-08 22:00:00,58.937101502419154
2019-03-08 22:30:00,53.3198086452763
2019-03-08 23:00:00,50.8613674688057
2019-03-08 23:30:00,56.46154393939394
2019-03-09 00:00:00,50.21012727272727
2019-03-09 00:30:00,37.551960606060604
2019-03-09 01:00:00,11.410727272727271
2019-03-09 01:30:00,5.438
2019-03-09 02:00:00,13.177
2019-03-09 02:30:00,7.739
2019-03-09 03:00:00,7.739
2019-03-09 03:30:00,7.739
2019-03-09 04:00:00,5.007
2019-03-09 04:30:00,5.007
2019-03-09 05:00:00,5.007
2019-03-09 05:30:00,5.007
2019-03-09 06:00:00,0.0
2019-03-09 06:30:00,0.0
2019-03-09 07:00:00,0.0
2019-03-09 07:30:00,0.0
2019-03-09 08:00:00,0.0
2019-03-09 08:30:00,0.0
2019-03-09 09:00:00,0.0
2019-03-09 09:30:00,0.0
2019-03-09 10:00:00,0.0
2019-03-09 10:30:00,0.0
2019-03-09 11:00:00,0.0
2019-03-09 11:30:00,0.0
2019-03-09 12:00:00,0.0
2019-03-09 12:30:00,0.0
2019-03-09 13:00:00,0.0
2019-03-09 13:30:00,0.0
2019-03-09 14:00:00,2.95775
2019-03-09 14:30:00,2.95775
2019-03-09 15:00:00,2.95775
2019-03-09 15:30:00,2.95775
2019-03-09 16:00:00,2.95775
2019-03-09 16:30:00,2.95775
2019-03-09 17:00:00,2.95775
2019-03-09 17:30:00,2.95775
2019-03-09 18:00:00,0.0
2019-03-09 18:30:00,3.148285714285714
2019-03-09 19:00:00,3.148285714285714
2019-03-09 19:30:00,3.148285714285714
2019-03-09 20:00:00,5.923085714285714
2019-03-09 20:30:00,5.923085714285714
2019-03-09 21:00:00,5.923085714285714
2019-03-09 21:30:00,5.923085714285714
2019-03-09 22:00:00,2.7748
2019-03-09 22:30:00,0.0
2019-03-09 23:00:00,0.0
2019-03-09 23:30:00,0.0
2019-03-10 00:00:00,0.0
2019-03-10 00:30:00,2.359714285714286
2019-03-10 01:00:00,2.359714285714286
2019-03-10 01:30:00,2.359714285714286
2019-03-10 02:00:00,2.359714285714286
2019-03-10 02:30:00,2.359714285714286
2019-03-10 03:00:00,2.359714285714286
2019-03-10 03:30:00,2.359714285714286
2019-03-10 04:00:00,0.0
2019-03-10 04:30:00,0.0
2019-03-10 05:00:00,0.0
2019-03-10 05:30:00,0.0
2019-03-10 06:00:00,0.0
2019-03-10 06:30:00,0.0
2019-03-10 07:00:00,0.0
2019-03-10 07:30:00,0.0
2019-03-10 08:00:00,0.0
2019-03-10 08:30:00,0.0
2019-03-10 09:00:00,0.0
2019-03-10 09:30:00,0.0
2019-03-10 10:00:00,0.0
2019-03-10 10:30:00,0.0
2019-03-10 11:00:00,0.0
2019-03-10 11:30:00,0.0
2019-03-10 12:00:00,0.0
2019-03-10 12:30:00,0.0
2019-03-10 13:00:00,0.0
2019-03-10 13:30:00,0.0
2019-03-10 14:00:00,0.0
2019-03-10 14:30:00,0.0
2019-03-10 15:00:00,0.0
2019-03-10 15:30:00,0.0
2019-03-10 16:00:00,0.0
2019-03-10 16:30:00,0.0
2019-03-10 17:00:00,0.0
2019-03-10 17:30:00,6.3804
2019-03-10 18:00:00,6.3804
2019-03-10 18:30:00,6.3804
2019-03-10 19:00:00,6.3804
2019-03-10 19:30:00,6.3804
2019-03-10 20:00:00,4.502
2019-03-10 20:30:00,0.0
2019-03-10 21:00:00,0.0
2019-03-10 21:30:00,0.0
2019-03-10 22:00:00,0.0
2019-03-10 22:30:00,0.0
2019-03-10 23:00:00,6.378666666666667
2019-03-10 23:30:00,6.378666666666667
2019-03-11 00:00:00,6.378666666666667
2019-03-11 00:30:00,6.378666666666667
2019-03-11 01:00:00,6.378666666666667
2019-03-11 01:30:00,6.378666666666667
2019-03-11 02:00:00,0.0
2019-03-11 02:30:00,0.0
2019-03-11 03:00:00,0.0
2019-03-11 03:30:00,0.0
2019-03-11 04:00:00,0.0
2019-03-11 04:30:00,0.0
2019-03-11 05:00:00,0.0
2019-03-11 05:30:00,0.0
2019-03-11 06:00:00,0.0
2019-03-11 06:30:00,0.0
2019-03-11 07:00:00,0.0
2019-03-11 07:30:00,0.0
2019-03-11 08:00:00,0.0
2019-03-11 08:30:00,0.0
2019-03-11 09:00:00,0.0
2019-03-11 09:30:00,0.0
2019-03-11 10:00:00,0.0
2019-03-11 10:30:00,0.0
2019-03-11 11:00:00,0.0
2019-03-11 11:30:00,0.0
2019-03-11 12:00:00,8.787420814479638
2019-03-11 12:30:00,16.481113796935777
2019-03-11 13:00:00,36.9057929178149
2019-03-11 13:30:00,55.05021831594618
2019-03-11 14:00:00,111.67261863495122
2019-03-11 14:30:00,157.49605867093862
2019-03-11 15:00:00,162.67039200427195
2019-03-11 15:30:00,159.95339200427196
2019-03-11 16:00:00,157.99239200427195
2019-03-11 16:30:00,143.74439200427196
2019-03-11 17:00:00,138.81315390903387
2019-03-11 17:30:00,128.7681872423672
2019-03-11 18:00:00,127.28497057570053
2019-03-11 18:30:00,129.50680390903386
2019-03-11 19:00:00,110.8793372423672
2019-03-11 19:30:00,97.71004470157465
2019-03-11 20:00:00,79.85443481146476
2019-03-11 20:30:00,68.09303963801077
2019-03-11 21:00:00,61.98995783092896
2019-03-11 21:30:00,54.95215783092896
2019-03-11 22:00:00,50.7116016131787
2019-03-11 22:30:00,46.98816631906105
2019-03-11 23:00:00,52.96243298572772
2019-03-11 23:30:00,48.87198269333006
2019-03-12 00:00:00,43.54608795648795
2019-03-12 00:30:00,29.310694017094015
2019-03-12 01:00:00,18.815155555555556
2019-03-12 01:30:00,7.795999999999999
2019-03-12 02:00:00,2.892
2019-03-12 02:30:00,9.322857142857142
2019-03-12 03:00:00,6.430857142857143
2019-03-12 03:30:00,6.430857142857143
2019-03-12 04:00:00,6.430857142857143
2019-03-12 04:30:00,6.430857142857143
2019-03-12 05:00:00,6.430857142857143
2019-03-12 05:30:00,6.430857142857143
2019-03-12 06:00:00,0.0
2019-03-12 06:30:00,0.0
2019-03-12 07:00:00,0.0
2019-03-12 07:30:00,0.0
2019-03-12 08:00:00,0.0
2019-03-12 08:30:00,0.0
2019-03-12 09:00:00,0.0
2019-03-12 09:30:00,0.0
2019-03-12 10:00:00,0.0
2019-03-12 10:30:00,0.0
2019-03-12 11:00:00,0.0
2019-03-12 11:30:00,0.0
2019-03-12 12:00:00,6.0356000000000005
2019-03-12 12:30:00,10.0176
2019-03-12 13:00:00,27.432563786213787
2019-03-12 13:30:00,52.391176465639624
2019-03-12 14:00:00,78.75379691381889
2019-03-12 14:30:00,142.39714943907143
2019-03-12 15:00:00,161.00861057793256
2019-03-12 15:30:00,156.79761057793255
2019-03-12 16:00:00,141.29591057793255
2019-03-12 16:30:00,135.34441057793256
2019-03-12 17:00:00,116.36814391126589
2019-03-12 17:30:00,88.68738914936112
2019-03-12 18:00:00,68.35772248269447
2019-03-12 18:30:00,67.67363445960645
2019-03-12 19:00:00,51.76510920708119
2019-03-12 19:30:00,43.874237412209396
2019-03-12 20:00:00,32.76874996632195
2019-03-12 20:30:00,39.45910494467692
2019-03-12 21:00:00,38.709354944676925
2019-03-12 21:30:00,41.421912636984615
2019-03-12 22:00:00,41.798979303651286
2019-03-12 22:30:00,33.60349695071011
2019-03-12 23:00:00,35.46885952380953
2019-03-12 23:30:00,34.817526190476194
2019-03-13 00:00:00,28.582383333333333
2019-03-13 00:30:00,26.867716666666666
2019-03-13 01:00:00,11.18725
2019-03-13 01:30:00,2.682
2019-03-13 02:00:00,2.932
2019-03-13 02:30:00,2.932
2019-03-13 03:00:00,2.932
2019-03-13 03:30:00,2.932
2019-03-13 04:00:00,0.0
2019-03-13 04:30:00,0.0
2019-03-13 05:00:00,0.0
2019-03-13 05:30:00,0.0
2019-03-13 06:00:00,0.0
2019-03-13 06:30:00,0.0
2019-03-13 07:00:00,0.0
2019-03-13 07:30:00,0.0
2019-03-13 08:00:00,0.0
2019-03-13 08:30:00,0.0
2019-03-13 09:00:00,0.0
2019-03-13 09:30:00,0.0
2019-03-13 10:00:00,0.0
2019-03-13 10:30:00,0.0
2019-03-13 11:00:00,0.0
2019-03-13 11:30:00,0.0
2019-03-13 12:00:00,4.755058823529412
2019-03-13 12:30:00,9.483618264088852
2019-03-13 13:00:00,23.547430385300974
2019-03-13 13:30:00,57.10073197260256
2019-03-13 14:00:00,106.63494914431973
2019-03-13 14:30:00,162.5428611212317
2019-03-13 15:00:00,168.71851826408886
2019-03-13 15:30:00,162.31825159742218
2019-03-13 16:00:00,158.4307515974222
2019-03-13 16:30:00,147.66345159742218
2019-03-13 17:00:00,134.04968016885076
2019-03-13 17:30:00,118.43934683551743
2019-03-13 18:00:00,112.37221047188106
2019-03-13 18:30:00,104.71516501733561
2019-03-13 19:00:00,84.52793082930141
2019-03-13 19:30:00,68.53952476869536
2019-03-13 20:00:00,53.65604295051354
2019-03-13 20:30:00,37.67536507936508
2019-03-13 21:00:00,37.67536507936508
2019-03-13 21:30:00,25.899079365079366
2019-03-13 22:00:00,15.670119658119656
2019-03-13 22:30:00,19.902408547008545
2019-03-13 23:00:00,20.81348791208791
2019-03-13 23:30:00,23.893487912087913
2019-03-14 00:00:00,26.93468791208791
2019-03-14 00:30:00,27.90068791208791
2019-03-14 01:00:00,16.63828791208791
2019-03-14 01:30:00,12.677287912087913
2019-03-14 02:00:00,12.677287912087913
2019-03-14 02:30:00,5.467230769230769
2019-03-14 03:00:00,5.467230769230769
2019-03-14 03:30:00,5.467230769230769
2019-03-14 04:00:00,5.467230769230769
2019-03-14 04:30:00,0.0
2019-03-14 05:00:00,0.0
2019-03-14 05:30:00,0.0
2019-03-14 06:00:00,0.0
2019-03-14 06:30:00,0.0
2019-03-14 07:00:00,0.0
2019-03-14 07:30:00,0.0
2019-03-14 08:00:00,0.0
2019-03-14 08:30:00,0.0
2019-03-14 09:00:00,0.0
2019-03-14 09:30:00,0.0
2019-03-14 10:00:00,0.0
2019-03-14 10:30:00,0.0
2019-03-14 11:00:00,0.0
2019-03-14 11:30:00,0.0
2019-03-14 12:00:00,0.0
2019-03-14 12:30:00,5.671875
2019-03-14 13:00:00,36.4572869047619
2019-03-14 13:30:00,52.73974404761905
2019-03-14 14:00:00,76.8920215237377
2019-03-14 14:30:00,132.16913559095704
2019-03-14 15:00:00,170.66348241925772
2019-03-14 15:30:00,171.44663797481329
2019-03-14 16:00:00,169.8681379748133
2019-03-14 16:30:00,160.15004273671804
2019-03-14 17:00:00,143.5174355938609
2019-03-14 17:30:00,115.01030226052757
2019-03-14 18:00:00,92.56549273671804
2019-03-14 18:30:00,68.29115305417837
2019-03-14 19:00:00,67.04008436730967
2019-03-14 19:30:00,67.04008436730967
2019-03-14 20:00:00,75.37612881175413
2019-03-14 20:30:00,73.75379751804783
2019-03-14 21:00:00,62.85662572317604
2019-03-14 21:30:00,68.6947923898427
2019-03-14 22:00:00,76.7657923898427
2019-03-14 22:30:00,76.19257474278388
2019-03-14 23:00:00,67.65574140945054
2019-03-14 23:30:00,60.04328716108453
2019-03-15 00:00:00,51.28867663476874
2019-03-15 00:30:00,28.25109523809524
2019-03-15 01:00:00,6.1334285714285715
2019-03-15 01:30:00,6.1334285714285715
2019-03-15 02:00:00,6.1334285714285715
2019-03-15 02:30:00,11.971428571428572
2019-03-15 03:00:00,14.793928571428571
2019-03-15 03:30:00,14.793928571428571
2019-03-15 04:00:00,8.660499999999999
2019-03-15 04:30:00,8.660499999999999
2019-03-15 05:00:00,5.838
2019-03-15 05:30:00,0.0
2019-03-15 06:00:00,0.0
2019-03-15 06:30:00,0.0
2019-03-15 07:00:00,0.0
2019-03-15 07:30:00,0.0
2019-03-15 08:00:00,0.0
2019-03-15 08:30:00,0.0
2019-03-15 09:00:00,0.0
2019-03-15 09:30:00,0.0
2019-03-15 10:00:00,0.0
2019-03-15 10:30:00,0.0
2019-03-15 11:00:00,0.0
2019-03-15 11:30:00,0.0
2019-03-15 12:00:00,0.0
2019-03-15 12:30:00,0.0
2019-03-15 13:00:00,3.980547619047619
2019-03-15 13:30:00,9.514947619047618
2019-03-15 14:00:00,9.514947619047618
2019-03-15 14:30:00,26.45673095238095
2019-03-15 15:00:00,44.465064285714284
2019-03-15 15:30:00,49.83853095238095
2019-03-15 16:00:00,62.22436904761904
2019-03-15 16:30:00,66.04653571428571
2019-03-15 17:00:00,56.445169047619046
2019-03-15 17:30:00,65.64050238095238
2019-03-15 18:00:00,55.625635714285714
2019-03-15 18:30:00,47.972385714285714
2019-03-15 19:00:00,36.713385714285714
2019-03-15 19:30:00,35.42435974025974
2019-03-15 20:00:00,35.42435974025974
2019-03-15 20:30:00,20.97075974025974
2019-03-15 21:00:00,25.930093073593074
2019-03-15 21:30:00,25.930093073593074
2019-03-15 22:00:00,23.32550974025974
2019-03-15 22:30:00,9.840343073593074
2019-03-15 23:00:00,16.03700974025974
2019-03-15 23:30:00,14.985962121212122
2019-03-16 00:00:00,14.985962121212122
2019-03-16 00:30:00,22.54896212121212
2019-03-16 01:00:00,16.754416666666664
2019-03-16 01:30:00,9.191416666666665
2019-03-16 02:00:00,0.0
2019-03-16 02:30:00,0.0
2019-03-16 03:00:00,0.0
2019-03-16 03:30:00,0.0
2019-03-16 04:00:00,0.0
2019-03-16 04:30:00,0.0
2019-03-16 05:00:00,0.0
2019-03-16 05:30:00,0.0
2019-03-16 06:00:00,0.0
2019-03-16 06:30:00,0.0
2019-03-16 07:00:00,0.0
2019-03-16 07:30:00,0.0
2019-03-16 08:00:00,0.0
2019-03-16 08:30:00,0.0
2019-03-16 09:00:00,0.0
2019-03-16 09:30:00,0.0
2019-03-16 10:00:00,0.0
2019-03-16 10:30:00,0.0
2019-03-16 11:00:00,0.0
2019-03-16 11:30:00,0.0
2019-03-16 12:00:00,0.0
2019-03-16 12:30:00,0.0
2019-03-16 13:00:00,0.0
2019-03-16 13:30:00,0.0
2019-03-16 14:00:00,0.0
2019-03-16 14:30:00,3.01525
2019-03-16 15:00:00,3.01525
2019-03-16 15:30:00,3.01525
2019-03-16 16:00:00,3.01525
2019-03-16 16:30:00,3.01525
2019-03-16 17:00:00,8.8875
2019-03-16 17:30:00,8.8875
2019-03-16 18:00:00,12.0715
2019-03-16 18:30:00,15.456472222222223
2019-03-16 19:00:00,15.456472222222223
2019-03-16 19:30:00,15.456472222222223
2019-03-16 20:00:00,15.456472222222223
2019-03-16 20:30:00,12.272472222222223
2019-03-16 21:00:00,12.272472222222223
2019-03-16 21:30:00,12.272472222222223
2019-03-16 22:00:00,12.272472222222223
2019-03-16 22:30:00,12.272472222222223
2019-03-16 23:00:00,5.87225
2019-03-16 23:30:00,5.87225
2019-03-17 00:00:00,5.87225
2019-03-17 00:30:00,5.87225
2019-03-17 01:00:00,0.0
2019-03-17 01:30:00,0.0
2019-03-17 02:00:00,0.0
2019-03-17 02:30:00,0.0
2019-03-17 03:00:00,0.0
2019-03-17 03:30:00,0.0
2019-03-17 04:00:00,0.0
2019-03-17 04:30:00,0.0
2019-03-17 05:00:00,0.0
2019-03-17 05:30:00,0.0
2019-03-17 06:00:00,0.0
2019-03-17 06:30:00,0.0
2019-03-17 07:00:00,0.0
2019-03-17 07:30:00,5.2792
2019-03-17 08:00:00,5.2792
2019-03-17 08:30:00,5.2792
2019-03-17 09:00:00,5.2792
2019-03-17 09:30:00,5.2792
2019-03-17 10:00:00,0.0
2019-03-17 10:30:00,0.0
2019-03-17 11:00:00,0.0
2019-03-17 11:30:00,0.0
2019-03-17 12:00:00,0.0
2019-03-17 12:30:00,0.0
2019-03-17 13:00:00,0.0
2019-03-17 13:30:00,0.0
2019-03-17 14:00:00,0.0
2019-03-17 14:30:00,0.0
2019-03-17 15:00:00,0.0
2019-03-17 15:30:00,0.0
2019-03-17 16:00:00,0.0
2019-03-17 16:30:00,0.0
2019-03-17 17:00:00,0.0
2019-03-17 17:30:00,5.871
2019-03-17 18:00:00,5.871
2019-03-17 18:30:00,12.510000000000002
2019-03-17 19:00:00,12.510000000000002
2019-03-17 19:30:00,6.639
2019-03-17 20:00:00,6.639
2019-03-17 20:30:00,0.0
2019-03-17 21:00:00,0.0
2019-03-17 21:30:00,0.0
2019-03-17 22:00:00,0.0
2019-03-17 22:30:00,0.0
2019-03-17 23:00:00,0.0
2019-03-17 23:30:00,0.0
2019-03-18 00:00:00,0.0
2019-03-18 00:30:00,0.0
2019-03-18 01:00:00,0.0
2019-03-18 01:30:00,0.0
2019-03-18 02:00:00,0.0
2019-03-18 02:30:00,0.0
2019-03-18 03:00:00,0.0
2019-03-18 03:30:00,0.0
2019-03-18 04:00:00,0.0
2019-03-18 04:30:00,0.0
2019-03-18 05:00:00,0.0
2019-03-18 05:30:00,0.0
2019-03-18 06:00:00,0.0
2019-03-18 06:30:00,0.0
2019-03-18 07:00:00,0.0
2019-03-18 07:30:00,0.0
2019-03-18 08:00:00,0.0
2019-03-18 08:30:00,0.0
2019-03-18 09:00:00,0.0
2019-03-18 09:30:00,0.0
2019-03-18 10:00:00,0.0
2019-03-18 10:30:00,0.0
2019-03-18 11:00:00,0.0
2019-03-18 11:30:00,0.0
2019-03-18 12:00:00,5.113833333333333
2019-03-18 12:30:00,11.220666666666666
2019-03-18 13:00:00,24.91771111111111
2019-03-18 13:30:00,38.93803492063492
2019-03-18 14:00:00,103.80776638315245
2019-03-18 14:30:00,143.80832846747336
2019-03-18 15:00:00,161.0109475150924
2019-03-18 15:30:00,161.0109475150924
2019-03-18 16:00:00,146.44781418175907
2019-03-18 16:30:00,140.7575475150924
2019-03-18 17:00:00,130.8555475150924
2019-03-18 17:30:00,118.57389094943585
2019-03-18 18:00:00,108.0017719018168
2019-03-18 18:30:00,103.60864967959458
2019-03-18 19:00:00,102.71782745737235
2019-03-18 19:30:00,102.18262745737235
2019-03-18 20:00:00,100.66612745737235
2019-03-18 20:30:00,87.03336262220752
2019-03-18 21:00:00,83.15353844638334
2019-03-18 21:30:00,91.58820511305001
2019-03-18 22:00:00,69.1289193987643
2019-03-18 22:30:00,54.354021359548604
2019-03-18 23:00:00,54.44001779448622
2019-03-18 23:30:00,46.252647619047615
2019-03-19 00:00:00,46.50998095238095
2019-03-19 00:30:00,19.820833333333333
2019-03-19 01:00:00,17.37963333333333
2019-03-19 01:30:00,9.006799999999998
2019-03-19 02:00:00,0.0
2019-03-19 02:30:00,0.0
2019-03-19 03:00:00,0.0
2019-03-19 03:30:00,0.0
2019-03-19 04:00:00,0.0
2019-03-19 04:30:00,0.0
2019-03-19 05:00:00,0.0
2019-03-19 05:30:00,2.6233333333333335
2019-03-19 06:00:00,2.6233333333333335
2019-03-19 06:30:00,2.6233333333333335
2019-03-19 07:00:00,0.0
2019-03-19 07:30:00,0.0
2019-03-19 08:00:00,0.0
2019-03-19 08:30:00,0.0
2019-03-19 09:00:00,0.0
2019-03-19 09:30:00,0.0
2019-03-19 10:00:00,0.0
2019-03-19 10:30:00,0.0
2019-03-19 11:00:00,0.0
2019-03-19 11:30:00,0.0
2019-03-19 12:00:00,5.7421999999999995
2019-03-19 12:30:00,9.985755555555556
2019-03-19 13:00:00,41.79489797979798
2019-03-19 13:30:00,45.88014401154401
2019-03-19 14:00:00,65.67748406756643
2019-03-19 14:30:00,126.58993046561282
2019-03-19 15:00:00,167.41786982070218
2019-03-19 15:30:00,163.29436982070217
2019-03-19 16:00:00,152.96436982070216
2019-03-19 16:30:00,145.48528410641646
2019-03-19 17:00:00,112.59870474133709
2019-03-19 17:30:00,107.54603807467043
2019-03-19 18:00:00,83.35146347149582
2019-03-19 18:30:00,78.2952210472534
2019-03-19 19:00:00,60.612748825031176
2019-03-19 19:30:00,57.481193269475625
2019-03-19 20:00:00,45.24587898376134
2019-03-19 20:30:00,45.13824262012498
2019-03-19 21:00:00,34.96903749191985
2019-03-19 21:30:00,37.648606722689074
2019-03-19 22:00:00,25.407090056022408
2019-03-19 22:30:00,19.524854761904763
2019-03-19 23:00:00,30.597188095238096
2019-03-19 23:30:00,37.797354761904764
2019-03-20 00:00:00,40.26515476190476
2019-03-20 00:30:00,21.069916666666668
2019-03-20 01:00:00,12.26225
2019-03-20 01:30:00,6.25275
2019-03-20 02:00:00,0.0
2019-03-20 02:30:00,0.0
2019-03-20 03:00:00,2.779
2019-03-20 03:30:00,2.779
2019-03-20 04:00:00,2.779
2019-03-20 04:30:00,2.779
2019-03-20 05:00:00,0.0
2019-03-20 05:30:00,0.0
2019-03-20 06:00:00,0.0
2019-03-20 06:30:00,0.0
2019-03-20 07:00:00,0.0
2019-03-20 07:30:00,0.0
2019-03-20 08:00:00,0.0
2019-03-20 08:30:00,0.0
2019-03-20 09:00:00,0.0
2019-03-20 09:30:00,0.0
2019-03-20 10:00:00,0.0
2019-03-20 10:30:00,0.0
2019-03-20 11:00:00,0.0
2019-03-20 11:30:00,0.0
2019-03-20 12:00:00,8.26518181818182
2019-03-20 12:30:00,15.231048484848486
2019-03-20 13:00:00,29.324227056277056
2019-03-20 13:30:00,56.52967467532467
2019-03-20 14:00:00,92.05835118215118
2019-03-20 14:30:00,149.286069003219
2019-03-20 15:00:00,168.5912086857587
2019-03-20 15:30:00,173.7533197968698
2019-03-20 16:00:00,170.0173197968698
2019-03-20 16:30:00,150.85502455877455
2019-03-20 17:00:00,130.9864174159174
2019-03-20 17:30:00,109.61928321678322
2019-03-20 18:00:00,96.0709855977356
2019-03-20 18:30:00,80.25679591519591
2019-03-20 19:00:00,72.66327051837051
2019-03-20 19:30:00,66.27924425574425
2019-03-20 20:00:00,40.570424053724054
2019-03-20 20:30:00,28.790207936507937
2019-03-20 21:00:00,26.131565079365078
2019-03-20 21:30:00,27.802498412698412
2019-03-20 22:00:00,27.802498412698412
2019-03-20 22:30:00,37.36506984126984
2019-03-20 23:00:00,32.06751428571428
2019-03-20 23:30:00,28.007180952380953
2019-03-21 00:00:00,27.80104761904762
2019-03-21 00:30:00,17.663190476190476
2019-03-21 01:00:00,12.45452380952381
2019-03-21 01:30:00,9.13352380952381
2019-03-21 02:00:00,5.800666666666667
2019-03-21 02:30:00,5.800666666666667
2019-03-21 03:00:00,1.5725714285714285
2019-03-21 03:30:00,1.5725714285714285
2019-03-21 04:00:00,1.5725714285714285
2019-03-21 04:30:00,1.5725714285714285
2019-03-21 05:00:00,1.5725714285714285
2019-03-21 05:30:00,1.5725714285714285
2019-03-21 06:00:00,1.5725714285714285
2019-03-21 06:30:00,0.0
2019-03-21 07:00:00,0.0
2019-03-21 07:30:00,0.0
2019-03-21 08:00:00,0.0
2019-03-21 08:30:00,0.0
2019-03-21 09:00:00,0.0
2019-03-21 09:30:00,0.0
2019-03-21 10:00:00,0.0
2019-03-21 10:30:00,0.0
2019-03-21 11:00:00,0.0
2019-03-21 11:30:00,0.0
2019-03-21 12:00:00,0.0
2019-03-21 12:30:00,6.47625
2019-03-21 13:00:00,33.98507380952381
2019-03-21 13:30:00,43.72623609022556
2019-03-21 14:00:00,90.47888751044277
2019-03-21 14:30:00,139.15464357104884
2019-03-21 15:00:00,171.5393328419087
2019-03-21 15:30:00,159.54919950857536
2019-03-21 16:00:00,145.41553284190869
2019-03-21 16:30:00,134.16834236571822
2019-03-21 17:00:00,113.82224236571821
2019-03-21 17:30:00,88.20428760381346
2019-03-21 18:00:00,72.28582331809918
2019-03-21 18:30:00,54.507803476829324
2019-03-21 19:00:00,49.23670347682933
2019-03-21 19:30:00,46.493414587940435
2019-03-21 20:00:00,47.18925297177882
2019-03-21 20:30:00,39.371192365718215
2019-03-21 21:00:00,39.92871617524202
2019-03-21 21:30:00,42.241020937146786
2019-03-21 22:00:00,40.52475427048012
2019-03-21 22:30:00,48.53475427048012
2019-03-21 23:00:00,49.49050865644504
2019-03-21 23:30:00,38.29881825396826
2019-03-22 00:00:00,34.96335158730159
2019-03-22 00:30:00,14.711857142857143
2019-03-22 01:00:00,2.6388571428571432
2019-03-22 01:30:00,5.499857142857143
2019-03-22 02:00:00,5.499857142857143
2019-03-22 02:30:00,5.499857142857143
2019-03-22 03:00:00,5.499857142857143
2019-03-22 03:30:00,2.6388571428571432
2019-03-22 04:00:00,2.6388571428571432
2019-03-22 04:30:00,0.0
2019-03-22 05:00:00,0.0
2019-03-22 05:30:00,0.0
2019-03-22 06:00:00,0.0
2019-03-22 06:30:00,0.0
2019-03-22 07:00:00,0.0
2019-03-22 07:30:00,0.0
2019-03-22 08:00:00,0.0
2019-03-22 08:30:00,0.0
2019-03-22 09:00:00,0.0
2019-03-22 09:30:00,0.0
2019-03-22 10:00:00,0.0
2019-03-22 10:30:00,0.0
2019-03-22 11:00:00,0.0
2019-03-22 11:30:00,0.0
2019-03-22 12:00:00,0.0
2019-03-22 12:30:00,2.835714285714286
2019-03-22 13:00:00,25.023555555555554
2019-03-22 13:30:00,50.33896965811966
2019-03-22 14:00:00,88.72457306436253
2019-03-22 14:30:00,161.21876647095596
2019-03-22 15:00:00,169.83129980428927
2019-03-22 15:30:00,167.25596647095594
2019-03-22 16:00:00,146.8642998042893
2019-03-22 16:30:00,127.32428075667022
2019-03-22 17:00:00,127.76778075667023
2019-03-22 17:30:00,116.50545139159087
2019-03-22 18:00:00,106.1469741188636
2019-03-22 18:30:00,101.4977241188636
2019-03-22 19:00:00,104.64696319090267
2019-03-22 19:30:00,104.14871254155202
2019-03-22 20:00:00,102.87248177232125
2019-03-22 20:30:00,97.00981510565458
2019-03-22 21:00:00,81.83952646096594
2019-03-22 21:30:00,70.79800741334688
2019-03-22 22:00:00,68.34220741334688
2019-03-22 22:30:00,42.90960979429927
2019-03-22 23:00:00,51.77560979429927
2019-03-22 23:30:00,38.137202564102566
2019-03-23 00:00:00,38.305069230769234
2019-03-23 00:30:00,35.10266923076923
2019-03-23 01:00:00,20.83326923076923
2019-03-23 01:30:00,9.0405
2019-03-23 02:00:00,5.9975
2019-03-23 02:30:00,5.9975
2019-03-23 03:00:00,0.0
2019-03-23 03:30:00,0.0
2019-03-23 04:00:00,0.0
2019-03-23 04:30:00,0.0
2019-03-23 05:00:00,0.0
2019-03-23 05:30:00,0.0
2019-03-23 06:00:00,0.0
2019-03-23 06:30:00,0.0
2019-03-23 07:00:00,0.0
2019-03-23 07:30:00,0.0
2019-03-23 08:00:00,0.0
2019-03-23 08:30:00,0.0
2019-03-23 09:00:00,0.0
2019-03-23 09:30:00,0.0
2019-03-23 10:00:00,0.0
2019-03-23 10:30:00,0.0
2019-03-23 11:00:00,0.0
2019-03-23 11:30:00,0.0
2019-03-23 12:00:00,0.0
2019-03-23 12:30:00,0.0
2019-03-23 13:00:00,0.0
2019-03-23 13:30:00,0.0
2019-03-23 14:00:00,6.5636363636363635
2019-03-23 14:30:00,6.5636363636363635
2019-03-23 15:00:00,6.5636363636363635
2019-03-23 15:30:00,6.5636363636363635
2019-03-23 16:00:00,6.5636363636363635
2019-03-23 16:30:00,6.5636363636363635
2019-03-23 17:00:00,12.46477922077922
2019-03-23 17:30:00,12.46477922077922
2019-03-23 18:00:00,17.35727922077922
2019-03-23 18:30:00,17.35727922077922
2019-03-23 19:00:00,17.35727922077922
2019-03-23 19:30:00,10.793642857142856
2019-03-23 20:00:00,10.793642857142856
2019-03-23 20:30:00,4.8925
2019-03-23 21:00:00,4.8925
2019-03-23 21:30:00,4.8925
2019-03-23 22:00:00,0.0
2019-03-23 22:30:00,0.0
2019-03-23 23:00:00,0.0
2019-03-23 23:30:00,0.0
2019-03-24 00:00:00,0.0
2019-03-24 00:30:00,0.0
2019-03-24 01:00:00,0.0
2019-03-24 01:30:00,0.0
2019-03-24 02:00:00,3.261142857142857
2019-03-24 02:30:00,3.261142857142857
2019-03-24 03:00:00,3.261142857142857
2019-03-24 03:30:00,3.261142857142857
2019-03-24 04:00:00,3.261142857142857
2019-03-24 04:30:00,3.261142857142857
2019-03-24 05:00:00,3.261142857142857
2019-03-24 05:30:00,0.0
2019-03-24 06:00:00,0.0
2019-03-24 06:30:00,0.0
2019-03-24 07:00:00,0.0
2019-03-24 07:30:00,0.0
2019-03-24 08:00:00,0.0
2019-03-24 08:30:00,0.0
2019-03-24 09:00:00,0.0
2019-03-24 09:30:00,0.0
2019-03-24 10:00:00,0.0
2019-03-24 10:30:00,0.0
2019-03-24 11:00:00,0.0
2019-03-24 11:30:00,0.0
2019-03-24 12:00:00,0.0
2019-03-24 12:30:00,0.0
2019-03-24 13:00:00,0.0
2019-03-24 13:30:00,0.0
2019-03-24 14:00:00,0.0
2019-03-24 14:30:00,0.0
2019-03-24 15:00:00,0.0
2019-03-24 15:30:00,0.0
2019-03-24 16:00:00,0.0
2019-03-24 16:30:00,0.0
2019-03-24 17:00:00,0.0
2019-03-24 17:30:00,9.8144
2019-03-24 18:00:00,9.8144
2019-03-24 18:30:00,9.8144
2019-03-24 19:00:00,9.8144
2019-03-24 19:30:00,9.8144
2019-03-24 20:00:00,9.437
2019-03-24 20:30:00,9.437
2019-03-24 21:00:00,9.437
2019-03-24 21:30:00,9.437
2019-03-24 22:00:00,9.145
2019-03-24 22:30:00,9.145
2019-03-24 23:00:00,9.145
2019-03-24 23:30:00,9.145
2019-03-25 00:00:00,9.145
2019-03-25 00:30:00,2.789
2019-03-25 01:00:00,6.571
2019-03-25 01:30:00,2.789
2019-03-25 02:00:00,2.789
2019-03-25 02:30:00,2.789
2019-03-25 03:00:00,0.0
2019-03-25 03:30:00,0.0
2019-03-25 04:00:00,0.0
2019-03-25 04:30:00,0.0
2019-03-25 05:00:00,0.0
2019-03-25 05:30:00,0.0
2019-03-25 06:00:00,0.0
2019-03-25 06:30:00,0.0
2019-03-25 07:00:00,0.0
2019-03-25 07:30:00,0.0
2019-03-25 08:00:00,0.0
2019-03-25 08:30:00,0.0
2019-03-25 09:00:00,0.0
2019-03-25 09:30:00,0.0
2019-03-25 10:00:00,0.0
2019-03-25 10:30:00,0.0
2019-03-25 11:00:00,0.0
2019-03-25 11:30:00,0.0
2019-03-25 12:00:00,5.158869565217391
2019-03-25 12:30:00,10.919792642140468
2019-03-25 13:00:00,26.03416284416067
2019-03-25 13:30:00,46.26851213114819
2019-03-25 14:00:00,97.41871797530403
2019-03-25 14:30:00,165.29023671212278
2019-03-25 15:00:00,175.1914938549799
2019-03-25 15:30:00,175.4625605216466
2019-03-25 16:00:00,174.12536052164657
2019-03-25 16:30:00,157.9900938549799
2019-03-25 17:00:00,150.78134385497992
2019-03-25 17:30:00,136.6931970295831
2019-03-25 18:00:00,131.2861970295831
2019-03-25 18:30:00,114.25368079581686
2019-03-25 19:00:00,118.30197561211168
2019-03-25 19:30:00,104.0370483393844
2019-03-25 20:00:00,81.39807258180865
2019-03-25 20:30:00,63.81073924847531
2019-03-25 21:00:00,57.35132166605773
2019-03-25 21:30:00,56.41675261843868
2019-03-25 22:00:00,40.82834575569358
2019-03-25 22:30:00,31.197952898550724
2019-03-25 23:00:00,43.64061956521739
2019-03-25 23:30:00,52.17295
2019-03-26 00:00:00,54.70845
2019-03-26 00:30:00,26.070045238095236
2019-03-26 01:00:00,19.67087857142857
2019-03-26 01:30:00,27.51662857142857
2019-03-26 02:00:00,8.3285
2019-03-26 02:30:00,3.1035
2019-03-26 03:00:00,0.0
2019-03-26 03:30:00,0.0
2019-03-26 04:00:00,0.0
2019-03-26 04:30:00,0.0
2019-03-26 05:00:00,0.0
2019-03-26 05:30:00,2.7693333333333334
2019-03-26 06:00:00,2.7693333333333334
2019-03-26 06:30:00,2.7693333333333334
2019-03-26 07:00:00,0.0
2019-03-26 07:30:00,0.0
2019-03-26 08:00:00,0.0
2019-03-26 08:30:00,0.0
2019-03-26 09:00:00,0.0
2019-03-26 09:30:00,0.0
2019-03-26 10:00:00,0.0
2019-03-26 10:30:00,0.0
2019-03-26 11:00:00,0.0
2019-03-26 11:30:00,0.0
2019-03-26 12:00:00,0.0
2019-03-26 12:30:00,2.55925
2019-03-26 13:00:00,27.85934090909091
2019-03-26 13:30:00,64.42126458541459
2019-03-26 14:00:00,93.48829640359641
2019-03-26 14:30:00,130.9174400246812
2019-03-26 15:00:00,174.104090818332
2019-03-26 15:30:00,171.75529081833199
2019-03-26 16:00:00,155.93802415166533
2019-03-26 16:30:00,148.02610748499868
2019-03-26 17:00:00,138.9856789135701
2019-03-26 17:30:00,129.6182789135701
2019-03-26 18:00:00,117.51342573896692
2019-03-26 18:30:00,104.31054911559029
2019-03-26 19:00:00,105.5328809337721
2019-03-26 19:30:00,90.1158102267014
2019-03-26 20:00:00,89.47141209150327
2019-03-26 20:30:00,84.95937875816993
2019-03-26 21:00:00,85.83637875816993
2019-03-26 21:30:00,67.09418828197946
2019-03-26 22:00:00,51.596583886375065
2019-03-26 22:30:00,29.353406108597284
2019-03-26 23:00:00,25.249824175824173
2019-03-26 23:30:00,28.42115750915751
2019-03-27 00:00:00,25.230157509157507
2019-03-27 00:30:00,21.41415750915751
2019-03-27 01:00:00,12.439824175824175
2019-03-27 01:30:00,15.180490842490842
2019-03-27 02:00:00,15.180490842490842
2019-03-27 02:30:00,9.066205128205128
2019-03-27 03:00:00,6.3255384615384616
2019-03-27 03:30:00,6.3255384615384616
2019-03-27 04:00:00,6.3255384615384616
2019-03-27 04:30:00,0.0
2019-03-27 05:00:00,0.0
2019-03-27 05:30:00,0.0
2019-03-27 06:00:00,0.0
2019-03-27 06:30:00,0.0
2019-03-27 07:00:00,3.768
2019-03-27 07:30:00,0.0
2019-03-27 08:00:00,0.0
2019-03-27 08:30:00,0.0
2019-03-27 09:00:00,0.0
2019-03-27 09:30:00,0.0
2019-03-27 10:00:00,0.0
2019-03-27 10:30:00,0.0
2019-03-27 11:00:00,0.0
2019-03-27 11:30:00,0.0
2019-03-27 12:00:00,0.0
2019-03-27 12:30:00,3.347272727272727
2019-03-27 13:00:00,13.242372727272727
2019-03-27 13:30:00,31.378538966588966
2019-03-27 14:00:00,69.24606931518774
2019-03-27 14:30:00,122.14398645915489
2019-03-27 15:00:00,171.20141425591953
2019-03-27 15:30:00,168.86381425591952
2019-03-27 16:00:00,168.86381425591952
2019-03-27 16:30:00,159.81048092258618
2019-03-27 17:00:00,144.27958092258618
2019-03-27 17:30:00,135.38199044639572
2019-03-27 18:00:00,116.87532089372615
2019-03-27 18:30:00,95.39011375086902
2019-03-27 19:00:00,89.54503597309123
2019-03-27 19:30:00,95.7914329427882
2019-03-27 20:00:00,89.25174296609823
2019-03-27 20:30:00,78.69031266306793
2019-03-27 21:00:00,64.50650497076023
2019-03-27 21:30:00,52.192754970760234
2019-03-27 22:00:00,48.576754970760234
2019-03-27 22:30:00,37.143754970760234
2019-03-27 23:00:00,36.20015497076023
2019-03-27 23:30:00,25.115973684210523
2019-03-28 00:00:00,20.935473684210525
2019-03-28 00:30:00,15.841999999999999
2019-03-28 01:00:00,17.238
2019-03-28 01:30:00,14.266
2019-03-28 02:00:00,7.982333333333333
2019-03-28 02:30:00,2.977
2019-03-28 03:00:00,0.0
2019-03-28 03:30:00,0.0
2019-03-28 04:00:00,0.0
2019-03-28 04:30:00,0.0
2019-03-28 05:00:00,0.0
2019-03-28 05:30:00,0.0
2019-03-28 06:00:00,0.0
2019-03-28 06:30:00,0.0
2019-03-28 07:00:00,0.0
2019-03-28 07:30:00,0.0
2019-03-28 08:00:00,0.0
2019-03-28 08:30:00,0.0
2019-03-28 09:00:00,0.0
2019-03-28 09:30:00,0.0
2019-03-28 10:00:00,0.0
2019-03-28 10:30:00,0.0
2019-03-28 11:00:00,0.0
2019-03-28 11:30:00,0.0
2019-03-28 12:00:00,0.0
2019-03-28 12:30:00,3.49375
2019-03-28 13:00:00,29.247756808877398
2019-03-28 13:30:00,63.82971488968548
2019-03-28 14:00:00,110.57919584206643
2019-03-28 14:30:00,157.90043628992268
2019-03-28 15:00:00,168.506369623256
2019-03-28 15:30:00,158.919769623256
2019-03-28 16:00:00,146.01960295658932
2019-03-28 16:30:00,135.57911009944647
2019-03-28 17:00:00,129.57511009944648
2019-03-28 17:30:00,113.38636009944648
2019-03-28 18:00:00,99.00229660738299
2019-03-28 18:30:00,86.49679660738299
2019-03-28 19:00:00,74.70074408213046
2019-03-28 19:30:00,82.38226276344913
2019-03-28 20:00:00,74.0549900361764
2019-03-28 20:30:00,66.50499003617641
2019-03-28 21:00:00,57.732080878667254
2019-03-28 21:30:00,49.63926649958229
2019-03-28 22:00:00,43.40226649958229
2019-03-28 22:30:00,46.51716649958229
2019-03-28 23:00:00,37.995642690058474
2019-03-28 23:30:00,47.662642690058476
2019-03-29 00:00:00,30.578344444444443
2019-03-29 00:30:00,18.412111111111113
2019-03-29 01:00:00,18.65411111111111
2019-03-29 01:30:00,9.76311111111111
2019-03-29 02:00:00,2.917
2019-03-29 02:30:00,2.917
2019-03-29 03:00:00,8.575857142857142
2019-03-29 03:30:00,8.575857142857142
2019-03-29 04:00:00,9.365857142857143
2019-03-29 04:30:00,9.365857142857143
2019-03-29 05:00:00,5.658857142857143
2019-03-29 05:30:00,5.658857142857143
2019-03-29 06:00:00,5.658857142857143
2019-03-29 06:30:00,0.0
2019-03-29 07:00:00,0.0
2019-03-29 07:30:00,0.0
2019-03-29 08:00:00,0.0
2019-03-29 08:30:00,0.0
2019-03-29 09:00:00,0.0
2019-03-29 09:30:00,0.0
2019-03-29 10:00:00,0.0
2019-03-29 10:30:00,0.0
2019-03-29 11:00:00,0.0
2019-03-29 11:30:00,0.0
2019-03-29 12:00:00,0.0
2019-03-29 12:30:00,0.0
2019-03-29 13:00:00,9.352083333333333
2019-03-29 13:30:00,15.36027380952381
2019-03-29 14:00:00,26.76255952380952
2019-03-29 14:30:00,34.38995952380952
2019-03-29 15:00:00,39.90675952380953
2019-03-29 15:30:00,51.092259523809524
2019-03-29 16:00:00,56.13192619047619
2019-03-29 16:30:00,70.93758095238096
2019-03-29 17:00:00,77.26328095238095
2019-03-29 17:30:00,65.48249523809524
2019-03-29 18:00:00,74.61302857142857
2019-03-29 18:30:00,72.83902857142857
2019-03-29 19:00:00,68.91836190476191
2019-03-29 19:30:00,68.1552619047619
2019-03-29 20:00:00,69.60520586080587
2019-03-29 20:30:00,57.99785586080586
2019-03-29 21:00:00,54.02800586080586
2019-03-29 21:30:00,48.30400586080586
2019-03-29 22:00:00,38.71317252747252
2019-03-29 22:30:00,23.98930586080586
2019-03-29 23:00:00,20.863705860805858
2019-03-29 23:30:00,11.91080586080586
2019-03-30 00:00:00,5.902615384615384
2019-03-30 00:30:00,9.087758241758241
2019-03-30 01:00:00,9.087758241758241
2019-03-30 01:30:00,9.087758241758241
2019-03-30 02:00:00,9.087758241758241
2019-03-30 02:30:00,3.185142857142857
2019-03-30 03:00:00,3.185142857142857
2019-03-30 03:30:00,3.185142857142857
2019-03-30 04:00:00,0.0
2019-03-30 04:30:00,0.0
2019-03-30 05:00:00,0.0
2019-03-30 05:30:00,0.0
2019-03-30 06:00:00,0.0
2019-03-30 06:30:00,0.0
2019-03-30 07:00:00,0.0
2019-03-30 07:30:00,0.0
2019-03-30 08:00:00,0.0
2019-03-30 08:30:00,0.0
2019-03-30 09:00:00,0.0
2019-03-30 09:30:00,0.0
2019-03-30 10:00:00,0.0
2019-03-30 10:30:00,0.0
2019-03-30 11:00:00,0.0
2019-03-30 11:30:00,0.0
2019-03-30 12:00:00,0.0
2019-03-30 12:30:00,0.0
2019-03-30 13:00:00,0.0
2019-03-30 13:30:00,0.0
2019-03-30 14:00:00,0.0
2019-03-30 14:30:00,0.0
2019-03-30 15:00:00,3.2737142857142856
2019-03-30 15:30:00,9.886514285714286
2019-03-30 16:00:00,9.886514285714286
2019-03-30 16:30:00,9.886514285714286
2019-03-30 17:00:00,9.886514285714286
2019-03-30 17:30:00,12.888514285714287
2019-03-30 18:00:00,12.888514285714287
2019-03-30 18:30:00,16.6948
2019-03-30 19:00:00,16.6948
2019-03-30 19:30:00,16.6948
2019-03-30 20:00:00,9.6148
2019-03-30 20:30:00,4.949466666666667
2019-03-30 21:00:00,4.949466666666667
2019-03-30 21:30:00,4.949466666666667
2019-03-30 22:00:00,4.949466666666667
2019-03-30 22:30:00,4.949466666666667
2019-03-30 23:00:00,4.949466666666667
2019-03-30 23:30:00,4.949466666666667
2019-03-31 00:00:00,4.949466666666667
2019-03-31 00:30:00,4.949466666666667
2019-03-31 01:00:00,4.949466666666667
2019-03-31 01:30:00,4.949466666666667
2019-03-31 02:00:00,4.949466666666667
2019-03-31 02:30:00,4.949466666666667
2019-03-31 03:00:00,4.949466666666667
2019-03-31 03:30:00,4.949466666666667
2019-03-31 04:00:00,0.0
2019-03-31 04:30:00,0.0
2019-03-31 05:00:00,0.0
2019-03-31 05:30:00,0.0
2019-03-31 06:00:00,0.0
2019-03-31 06:30:00,0.0
2019-03-31 07:00:00,0.0
2019-03-31 07:30:00,0.0
2019-03-31 08:00:00,0.0
2019-03-31 08:30:00,0.0
2019-03-31 09:00:00,0.0
2019-03-31 09:30:00,0.0
2019-03-31 10:00:00,0.0
2019-03-31 10:30:00,0.0
2019-03-31 11:00:00,0.0
2019-03-31 11:30:00,0.0
2019-03-31 12:00:00,0.0
2019-03-31 12:30:00,0.0
2019-03-31 13:00:00,0.0
2019-03-31 13:30:00,0.0
2019-03-31 14:00:00,0.0
2019-03-31 14:30:00,0.0
2019-03-31 15:00:00,1.626
2019-03-31 15:30:00,0.0
2019-03-31 16:00:00,0.0
2019-03-31 16:30:00,0.0
2019-03-31 17:00:00,0.0
2019-03-31 17:30:00,0.0
2019-03-31 18:00:00,0.0
2019-03-31 18:30:00,5.828444444444445
2019-03-31 19:00:00,5.828444444444445
2019-03-31 19:30:00,5.828444444444445
2019-03-31 20:00:00,5.828444444444445
2019-03-31 20:30:00,10.300444444444445
2019-03-31 21:00:00,5.828444444444445
2019-03-31 21:30:00,5.828444444444445
2019-03-31 22:00:00,5.828444444444445
2019-03-31 22:30:00,5.828444444444445
2019-03-31 23:00:00,0.0
2019-03-31 23:30:00,0.0
2019-04-01 00:00:00,0.0
2019-04-01 00:30:00,0.0
2019-04-01 01:00:00,0.0
2019-04-01 01:30:00,0.0
2019-04-01 02:00:00,0.0
2019-04-01 02:30:00,0.0
2019-04-01 03:00:00,0.0
2019-04-01 03:30:00,0.0
2019-04-01 04:00:00,0.0
2019-04-01 04:30:00,0.0
2019-04-01 05:00:00,0.0
2019-04-01 05:30:00,0.0
2019-04-01 06:00:00,0.0
2019-04-01 06:30:00,0.0
2019-04-01 07:00:00,0.0
2019-04-01 07:30:00,0.0
2019-04-01 08:00:00,0.0
2019-04-01 08:30:00,0.0
2019-04-01 09:00:00,0.0
2019-04-01 09:30:00,0.0
2019-04-01 10:00:00,0.0
2019-04-01 10:30:00,0.0
2019-04-01 11:00:00,0.0
2019-04-01 11:30:00,0.0
2019-04-01 12:00:00,5.1799
2019-04-01 12:30:00,8.5609
2019-04-01 13:00:00,21.613865284715285
2019-04-01 13:30:00,49.576764185814184
2019-04-01 14:00:00,107.50506815406816
2019-04-01 14:30:00,161.56980480469824
2019-04-01 15:00:00,159.10380480469823
2019-04-01 15:30:00,156.44380480469823
2019-04-01 16:00:00,148.32350480469822
2019-04-01 16:30:00,127.77660956660299
2019-04-01 17:00:00,127.9224071856506
2019-04-01 17:30:00,121.12155004279346
2019-04-01 18:00:00,107.58547861422204
2019-04-01 18:30:00,94.14723720008062
2019-04-01 19:00:00,105.96416796931139
2019-04-01 19:30:00,88.44031155905498
2019-04-01 20:00:00,67.33089664064006
2019-04-01 20:30:00,61.891468069211484
2019-04-01 21:00:00,49.60922594466936
2019-04-01 21:30:00,59.10942594466936
2019-04-01 22:00:00,41.1686092780027
2019-04-01 22:30:00,39.93414336891179
2019-04-01 23:00:00,46.05157194034036
2019-04-01 23:30:00,40.17537194034036
2019-04-02 00:00:00,23.72756843156843
2019-04-02 00:30:00,23.72756843156843
2019-04-02 01:00:00,15.323568431568432
2019-04-02 01:30:00,9.770337662337663
2019-04-02 02:00:00,12.632337662337662
2019-04-02 02:30:00,6.514909090909091
2019-04-02 03:00:00,6.514909090909091
2019-04-02 03:30:00,6.514909090909091
2019-04-02 04:00:00,0.0
2019-04-02 04:30:00,0.0
2019-04-02 05:00:00,0.0
2019-04-02 05:30:00,0.0
2019-04-02 06:00:00,0.0
2019-04-02 06:30:00,0.0
2019-04-02 07:00:00,0.0
2019-04-02 07:30:00,0.0
2019-04-02 08:00:00,0.0
2019-04-02 08:30:00,0.0
2019-04-02 09:00:00,0.0
2019-04-02 09:30:00,0.0
2019-04-02 10:00:00,0.0
2019-04-02 10:30:00,0.0
2019-04-02 11:00:00,0.0
2019-04-02 11:30:00,0.0
2019-04-02 12:00:00,5.466166666666666
2019-04-02 12:30:00,13.977416666666667
2019-04-02 13:00:00,29.63666507936508
2019-04-02 13:30:00,40.273109523809524
2019-04-02 14:00:00,83.5978870541739
2019-04-02 14:30:00,117.82250054623739
2019-04-02 15:00:00,143.8941100700469
2019-04-02 15:30:00,143.13497673671358
2019-04-02 16:00:00,145.09166158519844
2019-04-02 16:30:00,137.89053539472224
2019-04-02 17:00:00,134.93178539472223
2019-04-02 17:30:00,124.02306317250002
2019-04-02 18:00:00,95.25369729948414
2019-04-02 18:30:00,83.33637587091272
2019-04-02 19:00:00,71.73602666456351
2019-04-02 19:30:00,78.7675266645635
2019-04-02 20:00:00,69.35335999789685
2019-04-02 20:30:00,63.55493948507633
2019-04-02 21:00:00,65.73257281840966
2019-04-02 21:30:00,48.029040350877196
2019-04-02 22:00:00,45.661268922305766
2019-04-02 22:30:00,37.94870701754386
2019-04-02 23:00:00,33.52240701754386
2019-04-02 23:30:00,29.882683333333333
2019-04-03 00:00:00,38.11868333333334
2019-04-03 00:30:00,29.621483333333334
2019-04-03 01:00:00,20.38515
2019-04-03 01:30:00,20.38515
2019-04-03 02:00:00,17.497149999999998
2019-04-03 02:30:00,11.896149999999999
2019-04-03 03:00:00,11.63175
2019-04-03 03:30:00,5.739999999999999
2019-04-03 04:00:00,5.739999999999999
2019-04-03 04:30:00,5.739999999999999
2019-04-03 05:00:00,5.739999999999999
2019-04-03 05:30:00,5.739999999999999
2019-04-03 06:00:00,0.0
2019-04-03 06:30:00,0.0
2019-04-03 07:00:00,0.0
2019-04-03 07:30:00,0.0
2019-04-03 08:00:00,0.0
2019-04-03 08:30:00,0.0
2019-04-03 09:00:00,0.0
2019-04-03 09:30:00,0.0
2019-04-03 10:00:00,0.0
2019-04-03 10:30:00,0.0
2019-04-03 11:00:00,0.0
2019-04-03 11:30:00,0.0
2019-04-03 12:00:00,8.94357142857143
2019-04-03 12:30:00,18.05740390720391
2019-04-03 13:00:00,36.1240308913309
2019-04-03 13:30:00,68.56473327228328
2019-04-03 14:00:00,109.16603566988567
2019-04-03 14:30:00,162.13261282109704
2019-04-03 15:00:00,154.25744615443037
2019-04-03 15:30:00,146.39544615443037
2019-04-03 16:00:00,144.23394615443036
2019-04-03 16:30:00,132.52487472585895
2019-04-03 17:00:00,109.06503345601766
2019-04-03 17:30:00,90.8184802814145
2019-04-03 18:00:00,78.46033742427163
2019-04-03 18:30:00,84.0775040909383
2019-04-03 19:00:00,59.98343351706773
2019-04-03 19:30:00,57.29941533524955
2019-04-03 20:00:00,57.29941533524955
2019-04-03 20:30:00,36.91496661730083
2019-04-03 21:00:00,42.64629995063416
2019-04-03 21:30:00,43.5138951887294
2019-04-03 22:00:00,46.57652852206273
2019-04-03 22:30:00,36.368445188729396
2019-04-03 23:00:00,50.82422296650718
2019-04-03 23:30:00,55.15466741095162
2019-04-04 00:00:00,51.68879898989899
2019-04-04 00:30:00,29.87073232323232
2019-04-04 01:00:00,14.715944444444444
2019-04-04 01:30:00,14.715944444444444
2019-04-04 02:00:00,17.670944444444444
2019-04-04 02:30:00,14.500944444444444
2019-04-04 03:00:00,14.500944444444444
2019-04-04 03:30:00,2.955
2019-04-04 04:00:00,0.0
2019-04-04 04:30:00,0.0
2019-04-04 05:00:00,0.0
2019-04-04 05:30:00,0.0
2019-04-04 06:00:00,0.0
2019-04-04 06:30:00,0.0
2019-04-04 07:00:00,0.0
2019-04-04 07:30:00,0.0
2019-04-04 08:00:00,0.0
2019-04-04 08:30:00,0.0
2019-04-04 09:00:00,0.0
2019-04-04 09:30:00,0.0
2019-04-04 10:00:00,0.0
2019-04-04 10:30:00,0.0
2019-04-04 11:00:00,0.0
2019-04-04 11:30:00,0.0
2019-04-04 12:00:00,0.0
2019-04-04 12:30:00,10.503464285714285
2019-04-04 13:00:00,34.99626298701298
2019-04-04 13:30:00,53.44270922761449
2019-04-04 14:00:00,91.32257538498654
2019-04-04 14:30:00,131.01145700570498
2019-04-04 15:00:00,160.5114166548278
2019-04-04 15:30:00,156.3390166548278
2019-04-04 16:00:00,138.54698332149448
2019-04-04 16:30:00,127.16139522625637
2019-04-04 17:00:00,117.52528094054209
2019-04-04 17:30:00,110.36289998816113
2019-04-04 18:00:00,95.60684760720875
2019-04-04 18:30:00,84.31037033448148
2019-04-04 19:00:00,79.52071477892592
2019-04-04 19:30:00,73.279636856848
2019-04-04 20:00:00,72.44101780922895
2019-04-04 20:30:00,54.00177971399086
2019-04-04 21:00:00,60.6351130473242
2019-04-04 21:30:00,65.58956304732419
2019-04-04 22:00:00,65.58956304732419
2019-04-04 22:30:00,36.42889147869674
2019-04-04 23:00:00,27.036514285714286
2019-04-04 23:30:00,23.468799999999998
2019-04-05 00:00:00,17.443626315789473
2019-04-05 00:30:00,16.7151
2019-04-05 01:00:00,2.8975
2019-04-05 01:30:00,2.8975
2019-04-05 02:00:00,3.0234285714285716
2019-04-05 02:30:00,3.0234285714285716
2019-04-05 03:00:00,3.0234285714285716
2019-04-05 03:30:00,3.0234285714285716
2019-04-05 04:00:00,3.0234285714285716
2019-04-05 04:30:00,3.0234285714285716
2019-04-05 05:00:00,3.0234285714285716
2019-04-05 05:30:00,0.0
2019-04-05 06:00:00,0.0
2019-04-05 06:30:00,0.0
2019-04-05 07:00:00,0.0
2019-04-05 07:30:00,0.0
2019-04-05 08:00:00,0.0
2019-04-05 08:30:00,0.0
2019-04-05 09:00:00,0.0
2019-04-05 09:30:00,0.0
2019-04-05 10:00:00,0.0
2019-04-05 10:30:00,0.0
2019-04-05 11:00:00,0.0
2019-04-05 11:30:00,0.0
2019-04-05 12:00:00,4.32552
2019-04-05 12:30:00,11.439900952380953
2019-04-05 13:00:00,27.114608644688644
2019-04-05 13:30:00,50.32909912087912
2019-04-05 14:00:00,102.67906368572604
2019-04-05 14:30:00,150.48109146350382
2019-04-05 15:00:00,161.80309146350382
2019-04-05 15:30:00,153.86339146350383
2019-04-05 16:00:00,138.50361051112287
2019-04-05 16:30:00,131.39427717778952
2019-04-05 17:00:00,109.22575336826571
2019-04-05 17:30:00,94.76899146350381
2019-04-05 18:00:00,66.92257717778953
2019-04-05 18:30:00,70.2281319396943
2019-04-05 19:00:00,61.46935416191651
2019-04-05 19:30:00,52.53359192415428
2019-04-05 20:00:00,68.73997287653523
2019-04-05 20:30:00,63.589626722689076
2019-04-05 21:00:00,60.00282672268908
2019-04-05 21:30:00,57.81054100840336
2019-04-05 22:00:00,57.20136957983193
2019-04-05 22:30:00,41.611134285714286
2019-04-05 23:00:00,48.35546761904762
2019-04-05 23:30:00,30.009753333333332
2019-04-06 00:00:00,22.756253333333333
2019-04-06 00:30:00,6.229
2019-04-06 01:00:00,0.0
2019-04-06 01:30:00,0.0
2019-04-06 02:00:00,0.0
2019-04-06 02:30:00,0.0
2019-04-06 03:00:00,0.0
2019-04-06 03:30:00,0.0
2019-04-06 04:00:00,0.0
2019-04-06 04:30:00,0.0
2019-04-06 05:00:00,0.0
2019-04-06 05:30:00,0.0
2019-04-06 06:00:00,0.0
2019-04-06 06:30:00,0.0
2019-04-06 07:00:00,0.0
2019-04-06 07:30:00,0.0
2019-04-06 08:00:00,0.0
2019-04-06 08:30:00,0.0
2019-04-06 09:00:00,0.0
2019-04-06 09:30:00,0.0
2019-04-06 10:00:00,0.0
2019-04-06 10:30:00,0.0
2019-04-06 11:00:00,0.0
2019-04-06 11:30:00,0.0
2019-04-06 12:00:00,0.0
2019-04-06 12:30:00,0.0
2019-04-06 13:00:00,2.92
2019-04-06 13:30:00,2.92
2019-04-06 14:00:00,6.107714285714286
2019-04-06 14:30:00,6.107714285714286
2019-04-06 15:00:00,6.107714285714286
2019-04-06 15:30:00,6.107714285714286
2019-04-06 16:00:00,6.107714285714286
2019-04-06 16:30:00,6.107714285714286
2019-04-06 17:00:00,6.712914285714286
2019-04-06 17:30:00,3.5252000000000003
2019-04-06 18:00:00,3.5252000000000003
2019-04-06 18:30:00,9.5264
2019-04-06 19:00:00,12.5434
2019-04-06 19:30:00,9.0182
2019-04-06 20:00:00,9.0182
2019-04-06 20:30:00,9.0182
2019-04-06 21:00:00,3.017
2019-04-06 21:30:00,8.925666666666666
2019-04-06 22:00:00,5.908666666666666
2019-04-06 22:30:00,5.908666666666666
2019-04-06 23:00:00,0.0
2019-04-06 23:30:00,0.0
2019-04-07 00:00:00,0.0
2019-04-07 00:30:00,0.0
2019-04-07 01:00:00,0.0
2019-04-07 01:30:00,0.0
2019-04-07 02:00:00,0.0
2019-04-07 02:30:00,0.0
2019-04-07 03:00:00,0.0
2019-04-07 03:30:00,0.0
2019-04-07 04:00:00,0.0
2019-04-07 04:30:00,0.0
2019-04-07 05:00:00,0.0
2019-04-07 05:30:00,0.0
2019-04-07 06:00:00,0.0
2019-04-07 06:30:00,0.0
2019-04-07 07:00:00,0.0
2019-04-07 07:30:00,0.0
2019-04-07 08:00:00,0.0
2019-04-07 08:30:00,0.0
2019-04-07 09:00:00,0.0
2019-04-07 09:30:00,0.0
2019-04-07 10:00:00,0.0
2019-04-07 10:30:00,0.0
2019-04-07 11:00:00,0.0
2019-04-07 11:30:00,0.0
2019-04-07 12:00:00,0.0
2019-04-07 12:30:00,0.0
2019-04-07 13:00:00,0.0
2019-04-07 13:30:00,0.0
2019-04-07 14:00:00,0.0
2019-04-07 14:30:00,0.0
2019-04-07 15:00:00,0.0
2019-04-07 15:30:00,0.0
2019-04-07 16:00:00,0.0
2019-04-07 16:30:00,0.0
2019-04-07 17:00:00,0.0
2019-04-07 17:30:00,6.222222222222222
2019-04-07 18:00:00,6.222222222222222
2019-04-07 18:30:00,6.222222222222222
2019-04-07 19:00:00,8.889422222222223
2019-04-07 19:30:00,8.889422222222223
2019-04-07 20:00:00,8.889422222222223
2019-04-07 20:30:00,8.889422222222223
2019-04-07 21:00:00,8.889422222222223
2019-04-07 21:30:00,6.222222222222222
2019-04-07 22:00:00,0.0
2019-04-07 22:30:00,0.0
2019-04-07 23:00:00,0.0
2019-04-07 23:30:00,0.0
2019-04-08 00:00:00,0.0
2019-04-08 00:30:00,5.997636363636364
2019-04-08 01:00:00,5.997636363636364
2019-04-08 01:30:00,5.997636363636364
2019-04-08 02:00:00,5.997636363636364
2019-04-08 02:30:00,5.997636363636364
2019-04-08 03:00:00,5.997636363636364
2019-04-08 03:30:00,5.997636363636364
2019-04-08 04:00:00,5.997636363636364
2019-04-08 04:30:00,5.997636363636364
2019-04-08 05:00:00,5.997636363636364
2019-04-08 05:30:00,5.997636363636364
2019-04-08 06:00:00,0.0
2019-04-08 06:30:00,0.0
2019-04-08 07:00:00,0.0
2019-04-08 07:30:00,0.0
2019-04-08 08:00:00,0.0
2019-04-08 08:30:00,0.0
2019-04-08 09:00:00,0.0
2019-04-08 09:30:00,0.0
2019-04-08 10:00:00,0.0
2019-04-08 10:30:00,0.0
2019-04-08 11:00:00,0.0
2019-04-08 11:30:00,0.0
2019-04-08 12:00:00,1.2103333333333333
2019-04-08 12:30:00,4.303
2019-04-08 13:00:00,20.305786199095024
2019-04-08 13:30:00,56.69779515825181
2019-04-08 14:00:00,93.14990597696526
2019-04-08 14:30:00,160.07060569293557
2019-04-08 15:00:00,166.47711619713724
2019-04-08 15:30:00,166.47711619713724
2019-04-08 16:00:00,142.15911619713725
2019-04-08 16:30:00,126.57271619713724
2019-04-08 17:00:00,89.55684238761343
2019-04-08 17:30:00,89.55684238761343
2019-04-08 18:00:00,81.92459238761343
2019-04-08 18:30:00,74.93669397491502
2019-04-08 19:00:00,61.40266821733926
2019-04-08 19:30:00,55.469164371185414
2019-04-08 20:00:00,60.266255280276326
2019-04-08 20:30:00,56.686112423133466
2019-04-08 21:00:00,53.840727807748856
2019-04-08 21:30:00,52.790645454807674
2019-04-08 22:00:00,59.341978788141006
2019-04-08 22:30:00,66.52744545480768
2019-04-08 23:00:00,77.30293208582371
2019-04-08 23:30:00,57.112459175607
2019-04-09 00:00:00,52.25224965179748
2019-04-09 00:30:00,51.81588601543384
2019-04-09 01:00:00,38.06531168831169
2019-04-09 01:30:00,14.684069264069263
2019-04-09 02:00:00,14.684069264069263
2019-04-09 02:30:00,11.797069264069265
2019-04-09 03:00:00,6.921402597402597
2019-04-09 03:30:00,2.6345454545454547
2019-04-09 04:00:00,2.6345454545454547
2019-04-09 04:30:00,0.0
2019-04-09 05:00:00,0.0
2019-04-09 05:30:00,2.942
2019-04-09 06:00:00,2.942
2019-04-09 06:30:00,2.942
2019-04-09 07:00:00,0.0
2019-04-09 07:30:00,0.0
2019-04-09 08:00:00,0.0
2019-04-09 08:30:00,0.0
2019-04-09 09:00:00,0.0
2019-04-09 09:30:00,0.0
2019-04-09 10:00:00,0.0
2019-04-09 10:30:00,0.0
2019-04-09 11:00:00,0.0
2019-04-09 11:30:00,0.0
2019-04-09 12:00:00,0.0
2019-04-09 12:30:00,9.507
2019-04-09 13:00:00,36.84713751803752
2019-04-09 13:30:00,54.247710245310245
2019-04-09 14:00:00,76.02803322168027
2019-04-09 14:30:00,120.22523495328201
2019-04-09 15:00:00,168.26898877723585
2019-04-09 15:30:00,156.70288877723584
2019-04-09 16:00:00,136.72455544390252
2019-04-09 16:30:00,130.1603411581882
2019-04-09 17:00:00,123.87484115818822
2019-04-09 17:30:00,109.26833004707711
2019-04-09 18:00:00,97.91452052326758
2019-04-09 18:30:00,61.235655227452284
2019-04-09 19:00:00,61.059282500179556
2019-04-09 19:30:00,73.71562193209267
2019-04-09 20:00:00,59.17685829572903
2019-04-09 20:30:00,58.23826039363114
2019-04-09 21:00:00,58.23826039363114
2019-04-09 21:30:00,54.858598488869234
2019-04-09 22:00:00,49.31788420315495
2019-04-09 22:30:00,41.087428320802005
2019-04-09 23:00:00,31.906880701754385
2019-04-09 23:30:00,26.992880701754387
2019-04-10 00:00:00,27.393280701754385
2019-04-10 00:30:00,27.15194736842105
2019-04-10 01:00:00,21.291947368421052
2019-04-10 01:30:00,14.447947368421053
2019-04-10 02:00:00,6.126947368421053
2019-04-10 02:30:00,11.132661654135338
2019-04-10 03:00:00,13.991661654135338
2019-04-10 03:30:00,13.991661654135338
2019-04-10 04:00:00,13.991661654135338
2019-04-10 04:30:00,13.991661654135338
2019-04-10 05:00:00,5.005714285714285
2019-04-10 05:30:00,5.005714285714285
2019-04-10 06:00:00,0.0
2019-04-10 06:30:00,0.0
2019-04-10 07:00:00,0.0
2019-04-10 07:30:00,0.0
2019-04-10 08:00:00,0.0
2019-04-10 08:30:00,0.0
2019-04-10 09:00:00,0.0
2019-04-10 09:30:00,0.0
2019-04-10 10:00:00,0.0
2019-04-10 10:30:00,0.0
2019-04-10 11:00:00,0.0
2019-04-10 11:30:00,0.0
2019-04-10 12:00:00,0.0
2019-04-10 12:30:00,0.0
2019-04-10 13:00:00,25.583250824029772
2019-04-10 13:30:00,55.388735023163974
2019-04-10 14:00:00,97.66140901583796
2019-04-10 14:30:00,165.9635887527677
2019-04-10 15:00:00,162.2295887527677
2019-04-10 15:30:00,158.3717887527677
2019-04-10 16:00:00,154.01542208610104
2019-04-10 16:30:00,144.45842208610102
2019-04-10 17:00:00,128.00751732419627
2019-04-10 17:30:00,107.15191811784707
2019-04-10 18:00:00,91.82275621308516
2019-04-10 18:30:00,82.55517439490335
2019-04-10 19:00:00,86.0467703544993
2019-04-10 19:30:00,75.41133702116598
2019-04-10 20:00:00,80.34053182636077
2019-04-10 20:30:00,64.46068640511535
2019-04-10 21:00:00,57.76085948203843
2019-04-10 21:30:00,66.74885948203843
2019-04-10 22:00:00,59.384626148705095
2019-04-10 22:30:00,72.53502777777777
2019-04-10 23:00:00,89.5953134920635
2019-04-10 23:30:00,58.389383333333335
2019-04-11 00:00:00,46.45014523809524
2019-04-11 00:30:00,33.45014523809524
2019-04-11 01:00:00,18.364228571428573
2019-04-11 01:30:00,14.578228571428571
2019-04-11 02:00:00,8.768285714285714
2019-04-11 02:30:00,5.827333333333333
2019-04-11 03:00:00,8.765833333333333
2019-04-11 03:30:00,8.765833333333333
2019-04-11 04:00:00,8.765833333333333
2019-04-11 04:30:00,8.765833333333333
2019-04-11 05:00:00,5.827333333333333
2019-04-11 05:30:00,0.0
2019-04-11 06:00:00,0.0
2019-04-11 06:30:00,0.0
2019-04-11 07:00:00,0.0
2019-04-11 07:30:00,0.0
2019-04-11 08:00:00,0.0
2019-04-11 08:30:00,0.0
2019-04-11 09:00:00,0.0
2019-04-11 09:30:00,0.0
2019-04-11 10:00:00,0.0
2019-04-11 10:30:00,0.0
2019-04-11 11:00:00,0.0
2019-04-11 11:30:00,0.0
2019-04-11 12:00:00,4.7051428571428575
2019-04-11 12:30:00,10.080387301587303
2019-04-11 13:00:00,30.476422222222222
2019-04-11 13:30:00,47.648517460317464
2019-04-11 14:00:00,78.54996684235098
2019-04-11 14:30:00,140.06486526778176
2019-04-11 15:00:00,165.93769979159129
2019-04-11 15:30:00,169.13954594543742
2019-04-11 16:00:00,163.14714594543744
2019-04-11 16:30:00,141.7912221359136
2019-04-11 17:00:00,133.5063491200406
2019-04-11 17:30:00,113.25220943750092
2019-04-11 18:00:00,110.29380943750093
2019-04-11 18:30:00,86.57259435813585
2019-04-11 19:00:00,66.73872927877076
2019-04-11 19:30:00,70.2666626121041
2019-04-11 20:00:00,62.943238369679854
2019-04-11 20:30:00,60.63607170301319
2019-04-11 21:00:00,58.577238369679854
2019-04-11 21:30:00,56.00307170301319
2019-04-11 22:00:00,60.104698168214654
2019-04-11 22:30:00,46.99058836429309
2019-04-11 23:00:00,41.093728070175445
2019-04-11 23:30:00,33.649
2019-04-12 00:00:00,39.32401282051282
2019-04-12 00:30:00,28.67106043956044
2019-04-12 01:00:00,28.67106043956044
2019-04-12 01:30:00,20.375679487179486
2019-04-12 02:00:00,17.48117948717949
2019-04-12 02:30:00,17.48117948717949
2019-04-12 03:00:00,11.480512820512821
2019-04-12 03:30:00,11.480512820512821
2019-04-12 04:00:00,11.480512820512821
2019-04-12 04:30:00,11.480512820512821
2019-04-12 05:00:00,11.480512820512821
2019-04-12 05:30:00,11.480512820512821
2019-04-12 06:00:00,6.155846153846154
2019-04-12 06:30:00,0.0
2019-04-12 07:00:00,0.0
2019-04-12 07:30:00,0.0
2019-04-12 08:00:00,0.0
2019-04-12 08:30:00,0.0
2019-04-12 09:00:00,0.0
2019-04-12 09:30:00,0.0
2019-04-12 10:00:00,0.0
2019-04-12 10:30:00,0.0
2019-04-12 11:00:00,0.0
2019-04-12 11:30:00,0.0
2019-04-12 12:00:00,0.0
2019-04-12 12:30:00,5.780181818181818
2019-04-12 13:00:00,11.794431818181819
2019-04-12 13:30:00,11.794431818181819
2019-04-12 14:00:00,11.794431818181819
2019-04-12 14:30:00,25.377487373737374
2019-04-12 15:00:00,36.492320707070704
2019-04-12 15:30:00,56.85045642135642
2019-04-12 16:00:00,57.855123088023085
2019-04-12 16:30:00,49.72578975468976
2019-04-12 17:00:00,37.78153975468975
2019-04-12 17:30:00,49.93080642135642
2019-04-12 18:00:00,45.4146246031746
2019-04-12 18:30:00,36.4041246031746
2019-04-12 19:00:00,25.57745
2019-04-12 19:30:00,22.145342857142857
2019-04-12 20:00:00,19.369992857142858
2019-04-12 20:30:00,13.805392857142857
2019-04-12 21:00:00,17.239392857142857
2019-04-12 21:30:00,17.186059523809526
2019-04-12 22:00:00,17.86547128851541
2019-04-12 22:30:00,17.86547128851541
2019-04-12 23:00:00,10.921661764705883
2019-04-12 23:30:00,7.487661764705883
2019-04-13 00:00:00,1.5974117647058823
2019-04-13 00:30:00,1.5974117647058823
2019-04-13 01:00:00,1.5974117647058823
2019-04-13 01:30:00,0.6794117647058824
2019-04-13 02:00:00,0.6794117647058824
2019-04-13 02:30:00,0.6794117647058824
2019-04-13 03:00:00,0.6794117647058824
2019-04-13 03:30:00,0.6794117647058824
2019-04-13 04:00:00,0.6794117647058824
2019-04-13 04:30:00,0.6794117647058824
2019-04-13 05:00:00,0.6794117647058824
2019-04-13 05:30:00,0.6794117647058824
2019-04-13 06:00:00,0.6794117647058824
2019-04-13 06:30:00,0.0
2019-04-13 07:00:00,0.0
2019-04-13 07:30:00,0.0
2019-04-13 08:00:00,0.0
2019-04-13 08:30:00,0.0
2019-04-13 09:00:00,0.0
2019-04-13 09:30:00,0.0
2019-04-13 10:00:00,0.0
2019-04-13 10:30:00,0.0
2019-04-13 11:00:00,0.0
2019-04-13 11:30:00,0.0
2019-04-13 12:00:00,0.0
2019-04-13 12:30:00,0.0
2019-04-13 13:00:00,0.0
2019-04-13 13:30:00,0.0
2019-04-13 14:00:00,0.0
2019-04-13 14:30:00,5.765666666666667
2019-04-13 15:00:00,5.765666666666667
2019-04-13 15:30:00,5.765666666666667
2019-04-13 16:00:00,5.765666666666667
2019-04-13 16:30:00,5.765666666666667
2019-04-13 17:00:00,8.689666666666668
2019-04-13 17:30:00,2.924
2019-04-13 18:00:00,2.924
2019-04-13 18:30:00,8.708
2019-04-13 19:00:00,5.784
2019-04-13 19:30:00,5.784
2019-04-13 20:00:00,5.784
2019-04-13 20:30:00,0.0
2019-04-13 21:00:00,0.0
2019-04-13 21:30:00,0.0
2019-04-13 22:00:00,0.0
2019-04-13 22:30:00,0.0
2019-04-13 23:00:00,0.0
2019-04-13 23:30:00,0.0
2019-04-14 00:00:00,0.0
2019-04-14 00:30:00,0.0
2019-04-14 01:00:00,0.0
2019-04-14 01:30:00,0.0
2019-04-14 02:00:00,0.0
2019-04-14 02:30:00,0.0
2019-04-14 03:00:00,0.0
2019-04-14 03:30:00,0.0
2019-04-14 04:00:00,0.0
2019-04-14 04:30:00,0.0
2019-04-14 05:00:00,0.0
2019-04-14 05:30:00,0.0
2019-04-14 06:00:00,0.0
2019-04-14 06:30:00,0.0
2019-04-14 07:00:00,0.0
2019-04-14 07:30:00,0.0
2019-04-14 08:00:00,0.0
2019-04-14 08:30:00,0.0
2019-04-14 09:00:00,0.0
2019-04-14 09:30:00,0.0
2019-04-14 10:00:00,0.0
2019-04-14 10:30:00,0.0
2019-04-14 11:00:00,0.0
2019-04-14 11:30:00,0.0
2019-04-14 12:00:00,0.0
2019-04-14 12:30:00,0.0
2019-04-14 13:00:00,0.0
2019-04-14 13:30:00,0.0
2019-04-14 14:00:00,0.0
2019-04-14 14:30:00,0.0
2019-04-14 15:00:00,0.0
2019-04-14 15:30:00,0.0
2019-04-14 16:00:00,0.0
2019-04-14 16:30:00,3.3365714285714287
2019-04-14 17:00:00,3.3365714285714287
2019-04-14 17:30:00,3.3365714285714287
2019-04-14 18:00:00,3.3365714285714287
2019-04-14 18:30:00,3.3365714285714287
2019-04-14 19:00:00,3.3365714285714287
2019-04-14 19:30:00,3.3365714285714287
2019-04-14 20:00:00,0.0
2019-04-14 20:30:00,0.0
2019-04-14 21:00:00,0.0
2019-04-14 21:30:00,0.0
2019-04-14 22:00:00,0.0
2019-04-14 22:30:00,0.0
2019-04-14 23:00:00,0.0
2019-04-14 23:30:00,0.0
2019-04-15 00:00:00,0.0
2019-04-15 00:30:00,0.0
2019-04-15 01:00:00,0.0
2019-04-15 01:30:00,0.0
2019-04-15 02:00:00,0.0
2019-04-15 02:30:00,0.0
2019-04-15 03:00:00,0.0
2019-04-15 03:30:00,0.0
2019-04-15 04:00:00,0.0
2019-04-15 04:30:00,0.0
2019-04-15 05:00:00,0.0
2019-04-15 05:30:00,0.0
2019-04-15 06:00:00,0.0
2019-04-15 06:30:00,0.0
2019-04-15 07:00:00,0.0
2019-04-15 07:30:00,0.0
2019-04-15 08:00:00,0.0
2019-04-15 08:30:00,0.0
2019-04-15 09:00:00,0.0
2019-04-15 09:30:00,0.0
2019-04-15 10:00:00,0.0
2019-04-15 10:30:00,0.0
2019-04-15 11:00:00,0.0
2019-04-15 11:30:00,0.0
2019-04-15 12:00:00,6.554555555555556
2019-04-15 12:30:00,8.660373737373737
2019-04-15 13:00:00,32.32842316017316
2019-04-15 13:30:00,54.266230303030305
2019-04-15 14:00:00,93.37434036986406
2019-04-15 14:30:00,155.19111469086468
2019-04-15 15:00:00,154.60764802419803
2019-04-15 15:30:00,154.60764802419803
2019-04-15 16:00:00,154.60764802419803
2019-04-15 16:30:00,149.52809246864246
2019-04-15 17:00:00,131.10809961149963
2019-04-15 17:30:00,122.93158770673772
2019-04-15 18:00:00,118.10861476301477
2019-04-15 18:30:00,106.35159658119659
2019-04-15 19:00:00,111.1174188034188
2019-04-15 19:30:00,117.52101880341881
2019-04-15 20:00:00,117.82810321900322
2019-04-15 20:30:00,117.75934131424131
2019-04-15 21:00:00,104.44760505050505
2019-04-15 21:30:00,91.6687523032523
2019-04-15 22:00:00,81.72103008103008
2019-04-15 22:30:00,80.95316341436342
2019-04-15 23:00:00,76.01427452547452
2019-04-15 23:30:00,59.93088271260903
2019-04-16 00:00:00,35.92110140774258
2019-04-16 00:30:00,20.642134741075918
2019-04-16 01:00:00,20.642134741075918
2019-04-16 01:30:00,12.68546807440925
2019-04-16 02:00:00,12.68546807440925
2019-04-16 02:30:00,13.432579185520362
2019-04-16 03:00:00,13.432579185520362
2019-04-16 03:30:00,13.432579185520362
2019-04-16 04:00:00,7.896117647058824
2019-04-16 04:30:00,7.896117647058824
2019-04-16 05:00:00,7.896117647058824
2019-04-16 05:30:00,1.5674509803921568
2019-04-16 06:00:00,1.5674509803921568
2019-04-16 06:30:00,1.5674509803921568
2019-04-16 07:00:00,1.5674509803921568
2019-04-16 07:30:00,1.5674509803921568
2019-04-16 08:00:00,1.5674509803921568
2019-04-16 08:30:00,1.5674509803921568
2019-04-16 09:00:00,1.5674509803921568
2019-04-16 09:30:00,1.5674509803921568
2019-04-16 10:00:00,1.5674509803921568
2019-04-16 10:30:00,1.5674509803921568
2019-04-16 11:00:00,1.5674509803921568
2019-04-16 11:30:00,1.5674509803921568
2019-04-16 12:00:00,1.5674509803921568
2019-04-16 12:30:00,3.604360071301248
2019-04-16 13:00:00,25.869712818553996
2019-04-16 13:30:00,55.45789218363336
2019-04-16 14:00:00,93.13990805664923
2019-04-16 14:30:00,167.82789121238238
2019-04-16 15:00:00,162.9753912123824
2019-04-16 15:30:00,158.4547912123824
2019-04-16 16:00:00,153.5489023234935
2019-04-16 16:30:00,146.68158803777922
2019-04-16 17:00:00,138.9663880377792
2019-04-16 17:30:00,133.53505470444588
2019-04-16 18:00:00,122.8968440262352
2019-04-16 18:30:00,104.78916069290187
2019-04-16 19:00:00,93.8712132181544
2019-04-16 19:30:00,81.05732347456465
2019-04-16 20:00:00,78.43023256547374
2019-04-16 20:30:00,79.68027224801342
2019-04-16 21:00:00,84.07499825533944
2019-04-16 21:30:00,64.99556016010133
2019-04-16 22:00:00,53.48451016010134
2019-04-16 22:30:00,50.54873238232356
2019-04-16 23:00:00,66.73802127121245
2019-04-16 23:30:00,60.44962127121245
2019-04-17 00:00:00,52.2201590863385
2019-04-17 00:30:00,28.62826211664153
2019-04-17 01:00:00,23.336039894419304
2019-04-17 01:30:00,15.764188914027148
2019-04-17 02:00:00,6.174823529411764
2019-04-17 02:30:00,6.174823529411764
2019-04-17 03:00:00,6.174823529411764
2019-04-17 03:30:00,6.174823529411764
2019-04-17 04:00:00,6.174823529411764
2019-04-17 04:30:00,6.174823529411764
2019-04-17 05:00:00,6.174823529411764
2019-04-17 05:30:00,6.174823529411764
2019-04-17 06:00:00,6.174823529411764
2019-04-17 06:30:00,6.174823529411764
2019-04-17 07:00:00,6.174823529411764
2019-04-17 07:30:00,6.174823529411764
2019-04-17 08:00:00,6.174823529411764
2019-04-17 08:30:00,0.0
2019-04-17 09:00:00,0.0
2019-04-17 09:30:00,0.0
2019-04-17 10:00:00,0.0
2019-04-17 10:30:00,0.0
2019-04-17 11:00:00,0.0
2019-04-17 11:30:00,0.0
2019-04-17 12:00:00,0.0
2019-04-17 12:30:00,8.221239393939394
2019-04-17 13:00:00,21.40685606060606
2019-04-17 13:30:00,48.55813298368298
2019-04-17 14:00:00,74.51775716668952
2019-04-17 14:30:00,120.42811611329847
2019-04-17 15:00:00,141.49155478573715
2019-04-17 15:30:00,137.48005478573714
2019-04-17 16:00:00,132.53585478573714
2019-04-17 16:30:00,123.49982145240381
2019-04-17 17:00:00,118.46340478573714
2019-04-17 17:30:00,106.60907145240381
2019-04-17 18:00:00,92.73391907145142
2019-04-17 18:30:00,74.52074050002285
2019-04-17 19:00:00,66.67094050002285
2019-04-17 19:30:00,71.0147849444673
2019-04-17 20:00:00,56.169538757321114
2019-04-17 20:30:00,43.24175087853323
2019-04-17 21:00:00,46.86808421186657
2019-04-17 21:30:00,52.597955640437995
2019-04-17 22:00:00,41.33982230710466
2019-04-17 22:30:00,39.43998701298701
2019-04-17 23:00:00,39.35826479076479
2019-04-17 23:30:00,27.466404761904762
2019-04-18 00:00:00,18.48527142857143
2019-04-18 00:30:00,15.818671428571427
2019-04-18 01:00:00,3.29
2019-04-18 01:30:00,3.29
2019-04-18 02:00:00,6.233666666666666
2019-04-18 02:30:00,2.9436666666666667
2019-04-18 03:00:00,2.9436666666666667
2019-04-18 03:30:00,2.9436666666666667
2019-04-18 04:00:00,2.9436666666666667
2019-04-18 04:30:00,2.9436666666666667
2019-04-18 05:00:00,0.0
2019-04-18 05:30:00,0.0
2019-04-18 06:00:00,0.0
2019-04-18 06:30:00,0.0
2019-04-18 07:00:00,0.0
2019-04-18 07:30:00,0.0
2019-04-18 08:00:00,0.0
2019-04-18 08:30:00,0.0
2019-04-18 09:00:00,0.0
2019-04-18 09:30:00,0.0
2019-04-18 10:00:00,0.0
2019-04-18 10:30:00,0.0
2019-04-18 11:00:00,0.0
2019-04-18 11:30:00,2.967
2019-04-18 12:00:00,2.967
2019-04-18 12:30:00,12.596878571428572
2019-04-18 13:00:00,24.756126852559206
2019-04-18 13:30:00,41.67276453709689
2019-04-18 14:00:00,78.01098969510059
2019-04-18 14:30:00,129.79274185960276
2019-04-18 15:00:00,147.600537097698
2019-04-18 15:30:00,153.48487043103134
2019-04-18 16:00:00,139.51427519293608
2019-04-18 16:30:00,125.13403947865038
2019-04-18 17:00:00,118.00913947865038
2019-04-18 17:30:00,112.17619662150751
2019-04-18 18:00:00,95.29608154214245
2019-04-18 18:30:00,74.72834236465326
2019-04-18 19:00:00,60.20860297071387
2019-04-18 19:30:00,60.20860297071387
2019-04-18 20:00:00,47.33445951417041
2019-04-18 20:30:00,56.08595951417041
2019-04-18 21:00:00,56.08595951417041
2019-04-18 21:30:00,51.28315279148134
2019-04-18 22:00:00,63.85942779148134
2019-04-18 22:30:00,56.83387223592578
2019-04-18 23:00:00,57.29187223592578
2019-04-18 23:30:00,53.12176120835686
2019-04-19 00:00:00,45.34506120835686
2019-04-19 00:30:00,19.82460882740448
2019-04-19 01:00:00,14.609275494071145
2019-04-19 01:30:00,12.4789
2019-04-19 02:00:00,9.0465
2019-04-19 02:30:00,8.808499999999999
2019-04-19 03:00:00,2.8075
2019-04-19 03:30:00,2.8075
2019-04-19 04:00:00,2.8075
2019-04-19 04:30:00,9.7975
2019-04-19 05:00:00,6.8655
2019-04-19 05:30:00,6.8655
2019-04-19 06:00:00,6.8655
2019-04-19 06:30:00,0.0
2019-04-19 07:00:00,0.0
2019-04-19 07:30:00,0.0
2019-04-19 08:00:00,0.0
2019-04-19 08:30:00,0.0
2019-04-19 09:00:00,0.0
2019-04-19 09:30:00,0.0
2019-04-19 10:00:00,0.0
2019-04-19 10:30:00,0.0
2019-04-19 11:00:00,0.0
2019-04-19 11:30:00,0.0
2019-04-19 12:00:00,9.79659829059829
2019-04-19 12:30:00,20.514792735042736
2019-04-19 13:00:00,33.73527758352758
2019-04-19 13:30:00,58.00285853590854
2019-04-19 14:00:00,94.28505551393052
2019-04-19 14:30:00,155.14689707237207
2019-04-19 15:00:00,159.80689707237207
2019-04-19 15:30:00,155.72589707237208
2019-04-19 16:00:00,153.03469707237207
2019-04-19 16:30:00,142.48963596126097
2019-04-19 17:00:00,133.0583931041181
2019-04-19 17:30:00,115.17740897713398
2019-04-19 18:00:00,108.58936135808636
2019-04-19 18:30:00,101.33358933011434
2019-04-19 19:00:00,106.59983218725718
2019-04-19 19:30:00,85.77909885392386
2019-04-19 20:00:00,83.72437158119658
2019-04-19 20:30:00,87.49799246031746
2019-04-19 21:00:00,80.33375674603174
2019-04-19 21:30:00,68.2168123015873
2019-04-19 22:00:00,72.45005952380953
2019-04-19 22:30:00,68.57544047619048
2019-04-19 23:00:00,68.45544047619047
2019-04-19 23:30:00,38.23310714285714
2019-04-20 00:00:00,33.01390714285714
2019-04-20 00:30:00,13.980607142857142
2019-04-20 01:00:00,13.489690476190475
2019-04-20 01:30:00,10.333190476190476
2019-04-20 02:00:00,11.058083333333332
2019-04-20 02:30:00,6.13275
2019-04-20 03:00:00,6.13275
2019-04-20 03:30:00,8.86925
2019-04-20 04:00:00,8.86925
2019-04-20 04:30:00,8.86925
2019-04-20 05:00:00,8.86925
2019-04-20 05:30:00,6.13275
2019-04-20 06:00:00,0.0
2019-04-20 06:30:00,0.0
2019-04-20 07:00:00,0.0
2019-04-20 07:30:00,0.0
2019-04-20 08:00:00,0.0
2019-04-20 08:30:00,0.0
2019-04-20 09:00:00,0.0
2019-04-20 09:30:00,0.0
2019-04-20 10:00:00,0.0
2019-04-20 10:30:00,0.0
2019-04-20 11:00:00,0.0
2019-04-20 11:30:00,0.0
2019-04-20 12:00:00,0.0
2019-04-20 12:30:00,0.0
2019-04-20 13:00:00,0.0
2019-04-20 13:30:00,0.0
2019-04-20 14:00:00,0.0
2019-04-20 14:30:00,0.0
2019-04-20 15:00:00,0.0
2019-04-20 15:30:00,0.0
2019-04-20 16:00:00,0.0
2019-04-20 16:30:00,2.7016666666666667
2019-04-20 17:00:00,2.7016666666666667
2019-04-20 17:30:00,2.7016666666666667
2019-04-20 18:00:00,2.7016666666666667
2019-04-20 18:30:00,2.7016666666666667
2019-04-20 19:00:00,2.7016666666666667
2019-04-20 19:30:00,0.0
2019-04-20 20:00:00,0.0
2019-04-20 20:30:00,2.231
2019-04-20 21:00:00,2.231
2019-04-20 21:30:00,0.0
2019-04-20 22:00:00,0.0
2019-04-20 22:30:00,0.0
2019-04-20 23:00:00,0.0
2019-04-20 23:30:00,0.0
2019-04-21 00:00:00,0.0
2019-04-21 00:30:00,0.0
2019-04-21 01:00:00,0.0
2019-04-21 01:30:00,0.0
2019-04-21 02:00:00,0.0
2019-04-21 02:30:00,0.0
2019-04-21 03:00:00,0.0
2019-04-21 03:30:00,0.0
2019-04-21 04:00:00,0.0
2019-04-21 04:30:00,0.0
2019-04-21 05:00:00,0.0
2019-04-21 05:30:00,0.0
2019-04-21 06:00:00,0.0
2019-04-21 06:30:00,0.0
2019-04-21 07:00:00,0.0
2019-04-21 07:30:00,0.0
2019-04-21 08:00:00,0.0
2019-04-21 08:30:00,0.0
2019-04-21 09:00:00,0.0
2019-04-21 09:30:00,0.0
2019-04-21 10:00:00,0.0
2019-04-21 10:30:00,0.0
2019-04-21 11:00:00,0.0
2019-04-21 11:30:00,0.0
2019-04-21 12:00:00,0.0
2019-04-21 12:30:00,0.0
2019-04-21 13:00:00,0.0
2019-04-21 13:30:00,0.0
2019-04-21 14:00:00,0.0
2019-04-21 14:30:00,0.0
2019-04-21 15:00:00,0.0
2019-04-21 15:30:00,0.0
2019-04-21 16:00:00,6.266
2019-04-21 16:30:00,6.266
2019-04-21 17:00:00,6.266
2019-04-21 17:30:00,6.266
2019-04-21 18:00:00,6.266
2019-04-21 18:30:00,0.0
2019-04-21 19:00:00,0.0
2019-04-21 19:30:00,5.754666666666666
2019-04-21 20:00:00,5.754666666666666
2019-04-21 20:30:00,5.754666666666666
2019-04-21 21:00:00,2.5065
2019-04-21 21:30:00,2.5065
2019-04-21 22:00:00,2.5065
2019-04-21 22:30:00,2.5065
2019-04-21 23:00:00,0.0
2019-04-21 23:30:00,0.0
2019-04-22 00:00:00,0.0
2019-04-22 00:30:00,0.0
2019-04-22 01:00:00,0.0
2019-04-22 01:30:00,0.0
2019-04-22 02:00:00,0.0
2019-04-22 02:30:00,0.0
2019-04-22 03:00:00,0.0
2019-04-22 03:30:00,0.0
2019-04-22 04:00:00,0.0
2019-04-22 04:30:00,0.0
2019-04-22 05:00:00,0.0
2019-04-22 05:30:00,0.0
2019-04-22 06:00:00,0.0
2019-04-22 06:30:00,0.0
2019-04-22 07:00:00,0.0
2019-04-22 07:30:00,0.0
2019-04-22 08:00:00,0.0
2019-04-22 08:30:00,0.0
2019-04-22 09:00:00,0.0
2019-04-22 09:30:00,0.0
2019-04-22 10:00:00,0.0
2019-04-22 10:30:00,0.0
2019-04-22 11:00:00,0.0
2019-04-22 11:30:00,0.0
2019-04-22 12:00:00,5.5638000000000005
2019-04-22 12:30:00,12.4948
2019-04-22 13:00:00,22.73905
2019-04-22 13:30:00,54.66963898944193
2019-04-22 14:00:00,93.95217168392323
2019-04-22 14:30:00,164.58146482117814
2019-04-22 15:00:00,164.96717910689242
2019-04-22 15:30:00,162.147734662448
2019-04-22 16:00:00,150.11953466244796
2019-04-22 16:30:00,138.88450132911464
2019-04-22 17:00:00,129.56468466244797
2019-04-22 17:30:00,123.42694656720988
2019-04-22 18:00:00,122.64161323387654
2019-04-22 18:30:00,92.2476187894321
2019-04-22 19:00:00,76.04500767832099
2019-04-22 19:30:00,75.03249858741191
2019-04-22 20:00:00,68.47214816006148
2019-04-22 20:30:00,58.81454816006148
2019-04-22 21:00:00,64.94021482672814
2019-04-22 21:30:00,73.90596482672814
2019-04-22 22:00:00,70.5569564233668
2019-04-22 22:30:00,81.05527995277856
2019-04-22 23:00:00,90.36620348219033
2019-04-22 23:30:00,60.06734090909091
2019-04-23 00:00:00,41.892340909090905
2019-04-23 00:30:00,41.34950757575758
2019-04-23 01:00:00,31.927516666666666
2019-04-23 01:30:00,21.4576
2019-04-23 02:00:00,21.4576
2019-04-23 02:30:00,21.4576
2019-04-23 03:00:00,12.038933333333333
2019-04-23 03:30:00,0.0
2019-04-23 04:00:00,2.655
2019-04-23 04:30:00,2.655
2019-04-23 05:00:00,2.655
2019-04-23 05:30:00,2.655
2019-04-23 06:00:00,0.0
2019-04-23 06:30:00,0.0
2019-04-23 07:00:00,0.0
2019-04-23 07:30:00,0.0
2019-04-23 08:00:00,0.0
2019-04-23 08:30:00,0.0
2019-04-23 09:00:00,0.0
2019-04-23 09:30:00,0.0
2019-04-23 10:00:00,0.0
2019-04-23 10:30:00,0.0
2019-04-23 11:00:00,0.0
2019-04-23 11:30:00,0.0
2019-04-23 12:00:00,0.0
2019-04-23 12:30:00,6.334603174603174
2019-04-23 13:00:00,23.032357603686634
2019-04-23 13:30:00,70.35521935468074
2019-04-23 14:00:00,106.18220307154867
2019-04-23 14:30:00,153.79333193157754
2019-04-23 15:00:00,153.79333193157754
2019-04-23 15:30:00,137.52153193157753
2019-04-23 16:00:00,128.00481764586326
2019-04-23 16:30:00,114.78180336014896
2019-04-23 17:00:00,98.89660018554578
2019-04-23 17:30:00,91.22635812205371
2019-04-23 18:00:00,91.22635812205371
2019-04-23 18:30:00,88.91795466440026
2019-04-23 19:00:00,81.37667991692551
2019-04-23 19:30:00,73.41470589095148
2019-04-23 20:00:00,68.57597861822421
2019-04-23 20:30:00,56.41002623727183
2019-04-23 21:00:00,56.749359570605165
2019-04-23 21:30:00,53.65996909441469
2019-04-23 22:00:00,57.14973380029704
2019-04-23 22:30:00,50.63948380029704
2019-04-23 23:00:00,54.47291237172561
2019-04-23 23:30:00,68.40077728400631
2019-04-24 00:00:00,58.91841364764268
2019-04-24 00:30:00,44.442246980976016
2019-04-24 01:00:00,31.50777518610422
2019-04-24 01:30:00,24.886275186104218
2019-04-24 02:00:00,27.399875186104218
2019-04-24 02:30:00,18.058529032258065
2019-04-24 03:00:00,15.252529032258064
2019-04-24 03:30:00,9.846129032258064
2019-04-24 04:00:00,9.846129032258064
2019-04-24 04:30:00,13.4532
2019-04-24 05:00:00,13.4532
2019-04-24 05:30:00,5.8072
2019-04-24 06:00:00,5.8072
2019-04-24 06:30:00,5.8072
2019-04-24 07:00:00,0.0
2019-04-24 07:30:00,0.0
2019-04-24 08:00:00,0.0
2019-04-24 08:30:00,0.0
2019-04-24 09:00:00,0.0
2019-04-24 09:30:00,0.0
2019-04-24 10:00:00,0.0
2019-04-24 10:30:00,0.0
2019-04-24 11:00:00,0.0
2019-04-24 11:30:00,0.0
2019-04-24 12:00:00,0.0
2019-04-24 12:30:00,2.3652
2019-04-24 13:00:00,9.351866666666666
2019-04-24 13:30:00,42.353057142857146
2019-04-24 14:00:00,106.75756064182636
2019-04-24 14:30:00,156.39670295784367
2019-04-24 15:00:00,162.22310295784368
2019-04-24 15:30:00,162.22310295784368
2019-04-24 16:00:00,152.67360295784366
2019-04-24 16:30:00,147.24870295784368
2019-04-24 17:00:00,132.8739124816532
2019-04-24 17:30:00,116.96964581498654
2019-04-24 18:00:00,102.476086291177
2019-04-24 18:30:00,87.20594740228812
2019-04-24 19:00:00,87.56810901844973
2019-04-24 19:30:00,79.04353326087397
2019-04-24 20:00:00,78.41481997416068
2019-04-24 20:30:00,79.3427515980923
2019-04-24 21:00:00,79.3427515980923
2019-04-24 21:30:00,70.30060874094946
2019-04-24 22:00:00,78.15576707428279
2019-04-24 22:30:00,82.12611560369456
2019-04-24 23:00:00,105.81644893702789
2019-04-24 23:30:00,93.87440215340216
2019-04-25 00:00:00,75.57840215340215
2019-04-25 00:30:00,34.853229426129424
2019-04-25 01:00:00,14.445623076923077
2019-04-25 01:30:00,14.445623076923077
2019-04-25 02:00:00,7.937123076923077
2019-04-25 02:30:00,6.0042
2019-04-25 03:00:00,0.0
2019-04-25 03:30:00,0.0
2019-04-25 04:00:00,0.0
2019-04-25 04:30:00,0.0
2019-04-25 05:00:00,0.0
2019-04-25 05:30:00,2.824
2019-04-25 06:00:00,2.824
2019-04-25 06:30:00,2.824
2019-04-25 07:00:00,2.824
2019-04-25 07:30:00,0.0
2019-04-25 08:00:00,0.0
2019-04-25 08:30:00,0.0
2019-04-25 09:00:00,0.0
2019-04-25 09:30:00,0.0
2019-04-25 10:00:00,0.0
2019-04-25 10:30:00,0.0
2019-04-25 11:00:00,0.0
2019-04-25 11:30:00,0.0
2019-04-25 12:00:00,3.753125
2019-04-25 12:30:00,8.064252272727273
2019-04-25 13:00:00,27.925829084321474
2019-04-25 13:30:00,53.68579964709204
2019-04-25 14:00:00,96.30087638701877
2019-04-25 14:30:00,146.17101204025442
2019-04-25 15:00:00,158.58428823073064
2019-04-25 15:30:00,153.54748823073064
2019-04-25 16:00:00,153.05148823073063
2019-04-25 16:30:00,138.88608823073062
2019-04-25 17:00:00,117.23453584977824
2019-04-25 17:30:00,103.86709775454014
2019-04-25 18:00:00,95.21855381514621
2019-04-25 18:30:00,79.66835540244779
2019-04-25 19:00:00,77.05584277618517
2019-04-25 19:30:00,71.5773761095185
2019-04-25 20:00:00,77.93863206189945
2019-04-25 20:30:00,57.92065770292509
2019-04-25 21:00:00,44.61904744651484
2019-04-25 21:30:00,38.88319030365769
2019-04-25 22:00:00,41.95852363699103
2019-04-25 22:30:00,41.95852363699103
2019-04-25 23:00:00,45.21022443064182
2019-04-25 23:30:00,42.89684347826087
2019-04-26 00:00:00,39.709510144927535
2019-04-26 00:30:00,25.333752380952383
2019-04-26 01:00:00,11.370228571428571
2019-04-26 01:30:00,8.237428571428572
2019-04-26 02:00:00,8.237428571428572
2019-04-26 02:30:00,0.0
2019-04-26 03:00:00,0.0
2019-04-26 03:30:00,0.0
2019-04-26 04:00:00,2.8255
2019-04-26 04:30:00,2.8255
2019-04-26 05:00:00,2.8255
2019-04-26 05:30:00,2.8255
2019-04-26 06:00:00,0.0
2019-04-26 06:30:00,0.0
2019-04-26 07:00:00,0.0
2019-04-26 07:30:00,0.0
2019-04-26 08:00:00,0.0
2019-04-26 08:30:00,0.0
2019-04-26 09:00:00,0.0
2019-04-26 09:30:00,0.0
2019-04-26 10:00:00,0.0
2019-04-26 10:30:00,0.0
2019-04-26 11:00:00,0.0
2019-04-26 11:30:00,0.0
2019-04-26 12:00:00,0.0
2019-04-26 12:30:00,0.0
2019-04-26 13:00:00,2.9034285714285715
2019-04-26 13:30:00,2.9034285714285715
2019-04-26 14:00:00,2.9034285714285715
2019-04-26 14:30:00,19.14759523809524
2019-04-26 15:00:00,25.03259523809524
2019-04-26 15:30:00,46.29396031746032
2019-04-26 16:00:00,44.772576984126985
2019-04-26 16:30:00,55.02511900093371
2019-04-26 17:00:00,59.66362654061625
2019-04-26 17:30:00,55.90679320728292
2019-04-26 18:00:00,49.47879320728291
2019-04-26 18:30:00,44.82999320728291
2019-04-26 19:00:00,40.348850350140054
2019-04-26 19:30:00,38.10085035014006
2019-04-26 20:00:00,26.667378127917836
2019-04-26 20:30:00,36.15483527077498
2019-04-26 21:00:00,43.94237098506069
2019-04-26 21:30:00,34.53675987394958
2019-04-26 22:00:00,29.03075987394958
2019-04-26 22:30:00,29.03075987394958
2019-04-26 23:00:00,23.73415987394958
2019-04-26 23:30:00,23.73415987394958
2019-04-27 00:00:00,21.10473130252101
2019-04-27 00:30:00,13.219245588235294
2019-04-27 01:00:00,4.7979
2019-04-27 01:30:00,4.7979
2019-04-27 02:00:00,0.0
2019-04-27 02:30:00,0.0
2019-04-27 03:00:00,0.0
2019-04-27 03:30:00,0.0
2019-04-27 04:00:00,0.0
2019-04-27 04:30:00,0.0
2019-04-27 05:00:00,0.0
2019-04-27 05:30:00,0.0
2019-04-27 06:00:00,0.0
2019-04-27 06:30:00,0.0
2019-04-27 07:00:00,0.0
2019-04-27 07:30:00,0.0
2019-04-27 08:00:00,0.0
2019-04-27 08:30:00,0.0
2019-04-27 09:00:00,0.0
2019-04-27 09:30:00,0.0
2019-04-27 10:00:00,0.0
2019-04-27 10:30:00,0.0
2019-04-27 11:00:00,0.0
2019-04-27 11:30:00,0.0
2019-04-27 12:00:00,0.0
2019-04-27 12:30:00,0.0
2019-04-27 13:00:00,0.0
2019-04-27 13:30:00,0.0
2019-04-27 14:00:00,0.0
2019-04-27 14:30:00,0.0
2019-04-27 15:00:00,0.0
2019-04-27 15:30:00,0.0
2019-04-27 16:00:00,0.0
2019-04-27 16:30:00,0.0
2019-04-27 17:00:00,0.0
2019-04-27 17:30:00,0.0
2019-04-27 18:00:00,0.0
2019-04-27 18:30:00,0.0
2019-04-27 19:00:00,0.0
2019-04-27 19:30:00,4.653111111111111
2019-04-27 20:00:00,4.653111111111111
2019-04-27 20:30:00,4.653111111111111
2019-04-27 21:00:00,4.653111111111111
2019-04-27 21:30:00,10.566611111111111
2019-04-27 22:00:00,10.566611111111111
2019-04-27 22:30:00,10.566611111111111
2019-04-27 23:00:00,10.566611111111111
2019-04-27 23:30:00,4.653111111111111
2019-04-28 00:00:00,0.0
2019-04-28 00:30:00,0.0
2019-04-28 01:00:00,0.0
2019-04-28 01:30:00,0.0
2019-04-28 02:00:00,0.0
2019-04-28 02:30:00,0.0
2019-04-28 03:00:00,0.0
2019-04-28 03:30:00,0.0
2019-04-28 04:00:00,0.0
2019-04-28 04:30:00,0.0
2019-04-28 05:00:00,0.0
2019-04-28 05:30:00,0.0
2019-04-28 06:00:00,0.0
2019-04-28 06:30:00,0.0
2019-04-28 07:00:00,0.0
2019-04-28 07:30:00,0.0
2019-04-28 08:00:00,0.0
2019-04-28 08:30:00,0.0
2019-04-28 09:00:00,0.0
2019-04-28 09:30:00,0.0
2019-04-28 10:00:00,0.0
2019-04-28 10:30:00,0.0
2019-04-28 11:00:00,0.0
2019-04-28 11:30:00,0.0
2019-04-28 12:00:00,0.0
2019-04-28 12:30:00,0.0
2019-04-28 13:00:00,0.0
2019-04-28 13:30:00,0.0
2019-04-28 14:00:00,0.0
2019-04-28 14:30:00,0.0
2019-04-28 15:00:00,0.0
2019-04-28 15:30:00,0.0
2019-04-28 16:00:00,0.0
2019-04-28 16:30:00,0.0
2019-04-28 17:00:00,0.0
2019-04-28 17:30:00,0.0
2019-04-28 18:00:00,0.0
2019-04-28 18:30:00,0.0
2019-04-28 19:00:00,0.0
2019-04-28 19:30:00,0.0
2019-04-28 20:00:00,0.0
2019-04-28 20:30:00,0.0
2019-04-28 21:00:00,0.0
2019-04-28 21:30:00,0.0
2019-04-28 22:00:00,0.0
2019-04-28 22:30:00,0.0
2019-04-28 23:00:00,0.0
2019-04-28 23:30:00,0.0
2019-04-29 00:00:00,0.0
2019-04-29 00:30:00,0.0
2019-04-29 01:00:00,0.0
2019-04-29 01:30:00,0.0
2019-04-29 02:00:00,0.0
2019-04-29 02:30:00,0.0
2019-04-29 03:00:00,0.0
2019-04-29 03:30:00,0.0
2019-04-29 04:00:00,0.0
2019-04-29 04:30:00,0.0
2019-04-29 05:00:00,0.0
2019-04-29 05:30:00,0.0
2019-04-29 06:00:00,0.0
2019-04-29 06:30:00,0.0
2019-04-29 07:00:00,0.0
2019-04-29 07:30:00,0.0
2019-04-29 08:00:00,0.0
2019-04-29 08:30:00,0.0
2019-04-29 09:00:00,0.0
2019-04-29 09:30:00,0.0
2019-04-29 10:00:00,0.0
2019-04-29 10:30:00,0.0
2019-04-29 11:00:00,0.0
2019-04-29 11:30:00,0.0
2019-04-29 12:00:00,3.264666666666667
2019-04-29 12:30:00,13.298993939393938
2019-04-29 13:00:00,31.732418181818183
2019-04-29 13:30:00,52.07069862914863
2019-04-29 14:00:00,92.856639093947
2019-04-29 14:30:00,135.72647159314712
2019-04-29 15:00:00,143.30795931244538
2019-04-29 15:30:00,144.61195931244538
2019-04-29 16:00:00,133.38675931244538
2019-04-29 16:30:00,130.1220926457787
2019-04-29 17:00:00,128.38091617519046
2019-04-29 17:30:00,113.10152331804763
2019-04-29 18:00:00,106.23087887360317
2019-04-29 18:30:00,89.93034315931746
2019-04-29 19:00:00,83.99728255325685
2019-04-29 19:30:00,76.88944047866478
2019-04-29 20:00:00,75.64617640940071
2019-04-29 20:30:00,75.62966212368643
2019-04-29 21:00:00,66.2970210980454
2019-04-29 21:30:00,59.69168776471207
2019-04-29 22:00:00,75.04564014566445
2019-04-29 22:30:00,75.99616236788667
2019-04-29 23:00:00,77.76119766200432
2019-04-29 23:30:00,64.52182523472399
2019-04-30 00:00:00,46.78296765896642
2019-04-30 00:30:00,43.332546606334844
2019-04-30 01:00:00,28.342746606334842
2019-04-30 01:30:00,13.196123076923078
2019-04-30 02:00:00,8.4632
2019-04-30 02:30:00,3.0300000000000002
2019-04-30 03:00:00,3.0300000000000002
2019-04-30 03:30:00,3.0300000000000002
2019-04-30 04:00:00,3.0300000000000002
2019-04-30 04:30:00,3.7612857142857146
2019-04-30 05:00:00,0.7312857142857142
2019-04-30 05:30:00,0.7312857142857142
2019-04-30 06:00:00,0.7312857142857142
2019-04-30 06:30:00,0.7312857142857142
2019-04-30 07:00:00,0.7312857142857142
2019-04-30 07:30:00,0.7312857142857142
2019-04-30 08:00:00,0.7312857142857142
2019-04-30 08:30:00,0.7312857142857142
2019-04-30 09:00:00,0.7312857142857142
2019-04-30 09:30:00,0.7312857142857142
2019-04-30 10:00:00,0.7312857142857142
2019-04-30 10:30:00,0.7312857142857142
2019-04-30 11:00:00,0.7312857142857142
2019-04-30 11:30:00,0.7312857142857142
2019-04-30 12:00:00,0.7312857142857142
2019-04-30 12:30:00,0.7312857142857142
2019-04-30 13:00:00,0.7312857142857142
2019-04-30 13:30:00,62.61717364857365
2019-04-30 14:00:00,84.53381425499165
2019-04-30 14:30:00,143.376475060526
2019-04-30 15:00:00,152.9131319232711
2019-04-30 15:30:00,149.0541319232711
2019-04-30 16:00:00,144.4072319232711
2019-04-30 16:30:00,140.53923192327107
2019-04-30 17:00:00,122.8746176375568
2019-04-30 17:30:00,115.07254620898537
2019-04-30 18:00:00,109.72508589152505
2019-04-30 18:30:00,97.86174462168378
2019-04-30 19:00:00,101.56960522774439
2019-04-30 19:30:00,86.86871951345867
2019-04-30 20:00:00,86.56425004958922
2019-04-30 20:30:00,84.63139290673207
2019-04-30 21:00:00,82.52244052577969
2019-04-30 21:30:00,79.52988926527549
2019-04-30 22:00:00,73.96088926527548
2019-04-30 22:30:00,73.42085429795523
2019-04-30 23:00:00,71.58223945201685
2019-04-30 23:30:00,56.19058726763433
2019-05-01 00:00:00,48.835530124777186
2019-05-01 00:30:00,28.009358263305323
2019-05-01 01:00:00,16.413658263305322
2019-05-01 01:30:00,14.404324929971988
2019-05-01 02:00:00,8.938991596638655
2019-05-01 02:30:00,4.600705882352941
2019-05-01 03:00:00,4.600705882352941
2019-05-01 03:30:00,6.933905882352942
2019-05-01 04:00:00,6.933905882352942
2019-05-01 04:30:00,6.933905882352942
2019-05-01 05:00:00,6.933905882352942
2019-05-01 05:30:00,6.933905882352942
2019-05-01 06:00:00,0.0
2019-05-01 06:30:00,0.0
2019-05-01 07:00:00,0.0
2019-05-01 07:30:00,0.0
2019-05-01 08:00:00,0.0
2019-05-01 08:30:00,0.0
2019-05-01 09:00:00,0.0
2019-05-01 09:30:00,0.0
2019-05-01 10:00:00,0.0
2019-05-01 10:30:00,0.0
2019-05-01 11:00:00,0.0
2019-05-01 11:30:00,0.0
2019-05-01 12:00:00,3.902173913043478
2019-05-01 12:30:00,9.812907246376811
2019-05-01 13:00:00,38.33438366995323
2019-05-01 13:30:00,69.06091556501896
2019-05-01 14:00:00,109.97477014622207
2019-05-01 14:30:00,159.75151180361868
2019-05-01 15:00:00,157.652845136952
2019-05-01 15:30:00,155.314445136952
2019-05-01 16:00:00,151.38111180361867
2019-05-01 16:30:00,145.93511180361867
2019-05-01 17:00:00,129.9710689464758
2019-05-01 17:30:00,120.17722370838058
2019-05-01 18:00:00,120.97214807812848
2019-05-01 18:30:00,95.24951322964364
2019-05-01 19:00:00,81.94280211853253
2019-05-01 19:30:00,80.41281011054052
2019-05-01 20:00:00,66.68816002729044
2019-05-01 20:30:00,52.72930654743695
2019-05-01 21:00:00,52.48959226172266
2019-05-01 21:30:00,54.998550595055995
2019-05-01 22:00:00,62.08319324211482
2019-05-01 22:30:00,69.02337363427168
2019-05-01 23:00:00,63.04262013287112
2019-05-01 23:30:00,64.12644621982764
2019-05-02 00:00:00,47.37213043035396
2019-05-02 00:30:00,41.20715900178253
2019-05-02 01:00:00,15.459686274509805
2019-05-02 01:30:00,13.327686274509805
2019-05-02 02:00:00,10.87785294117647
2019-05-02 02:30:00,4.9655000000000005
2019-05-02 03:00:00,4.9655000000000005
2019-05-02 03:30:00,4.9655000000000005
2019-05-02 04:00:00,2.18
2019-05-02 04:30:00,2.18
2019-05-02 05:00:00,2.18
2019-05-02 05:30:00,2.18
2019-05-02 06:00:00,2.18
2019-05-02 06:30:00,2.18
2019-05-02 07:00:00,2.18
2019-05-02 07:30:00,0.0
2019-05-02 08:00:00,0.0
2019-05-02 08:30:00,0.0
2019-05-02 09:00:00,0.0
2019-05-02 09:30:00,0.0
2019-05-02 10:00:00,0.0
2019-05-02 10:30:00,0.0
2019-05-02 11:00:00,0.0
2019-05-02 11:30:00,0.0
2019-05-02 12:00:00,0.0
2019-05-02 12:30:00,12.483441666666668
2019-05-02 13:00:00,40.71638433706816
2019-05-02 13:30:00,70.77254294512677
2019-05-02 14:00:00,125.17526929947417
2019-05-02 14:30:00,168.61772646746957
2019-05-02 15:00:00,165.9582264674696
2019-05-02 15:30:00,151.98382646746958
2019-05-02 16:00:00,141.49065980080292
2019-05-02 16:30:00,131.29905980080292
2019-05-02 17:00:00,116.53935503889815
2019-05-02 17:30:00,97.84616138810449
2019-05-02 18:00:00,89.66988995953307
2019-05-02 18:30:00,91.3834732928664
2019-05-02 19:00:00,83.26216218175529
2019-05-02 19:30:00,90.94626824236136
2019-05-02 20:00:00,83.1921143962075
2019-05-02 20:30:00,74.39489324236135
2019-05-02 21:00:00,56.86257785774597
2019-05-02 21:30:00,56.46620979051907
2019-05-02 22:00:00,58.044209790519076
2019-05-02 22:30:00,55.42004312385241
2019-05-02 23:00:00,49.419636261107314
2019-05-02 23:30:00,45.518889393939396
2019-05-03 00:00:00,35.90508939393939
2019-05-03 00:30:00,28.404589393939393
2019-05-03 01:00:00,19.51631666666667
2019-05-03 01:30:00,31.02831666666667
2019-05-03 02:00:00,20.79191666666667
2019-05-03 02:30:00,8.504750000000001
2019-05-03 03:00:00,5.5360000000000005
2019-05-03 03:30:00,5.5360000000000005
2019-05-03 04:00:00,5.5360000000000005
2019-05-03 04:30:00,0.0
2019-05-03 05:00:00,0.0
2019-05-03 05:30:00,0.0
2019-05-03 06:00:00,0.0
2019-05-03 06:30:00,0.0
2019-05-03 07:00:00,0.0
2019-05-03 07:30:00,0.0
2019-05-03 08:00:00,0.0
2019-05-03 08:30:00,0.0
2019-05-03 09:00:00,0.0
2019-05-03 09:30:00,0.0
2019-05-03 10:00:00,0.0
2019-05-03 10:30:00,0.0
2019-05-03 11:00:00,0.0
2019-05-03 11:30:00,0.0
2019-05-03 12:00:00,0.0
2019-05-03 12:30:00,11.685612681436211
2019-05-03 13:00:00,38.336959073932604
2019-05-03 13:30:00,78.12974433963309
2019-05-03 14:00:00,123.33622767296642
2019-05-03 14:30:00,161.85838678427993
2019-05-03 15:00:00,161.85838678427993
2019-05-03 15:30:00,156.26542845094662
2019-05-03 16:00:00,147.2755284509466
2019-05-03 16:30:00,139.32998559380374
2019-05-03 17:00:00,119.90156892713709
2019-05-03 17:30:00,110.54487448269263
2019-05-03 18:00:00,86.96111394878211
2019-05-03 18:30:00,77.40083819120635
2019-05-03 19:00:00,78.07199692136508
2019-05-03 19:30:00,72.3792826356508
2019-05-03 20:00:00,72.49950990837807
2019-05-03 20:30:00,89.22967657504473
2019-05-03 21:00:00,85.83595183899646
2019-05-03 21:30:00,73.75961850566314
2019-05-03 22:00:00,74.54298517232981
2019-05-03 22:30:00,73.90960223582186
2019-05-03 23:00:00,72.55049439268461
2019-05-03 23:30:00,65.26490272601795
2019-05-04 00:00:00,44.39623605935128
2019-05-04 00:30:00,24.59086939268461
2019-05-04 01:00:00,11.14045634920635
2019-05-04 01:30:00,7.5234563492063495
2019-05-04 02:00:00,4.140027777777778
2019-05-04 02:30:00,4.140027777777778
2019-05-04 03:00:00,2.94625
2019-05-04 03:30:00,0.0
2019-05-04 04:00:00,2.827
2019-05-04 04:30:00,2.827
2019-05-04 05:00:00,2.827
2019-05-04 05:30:00,2.827
2019-05-04 06:00:00,0.0
2019-05-04 06:30:00,0.0
2019-05-04 07:00:00,6.603199999999999
2019-05-04 07:30:00,6.603199999999999
2019-05-04 08:00:00,6.603199999999999
2019-05-04 08:30:00,6.603199999999999
2019-05-04 09:00:00,6.603199999999999
2019-05-04 09:30:00,0.0
2019-05-04 10:00:00,0.0
2019-05-04 10:30:00,0.0
2019-05-04 11:00:00,0.0
2019-05-04 11:30:00,0.0
2019-05-04 12:00:00,0.0
2019-05-04 12:30:00,4.1112
2019-05-04 13:00:00,7.2457714285714285
2019-05-04 13:30:00,7.2457714285714285
2019-05-04 14:00:00,7.2457714285714285
2019-05-04 14:30:00,7.2457714285714285
2019-05-04 15:00:00,7.2457714285714285
2019-05-04 15:30:00,7.2457714285714285
2019-05-04 16:00:00,7.2457714285714285
2019-05-04 16:30:00,4.1112
2019-05-04 17:00:00,4.1112
2019-05-04 17:30:00,7.030866666666666
2019-05-04 18:00:00,10.060116666666667
2019-05-04 18:30:00,10.060116666666667
2019-05-04 19:00:00,10.060116666666667
2019-05-04 19:30:00,10.060116666666667
2019-05-04 20:00:00,10.060116666666667
2019-05-04 20:30:00,7.14045
2019-05-04 21:00:00,7.14045
2019-05-04 21:30:00,7.14045
2019-05-04 22:00:00,4.1112
2019-05-04 22:30:00,4.1112
2019-05-04 23:00:00,4.1112
2019-05-04 23:30:00,4.1112
2019-05-05 00:00:00,4.1112
2019-05-05 00:30:00,4.1112
2019-05-05 01:00:00,0.0
2019-05-05 01:30:00,0.0
2019-05-05 02:00:00,0.0
2019-05-05 02:30:00,0.0
2019-05-05 03:00:00,0.0
2019-05-05 03:30:00,0.0
2019-05-05 04:00:00,0.0
2019-05-05 04:30:00,0.0
2019-05-05 05:00:00,0.0
2019-05-05 05:30:00,0.0
2019-05-05 06:00:00,0.0
2019-05-05 06:30:00,0.0
2019-05-05 07:00:00,0.0
2019-05-05 07:30:00,0.0
2019-05-05 08:00:00,0.0
2019-05-05 08:30:00,0.0
2019-05-05 09:00:00,0.0
2019-05-05 09:30:00,0.0
2019-05-05 10:00:00,0.0
2019-05-05 10:30:00,0.0
2019-05-05 11:00:00,0.0
2019-05-05 11:30:00,0.0
2019-05-05 12:00:00,0.0
2019-05-05 12:30:00,0.0
2019-05-05 13:00:00,0.0
2019-05-05 13:30:00,0.0
2019-05-05 14:00:00,0.0
2019-05-05 14:30:00,0.0
2019-05-05 15:00:00,0.0
2019-05-05 15:30:00,0.0
2019-05-05 16:00:00,0.0
2019-05-05 16:30:00,0.0
2019-05-05 17:00:00,0.0
2019-05-05 17:30:00,0.0
2019-05-05 18:00:00,0.0
2019-05-05 18:30:00,0.0
2019-05-05 19:00:00,4.632
2019-05-05 19:30:00,0.0
2019-05-05 20:00:00,0.0
2019-05-05 20:30:00,0.0
2019-05-05 21:00:00,0.0
2019-05-05 21:30:00,0.0
2019-05-05 22:00:00,5.512
2019-05-05 22:30:00,5.512
2019-05-05 23:00:00,0.0
2019-05-05 23:30:00,5.7235
2019-05-06 00:00:00,5.7235
2019-05-06 00:30:00,5.7235
2019-05-06 01:00:00,5.7235
2019-05-06 01:30:00,0.0
2019-05-06 02:00:00,0.0
2019-05-06 02:30:00,0.0
2019-05-06 03:00:00,0.0
2019-05-06 03:30:00,0.0
2019-05-06 04:00:00,0.0
2019-05-06 04:30:00,0.0
2019-05-06 05:00:00,0.0
2019-05-06 05:30:00,0.0
2019-05-06 06:00:00,0.0
2019-05-06 06:30:00,0.0
2019-05-06 07:00:00,0.0
2019-05-06 07:30:00,0.0
2019-05-06 08:00:00,0.0
2019-05-06 08:30:00,0.0
2019-05-06 09:00:00,0.0
2019-05-06 09:30:00,0.0
2019-05-06 10:00:00,0.0
2019-05-06 10:30:00,0.0
2019-05-06 11:00:00,0.0
2019-05-06 11:30:00,0.0
2019-05-06 12:00:00,4.665478260869565
2019-05-06 12:30:00,14.716156038647343
2019-05-06 13:00:00,32.87286361440492
2019-05-06 13:30:00,55.67872852668562
2019-05-06 14:00:00,109.0834146807964
2019-05-06 14:30:00,162.308124276756
2019-05-06 15:00:00,159.550624276756
2019-05-06 15:30:00,156.88302427675598
2019-05-06 16:00:00,152.02002427675598
2019-05-06 16:30:00,140.2110099910417
2019-05-06 17:00:00,132.05242665770837
2019-05-06 17:30:00,126.10270443548615
2019-05-06 18:00:00,119.09197586405757
2019-05-06 18:30:00,96.40674649897821
2019-05-06 19:00:00,94.56742427675599
2019-05-06 19:30:00,92.12689094342265
2019-05-06 20:00:00,86.97335674428845
2019-05-06 20:30:00,90.36485674428846
2019-05-06 21:00:00,90.36485674428846
2019-05-06 21:30:00,70.20570753793925
2019-05-06 22:00:00,63.718056347463055
2019-05-06 22:30:00,59.01767399452188
2019-05-06 23:00:00,48.8362186060507
2019-05-06 23:30:00,58.22275321067821
2019-05-07 00:00:00,54.213662301587306
2019-05-07 00:30:00,38.365495634920634
2019-05-07 01:00:00,31.5461623015873
2019-05-07 01:30:00,29.855162301587303
2019-05-07 02:00:00,20.052295634920636
2019-05-07 02:30:00,10.366208333333333
2019-05-07 03:00:00,10.366208333333333
2019-05-07 03:30:00,10.366208333333333
2019-05-07 04:00:00,7.8568750000000005
2019-05-07 04:30:00,7.8568750000000005
2019-05-07 05:00:00,7.8568750000000005
2019-05-07 05:30:00,7.8568750000000005
2019-05-07 06:00:00,0.0
2019-05-07 06:30:00,0.0
2019-05-07 07:00:00,0.0
2019-05-07 07:30:00,0.0
2019-05-07 08:00:00,0.0
2019-05-07 08:30:00,0.0
2019-05-07 09:00:00,0.0
2019-05-07 09:30:00,0.0
2019-05-07 10:00:00,0.0
2019-05-07 10:30:00,0.0
2019-05-07 11:00:00,0.0
2019-05-07 11:30:00,0.0
2019-05-07 12:00:00,0.0
2019-05-07 12:30:00,12.671457264957265
2019-05-07 13:00:00,41.59335691530691
2019-05-07 13:30:00,60.90246095571096
2019-05-07 14:00:00,108.99366922638765
2019-05-07 14:30:00,153.11672369969213
2019-05-07 15:00:00,151.1850418815103
2019-05-07 15:30:00,145.4518418815103
2019-05-07 16:00:00,135.6171418815103
2019-05-07 16:30:00,122.4431418815103
2019-05-07 17:00:00,105.88661410373253
2019-05-07 17:30:00,95.51228077039919
2019-05-07 18:00:00,68.33874902436744
2019-05-07 18:30:00,67.04795645582487
2019-05-07 19:00:00,69.65748201915044
2019-05-07 19:30:00,66.24457176274018
2019-05-07 20:00:00,46.68479903546746
2019-05-07 20:30:00,43.82298085364928
2019-05-07 21:00:00,42.67940942507784
2019-05-07 21:30:00,35.47274275841118
2019-05-07 22:00:00,34.45545704412547
2019-05-07 22:30:00,45.108928472696896
2019-05-07 23:00:00,45.1222030758715
2019-05-07 23:30:00,46.05079956709957
2019-05-08 00:00:00,36.67786623376623
2019-05-08 00:30:00,31.986171428571428
2019-05-08 01:00:00,19.922438095238096
2019-05-08 01:30:00,12.86057142857143
2019-05-08 02:00:00,9.648
2019-05-08 02:30:00,6.355714285714286
2019-05-08 03:00:00,6.355714285714286
2019-05-08 03:30:00,6.355714285714286
2019-05-08 04:00:00,0.0
2019-05-08 04:30:00,2.899
2019-05-08 05:00:00,2.899
2019-05-08 05:30:00,2.899
2019-05-08 06:00:00,2.899
2019-05-08 06:30:00,0.0
2019-05-08 07:00:00,0.0
2019-05-08 07:30:00,0.0
2019-05-08 08:00:00,0.0
2019-05-08 08:30:00,0.0
2019-05-08 09:00:00,0.0
2019-05-08 09:30:00,0.0
2019-05-08 10:00:00,0.0
2019-05-08 10:30:00,0.0
2019-05-08 11:00:00,0.0
2019-05-08 11:30:00,0.0
2019-05-08 12:00:00,0.0
2019-05-08 12:30:00,12.560642857142858
2019-05-08 13:00:00,35.07870952380952
2019-05-08 13:30:00,56.91401666666667
2019-05-08 14:00:00,95.20837777777778
2019-05-08 14:30:00,161.68492614379085
2019-05-08 15:00:00,155.65742614379084
2019-05-08 15:30:00,145.13909281045753
2019-05-08 16:00:00,143.0758928104575
2019-05-08 16:30:00,145.4833213818861
2019-05-08 17:00:00,131.7083213818861
2019-05-08 17:30:00,100.73507138188609
2019-05-08 18:00:00,86.69242138188609
2019-05-08 18:30:00,87.75192138188609
2019-05-08 19:00:00,91.88008408029879
2019-05-08 19:30:00,87.41894122315593
2019-05-08 20:00:00,72.83126265172736
2019-05-08 20:30:00,58.422905508870215
2019-05-08 21:00:00,63.72043492063492
2019-05-08 21:30:00,61.302101587301586
2019-05-08 22:00:00,66.68946825396826
2019-05-08 22:30:00,76.56542063492063
2019-05-08 23:00:00,76.03842226890757
2019-05-08 23:30:00,61.10408893557423
2019-05-09 00:00:00,51.50283893557423
2019-05-09 00:30:00,51.264505602240895
2019-05-09 01:00:00,36.72067226890756
2019-05-09 01:30:00,33.97667226890756
2019-05-09 02:00:00,20.961196078431374
2019-05-09 02:30:00,16.550196078431373
2019-05-09 03:00:00,16.550196078431373
2019-05-09 03:30:00,11.411196078431374
2019-05-09 04:00:00,11.411196078431374
2019-05-09 04:30:00,11.411196078431374
2019-05-09 05:00:00,11.411196078431374
2019-05-09 05:30:00,6.113666666666667
2019-05-09 06:00:00,0.0
2019-05-09 06:30:00,0.0
2019-05-09 07:00:00,0.0
2019-05-09 07:30:00,0.0
2019-05-09 08:00:00,0.0
2019-05-09 08:30:00,0.0
2019-05-09 09:00:00,0.0
2019-05-09 09:30:00,0.0
2019-05-09 10:00:00,0.0
2019-05-09 10:30:00,0.0
2019-05-09 11:00:00,0.0
2019-05-09 11:30:00,0.0
2019-05-09 12:00:00,4.798923076923077
2019-05-09 12:30:00,14.124367521367521
2019-05-09 13:00:00,37.55604850770145
2019-05-09 13:30:00,75.28188746874041
2019-05-09 14:00:00,127.13313009833304
2019-05-09 14:30:00,162.89654252523363
2019-05-09 15:00:00,153.86824252523363
2019-05-09 15:30:00,142.70584252523363
2019-05-09 16:00:00,135.86904252523362
2019-05-09 16:30:00,129.07834252523364
2019-05-09 17:00:00,117.89451395380506
2019-05-09 17:30:00,102.80086950936061
2019-05-09 18:00:00,94.81568617602727
2019-05-09 18:30:00,74.91502623041733
2019-05-09 19:00:00,72.64952464311574
2019-05-09 19:30:00,65.81155191584301
2019-05-09 20:00:00,72.06295191584302
2019-05-09 20:30:00,68.00932883891994
2019-05-09 21:00:00,57.99337645796756
2019-05-09 21:30:00,43.81030456254272
2019-05-09 22:00:00,49.94580456254272
2019-05-09 22:30:00,41.66753670539987
2019-05-09 23:00:00,41.234036705399866
2019-05-09 23:30:00,35.968336705399864
2019-05-10 00:00:00,42.79640562770563
2019-05-10 00:30:00,35.68572380952381
2019-05-10 01:00:00,29.07382380952381
2019-05-10 01:30:00,15.060490476190477
2019-05-10 02:00:00,16.716490476190476
2019-05-10 02:30:00,12.172990476190478
2019-05-10 03:00:00,5.9628571428571435
2019-05-10 03:30:00,0.0
2019-05-10 04:00:00,0.0
2019-05-10 04:30:00,0.0
2019-05-10 05:00:00,0.0
2019-05-10 05:30:00,0.0
2019-05-10 06:00:00,0.0
2019-05-10 06:30:00,0.0
2019-05-10 07:00:00,0.0
2019-05-10 07:30:00,0.0
2019-05-10 08:00:00,0.0
2019-05-10 08:30:00,0.0
2019-05-10 09:00:00,0.0
2019-05-10 09:30:00,0.0
2019-05-10 10:00:00,0.0
2019-05-10 10:30:00,0.0
2019-05-10 11:00:00,0.0
2019-05-10 11:30:00,0.0
2019-05-10 12:00:00,0.0
2019-05-10 12:30:00,0.0
2019-05-10 13:00:00,8.1678
2019-05-10 13:30:00,13.991618181818183
2019-05-10 14:00:00,13.991618181818183
2019-05-10 14:30:00,19.550718181818183
2019-05-10 15:00:00,24.880146753246756
2019-05-10 15:30:00,37.86887453102453
2019-05-10 16:00:00,46.2575411976912
2019-05-10 16:30:00,47.747398340548344
2019-05-10 17:00:00,51.1624991952492
2019-05-10 17:30:00,48.770499195249194
2019-05-10 18:00:00,60.81272141747142
2019-05-10 18:30:00,52.498792846042846
2019-05-10 19:00:00,42.659307997558
2019-05-10 19:30:00,39.84189133089133
2019-05-10 20:00:00,32.255789743589744
2019-05-10 20:30:00,32.255789743589744
2019-05-10 21:00:00,38.25598021978022
2019-05-10 21:30:00,42.24120244200244
2019-05-10 22:00:00,43.54920244200244
2019-05-10 22:30:00,30.437713553113554
2019-05-10 23:00:00,27.643713553113553
2019-05-10 23:30:00,19.242790476190475
2019-05-11 00:00:00,13.234790476190476
2019-05-11 00:30:00,3.5595999999999997
2019-05-11 01:00:00,0.0
2019-05-11 01:30:00,0.0
2019-05-11 02:00:00,0.0
2019-05-11 02:30:00,0.0
2019-05-11 03:00:00,0.0
2019-05-11 03:30:00,0.0
2019-05-11 04:00:00,0.0
2019-05-11 04:30:00,0.0
2019-05-11 05:00:00,0.0
2019-05-11 05:30:00,0.0
2019-05-11 06:00:00,0.0
2019-05-11 06:30:00,0.0
2019-05-11 07:00:00,0.0
2019-05-11 07:30:00,0.0
2019-05-11 08:00:00,0.0
2019-05-11 08:30:00,0.0
2019-05-11 09:00:00,0.0
2019-05-11 09:30:00,0.0
2019-05-11 10:00:00,0.0
2019-05-11 10:30:00,0.0
2019-05-11 11:00:00,0.0
2019-05-11 11:30:00,0.0
2019-05-11 12:00:00,0.0
2019-05-11 12:30:00,0.0
2019-05-11 13:00:00,3.0705714285714287
2019-05-11 13:30:00,12.205438095238094
2019-05-11 14:00:00,12.205438095238094
2019-05-11 14:30:00,12.205438095238094
2019-05-11 15:00:00,17.635104761904763
2019-05-11 15:30:00,17.635104761904763
2019-05-11 16:00:00,12.017904761904763
2019-05-11 16:30:00,5.429666666666667
2019-05-11 17:00:00,5.429666666666667
2019-05-11 17:30:00,5.429666666666667
2019-05-11 18:00:00,0.0
2019-05-11 18:30:00,6.176
2019-05-11 19:00:00,0.0
2019-05-11 19:30:00,2.7945
2019-05-11 20:00:00,2.7945
2019-05-11 20:30:00,2.7945
2019-05-11 21:00:00,2.7945
2019-05-11 21:30:00,3.00025
2019-05-11 22:00:00,3.00025
2019-05-11 22:30:00,3.00025
2019-05-11 23:00:00,3.00025
2019-05-11 23:30:00,3.00025
2019-05-12 00:00:00,3.00025
2019-05-12 00:30:00,3.00025
2019-05-12 01:00:00,3.00025
2019-05-12 01:30:00,0.0
2019-05-12 02:00:00,0.0
2019-05-12 02:30:00,0.0
2019-05-12 03:00:00,0.0
2019-05-12 03:30:00,0.0
2019-05-12 04:00:00,0.0
2019-05-12 04:30:00,0.0
2019-05-12 05:00:00,0.0
2019-05-12 05:30:00,0.0
2019-05-12 06:00:00,0.0
2019-05-12 06:30:00,0.0
2019-05-12 07:00:00,0.0
2019-05-12 07:30:00,0.0
2019-05-12 08:00:00,0.0
2019-05-12 08:30:00,0.0
2019-05-12 09:00:00,0.0
2019-05-12 09:30:00,0.0
2019-05-12 10:00:00,0.0
2019-05-12 10:30:00,0.0
2019-05-12 11:00:00,0.0
2019-05-12 11:30:00,0.0
2019-05-12 12:00:00,0.0
2019-05-12 12:30:00,0.0
2019-05-12 13:00:00,0.0
2019-05-12 13:30:00,0.0
2019-05-12 14:00:00,0.0
2019-05-12 14:30:00,0.0
2019-05-12 15:00:00,0.0
2019-05-12 15:30:00,11.461333333333332
2019-05-12 16:00:00,6.281333333333333
2019-05-12 16:30:00,6.281333333333333
2019-05-12 17:00:00,6.281333333333333
2019-05-12 17:30:00,6.281333333333333
2019-05-12 18:00:00,6.281333333333333
2019-05-12 18:30:00,6.281333333333333
2019-05-12 19:00:00,12.116583333333335
2019-05-12 19:30:00,17.94725
2019-05-12 20:00:00,17.94725
2019-05-12 20:30:00,17.94725
2019-05-12 21:00:00,12.116583333333335
2019-05-12 21:30:00,15.199583333333333
2019-05-12 22:00:00,15.199583333333333
2019-05-12 22:30:00,15.199583333333333
2019-05-12 23:00:00,3.083
2019-05-12 23:30:00,3.083
2019-05-13 00:00:00,3.083
2019-05-13 00:30:00,3.083
2019-05-13 01:00:00,3.083
2019-05-13 01:30:00,0.0
2019-05-13 02:00:00,0.0
2019-05-13 02:30:00,0.0
2019-05-13 03:00:00,0.0
2019-05-13 03:30:00,0.0
2019-05-13 04:00:00,0.0
2019-05-13 04:30:00,0.0
2019-05-13 05:00:00,0.0
2019-05-13 05:30:00,0.0
2019-05-13 06:00:00,0.0
2019-05-13 06:30:00,0.0
2019-05-13 07:00:00,0.0
2019-05-13 07:30:00,0.0
2019-05-13 08:00:00,0.0
2019-05-13 08:30:00,0.0
2019-05-13 09:00:00,0.0
2019-05-13 09:30:00,0.0
2019-05-13 10:00:00,0.0
2019-05-13 10:30:00,0.0
2019-05-13 11:00:00,0.0
2019-05-13 11:30:00,9.439880952380953
2019-05-13 12:00:00,9.439880952380953
2019-05-13 12:30:00,16.175880952380954
2019-05-13 13:00:00,45.141186471861474
2019-05-13 13:30:00,74.76480743145744
2019-05-13 14:00:00,116.85478912655972
2019-05-13 14:30:00,161.29574099397334
2019-05-13 15:00:00,154.46252670825905
2019-05-13 15:30:00,149.48132670825908
2019-05-13 16:00:00,147.17582670825905
2019-05-13 16:30:00,139.01322670825905
2019-05-13 17:00:00,136.06189337492572
2019-05-13 17:30:00,124.4640957558781
2019-05-13 18:00:00,108.32356797810033
2019-05-13 18:30:00,103.31454222052457
2019-05-13 19:00:00,104.3797240387064
2019-05-13 19:30:00,89.5805240387064
2019-05-13 20:00:00,78.96495261013496
2019-05-13 20:30:00,79.0232859434683
2019-05-13 21:00:00,72.2014609434683
2019-05-13 21:30:00,71.88577641965877
2019-05-13 22:00:00,68.52994308632545
2019-05-13 22:30:00,81.55755092946269
2019-05-13 23:00:00,86.61605223665224
2019-05-13 23:30:00,87.5042077922078
2019-05-14 00:00:00,66.56754112554113
2019-05-14 00:30:00,48.32770779220779
2019-05-14 01:00:00,28.916166666666665
2019-05-14 01:30:00,18.395266666666664
2019-05-14 02:00:00,8.780666666666665
2019-05-14 02:30:00,2.939
2019-05-14 03:00:00,2.939
2019-05-14 03:30:00,0.0
2019-05-14 04:00:00,0.0
2019-05-14 04:30:00,4.2372
2019-05-14 05:00:00,4.2372
2019-05-14 05:30:00,4.2372
2019-05-14 06:00:00,4.2372
2019-05-14 06:30:00,4.2372
2019-05-14 07:00:00,0.0
2019-05-14 07:30:00,0.0
2019-05-14 08:00:00,0.0
2019-05-14 08:30:00,0.0
2019-05-14 09:00:00,0.0
2019-05-14 09:30:00,0.0
2019-05-14 10:00:00,0.0
2019-05-14 10:30:00,0.0
2019-05-14 11:00:00,0.0
2019-05-14 11:30:00,6.637735294117647
2019-05-14 12:00:00,10.754306722689076
2019-05-14 12:30:00,16.244306722689075
2019-05-14 13:00:00,35.9945170401494
2019-05-14 13:30:00,52.01804848093084
2019-05-14 14:00:00,100.99613102061338
2019-05-14 14:30:00,142.67816808355045
2019-05-14 15:00:00,162.66011493669728
2019-05-14 15:30:00,155.75804350812587
2019-05-14 16:00:00,155.75804350812587
2019-05-14 16:30:00,137.14747207955443
2019-05-14 17:00:00,122.28813636526871
2019-05-14 17:30:00,105.5333641430465
2019-05-14 18:00:00,76.63951969860206
2019-05-14 18:30:00,70.46049192082427
2019-05-14 19:00:00,90.69506096844333
2019-05-14 19:30:00,84.27626096844332
2019-05-14 20:00:00,79.19614538794539
2019-05-14 20:30:00,68.20476227106226
2019-05-14 21:00:00,60.861544688644685
2019-05-14 21:30:00,67.17462380952381
2019-05-14 22:00:00,78.80694761904762
2019-05-14 22:30:00,76.8201619047619
2019-05-14 23:00:00,69.6913119047619
2019-05-14 23:30:00,81.04948333333333
2019-05-15 00:00:00,57.887345238095236
2019-05-15 00:30:00,46.57237857142857
2019-05-15 01:00:00,31.981140476190475
2019-05-15 01:30:00,22.830283333333334
2019-05-15 02:00:00,12.19775
2019-05-15 02:30:00,6.0256
2019-05-15 03:00:00,6.0256
2019-05-15 03:30:00,8.8316
2019-05-15 04:00:00,8.8316
2019-05-15 04:30:00,2.806
2019-05-15 05:00:00,2.806
2019-05-15 05:30:00,0.0
2019-05-15 06:00:00,0.0
2019-05-15 06:30:00,0.0
2019-05-15 07:00:00,0.0
2019-05-15 07:30:00,0.0
2019-05-15 08:00:00,0.0
2019-05-15 08:30:00,0.0
2019-05-15 09:00:00,0.0
2019-05-15 09:30:00,0.0
2019-05-15 10:00:00,0.0
2019-05-15 10:30:00,0.0
2019-05-15 11:00:00,0.0
2019-05-15 11:30:00,0.0
2019-05-15 12:00:00,0.0
2019-05-15 12:30:00,2.3296
2019-05-15 13:00:00,32.84513661616162
2019-05-15 13:30:00,71.43330565268066
2019-05-15 14:00:00,126.684346576815
2019-05-15 14:30:00,163.5242377856062
2019-05-15 15:00:00,161.1946377856062
2019-05-15 15:30:00,147.42013778560622
2019-05-15 16:00:00,145.3001377856062
2019-05-15 16:30:00,131.30774254751097
2019-05-15 17:00:00,125.91699254751097
2019-05-15 17:30:00,117.75935365862208
2019-05-15 18:00:00,111.53011159513002
2019-05-15 18:30:00,104.21549442341285
2019-05-15 19:00:00,102.47896513048356
2019-05-15 19:30:00,102.48220149411992
2019-05-15 20:00:00,77.71054032195875
2019-05-15 20:30:00,68.09083519375362
2019-05-15 21:00:00,59.52611104845447
2019-05-15 21:30:00,59.14261104845447
2019-05-15 22:00:00,61.66780985797828
2019-05-15 22:30:00,62.17614319131161
2019-05-15 23:00:00,77.8951320802005
2019-05-15 23:30:00,62.73547301587301
2019-05-16 00:00:00,47.504306349206345
2019-05-16 00:30:00,44.64640158730158
2019-05-16 01:00:00,24.922484920634922
2019-05-16 01:30:00,15.59885
2019-05-16 02:00:00,15.59885
2019-05-16 02:30:00,15.59885
2019-05-16 03:00:00,15.59885
2019-05-16 03:30:00,15.59885
2019-05-16 04:00:00,9.63025
2019-05-16 04:30:00,13.52545
2019-05-16 05:00:00,6.902200000000001
2019-05-16 05:30:00,3.8952
2019-05-16 06:00:00,3.8952
2019-05-16 06:30:00,3.8952
2019-05-16 07:00:00,0.0
2019-05-16 07:30:00,0.0
2019-05-16 08:00:00,0.0
2019-05-16 08:30:00,0.0
2019-05-16 09:00:00,0.0
2019-05-16 09:30:00,0.0
2019-05-16 10:00:00,0.0
2019-05-16 10:30:00,0.0
2019-05-16 11:00:00,0.0
2019-05-16 11:30:00,3.433333333333333
2019-05-16 12:00:00,6.950083333333334
2019-05-16 12:30:00,9.60844696969697
2019-05-16 13:00:00,31.75298476874003
2019-05-16 13:30:00,47.490870483025745
2019-05-16 14:00:00,89.80346968937495
2019-05-16 14:30:00,121.97779371322692
2019-05-16 15:00:00,160.26784400562457
2019-05-16 15:30:00,148.79084400562456
2019-05-16 16:00:00,139.1995940056246
2019-05-16 16:30:00,123.20212733895791
2019-05-16 17:00:00,90.29690829133887
2019-05-16 17:30:00,83.3460035294341
2019-05-16 18:00:00,66.40992084545142
2019-05-16 18:30:00,55.681764512895086
2019-05-16 19:00:00,50.840564512895085
2019-05-16 19:30:00,59.155008957339525
2019-05-16 20:00:00,57.792955941890924
2019-05-16 20:30:00,47.40362260855759
2019-05-16 21:00:00,49.83562260855759
2019-05-16 21:30:00,55.71512260855759
2019-05-16 22:00:00,60.501977370462356
2019-05-16 22:30:00,62.3348501774799
2019-05-16 23:00:00,63.235889393166175
2019-05-16 23:30:00,73.92621503419181
2019-05-17 00:00:00,72.81288170085848
2019-05-17 00:30:00,50.85928696401638
2019-05-17 01:00:00,32.84100491273433
2019-05-17 01:30:00,26.640933484162897
2019-05-17 02:00:00,21.202433484162896
2019-05-17 02:30:00,21.202433484162896
2019-05-17 03:00:00,21.202433484162896
2019-05-17 03:30:00,18.099933484162896
2019-05-17 04:00:00,20.759933484162897
2019-05-17 04:30:00,13.813692307692309
2019-05-17 05:00:00,13.813692307692309
2019-05-17 05:30:00,11.153692307692308
2019-05-17 06:00:00,2.7875
2019-05-17 06:30:00,0.0
2019-05-17 07:00:00,0.0
2019-05-17 07:30:00,0.0
2019-05-17 08:00:00,0.0
2019-05-17 08:30:00,0.0
2019-05-17 09:00:00,0.0
2019-05-17 09:30:00,0.0
2019-05-17 10:00:00,0.0
2019-05-17 10:30:00,0.0
2019-05-17 11:00:00,0.0
2019-05-17 11:30:00,0.0
2019-05-17 12:00:00,0.0
2019-05-17 12:30:00,6.0708
2019-05-17 13:00:00,21.53432619047619
2019-05-17 13:30:00,51.63074682539683
2019-05-17 14:00:00,103.52560119945414
2019-05-17 14:30:00,159.7143217568637
2019-05-17 15:00:00,159.7143217568637
2019-05-17 15:30:00,152.2575217568637
2019-05-17 16:00:00,150.50618842353038
2019-05-17 16:30:00,129.0651979473399
2019-05-17 17:00:00,95.95340509019704
2019-05-17 17:30:00,90.90360509019703
2019-05-17 18:00:00,74.71025191559387
2019-05-17 18:30:00,69.26986302670498
2019-05-17 19:00:00,60.65056900961096
2019-05-17 19:30:00,61.445164247706195
2019-05-17 20:00:00,51.98981792735988
2019-05-17 20:30:00,39.94290767094962
2019-05-17 21:00:00,48.67637433761629
2019-05-17 21:30:00,54.28137433761629
2019-05-17 22:00:00,59.81647433761629
2019-05-17 22:30:00,63.040574664413676
2019-05-17 23:00:00,66.04397615834458
2019-05-17 23:30:00,61.70073171390013
2019-05-18 00:00:00,40.28776153846154
2019-05-18 00:30:00,20.08006153846154
2019-05-18 01:00:00,9.29386153846154
2019-05-18 01:30:00,9.3979
2019-05-18 02:00:00,9.3979
2019-05-18 02:30:00,12.503400000000001
2019-05-18 03:00:00,6.0
2019-05-18 03:30:00,3.1055
2019-05-18 04:00:00,3.1055
2019-05-18 04:30:00,0.0
2019-05-18 05:00:00,0.0
2019-05-18 05:30:00,0.0
2019-05-18 06:00:00,0.0
2019-05-18 06:30:00,0.0
2019-05-18 07:00:00,0.0
2019-05-18 07:30:00,0.0
2019-05-18 08:00:00,0.0
2019-05-18 08:30:00,0.0
2019-05-18 09:00:00,0.0
2019-05-18 09:30:00,0.0
2019-05-18 10:00:00,0.0
2019-05-18 10:30:00,0.0
2019-05-18 11:00:00,0.0
2019-05-18 11:30:00,0.0
2019-05-18 12:00:00,0.0
2019-05-18 12:30:00,0.0
2019-05-18 13:00:00,0.0
2019-05-18 13:30:00,0.0
2019-05-18 14:00:00,7.785333333333334
2019-05-18 14:30:00,6.093333333333334
2019-05-18 15:00:00,6.093333333333334
2019-05-18 15:30:00,6.093333333333334
2019-05-18 16:00:00,7.958
2019-05-18 16:30:00,10.537086495726497
2019-05-18 17:00:00,3.7406153846153845
2019-05-18 17:30:00,2.9406153846153846
2019-05-18 18:00:00,7.944329670329671
2019-05-18 18:30:00,10.582996336996336
2019-05-18 19:00:00,8.692996336996337
2019-05-18 19:30:00,19.302267765567766
2019-05-18 20:00:00,25.770267765567766
2019-05-18 20:30:00,23.3726010989011
2019-05-18 21:00:00,15.2646010989011
2019-05-18 21:30:00,6.864886813186813
2019-05-18 22:00:00,6.569686813186814
2019-05-18 22:30:00,6.1696868131868134
2019-05-18 23:00:00,5.8185
2019-05-18 23:30:00,0.0
2019-05-19 00:00:00,0.0
2019-05-19 00:30:00,0.0
2019-05-19 01:00:00,0.0
2019-05-19 01:30:00,0.0
2019-05-19 02:00:00,0.0
2019-05-19 02:30:00,0.0
2019-05-19 03:00:00,0.0
2019-05-19 03:30:00,0.0
2019-05-19 04:00:00,0.0
2019-05-19 04:30:00,0.0
2019-05-19 05:00:00,0.0
2019-05-19 05:30:00,0.0
2019-05-19 06:00:00,0.0
2019-05-19 06:30:00,0.0
2019-05-19 07:00:00,0.0
2019-05-19 07:30:00,0.0
2019-05-19 08:00:00,0.0
2019-05-19 08:30:00,0.0
2019-05-19 09:00:00,0.0
2019-05-19 09:30:00,0.0
2019-05-19 10:00:00,0.0
2019-05-19 10:30:00,0.0
2019-05-19 11:00:00,0.0
2019-05-19 11:30:00,0.0
2019-05-19 12:00:00,0.0
2019-05-19 12:30:00,0.0
2019-05-19 13:00:00,0.0
2019-05-19 13:30:00,0.0
2019-05-19 14:00:00,0.0
2019-05-19 14:30:00,5.860571428571428
2019-05-19 15:00:00,5.860571428571428
2019-05-19 15:30:00,6.147904761904762
2019-05-19 16:00:00,20.192104761904762
2019-05-19 16:30:00,21.013104761904764
2019-05-19 17:00:00,24.84990476190476
2019-05-19 17:30:00,24.159904761904762
2019-05-19 18:00:00,22.03254761904762
2019-05-19 18:30:00,14.086014285714285
2019-05-19 19:00:00,21.233776190476192
2019-05-19 19:30:00,12.326976190476191
2019-05-19 20:00:00,7.159642857142857
2019-05-19 20:30:00,5.092463968253968
2019-05-19 21:00:00,2.4219761904761903
2019-05-19 21:30:00,1.3472619047619048
2019-05-19 22:00:00,0.640095238095238
2019-05-19 22:30:00,0.25766666666666665
2019-05-19 23:00:00,0.0
2019-05-19 23:30:00,0.0
2019-05-20 00:00:00,0.0
2019-05-20 00:30:00,0.0
2019-05-20 01:00:00,0.0
2019-05-20 01:30:00,0.0
2019-05-20 02:00:00,0.0
2019-05-20 02:30:00,0.0
2019-05-20 03:00:00,0.0
2019-05-20 03:30:00,0.0
2019-05-20 04:00:00,0.0
2019-05-20 04:30:00,3.7872
2019-05-20 05:00:00,3.7872
2019-05-20 05:30:00,3.7872
2019-05-20 06:00:00,3.7872
2019-05-20 06:30:00,3.7872
2019-05-20 07:00:00,0.0
2019-05-20 07:30:00,0.0
2019-05-20 08:00:00,0.0
2019-05-20 08:30:00,0.0
2019-05-20 09:00:00,0.0
2019-05-20 09:30:00,0.0
2019-05-20 10:00:00,0.0
2019-05-20 10:30:00,0.0
2019-05-20 11:00:00,0.0
2019-05-20 11:30:00,3.57
2019-05-20 12:00:00,3.57
2019-05-20 12:30:00,6.487636363636364
2019-05-20 13:00:00,35.573098505416155
2019-05-20 13:30:00,52.20294594131359
2019-05-20 14:00:00,118.81619951274216
2019-05-20 14:30:00,164.12463567396657
2019-05-20 15:00:00,160.78763567396655
2019-05-20 15:30:00,158.46683567396656
2019-05-20 16:00:00,151.38416900729987
2019-05-20 16:30:00,149.35348329301416
2019-05-20 17:00:00,138.18644995968083
2019-05-20 17:30:00,127.03003329301417
2019-05-20 18:00:00,113.80908740556829
2019-05-20 18:30:00,103.00355407223495
2019-05-20 19:00:00,100.76387629445718
2019-05-20 19:30:00,88.9320455252264
2019-05-20 20:00:00,60.43146915715004
2019-05-20 20:30:00,65.6281358238167
2019-05-20 21:00:00,54.52716879084967
2019-05-20 21:30:00,60.89733741830065
2019-05-20 22:00:00,62.54584575163399
2019-05-20 22:30:00,68.320345751634
2019-05-20 23:00:00,65.48285555555556
2019-05-20 23:30:00,55.63007777777778
2019-05-21 00:00:00,54.16772995169082
2019-05-21 00:30:00,43.51415217391305
2019-05-21 01:00:00,22.036152173913045
2019-05-21 01:30:00,16.448152173913044
2019-05-21 02:00:00,10.718152173913044
2019-05-21 02:30:00,7.796652173913044
2019-05-21 03:00:00,1.7386521739130434
2019-05-21 03:30:00,1.7386521739130434
2019-05-21 04:00:00,1.7386521739130434
2019-05-21 04:30:00,1.7386521739130434
2019-05-21 05:00:00,1.7386521739130434
2019-05-21 05:30:00,1.7386521739130434
2019-05-21 06:00:00,1.7386521739130434
2019-05-21 06:30:00,1.7386521739130434
2019-05-21 07:00:00,4.55931884057971
2019-05-21 07:30:00,4.55931884057971
2019-05-21 08:00:00,4.55931884057971
2019-05-21 08:30:00,1.7386521739130434
2019-05-21 09:00:00,1.7386521739130434
2019-05-21 09:30:00,1.7386521739130434
2019-05-21 10:00:00,1.7386521739130434
2019-05-21 10:30:00,1.7386521739130434
2019-05-21 11:00:00,1.7386521739130434
2019-05-21 11:30:00,5.743652173913043
2019-05-21 12:00:00,5.743652173913043
2019-05-21 12:30:00,11.268652173913043
2019-05-21 13:00:00,37.28466516092603
2019-05-21 13:30:00,71.87547587521175
2019-05-21 14:00:00,114.43938128266979
2019-05-21 14:30:00,160.92617613912913
2019-05-21 15:00:00,156.37910947246246
2019-05-21 15:30:00,153.49510947246245
2019-05-21 16:00:00,153.49510947246245
2019-05-21 16:30:00,145.4077285200815
2019-05-21 17:00:00,121.81965709151007
2019-05-21 17:30:00,106.51268804389102
2019-05-21 18:00:00,97.84418804389102
2019-05-21 18:30:00,90.6194658216688
2019-05-21 19:00:00,92.52309915500213
2019-05-21 19:30:00,64.22756885197182
2019-05-21 20:00:00,66.42953248833547
2019-05-21 20:30:00,49.424523330826304
2019-05-21 21:00:00,46.60240904511202
2019-05-21 21:30:00,41.17153404511202
2019-05-21 22:00:00,49.66753404511202
2019-05-21 22:30:00,43.692475711778684
2019-05-21 23:00:00,56.85162353786564
2019-05-21 23:30:00,49.552280179469655
2019-05-22 00:00:00,28.552507292707293
2019-05-22 00:30:00,15.051793006993007
2019-05-22 01:00:00,9.478793006993007
2019-05-22 01:30:00,5.359538461538461
2019-05-22 02:00:00,8.23103846153846
2019-05-22 02:30:00,4.881038461538461
2019-05-22 03:00:00,2.8715
2019-05-22 03:30:00,7.6106428571428575
2019-05-22 04:00:00,4.739142857142857
2019-05-22 04:30:00,4.739142857142857
2019-05-22 05:00:00,4.739142857142857
2019-05-22 05:30:00,4.739142857142857
2019-05-22 06:00:00,4.739142857142857
2019-05-22 06:30:00,4.739142857142857
2019-05-22 07:00:00,0.0
2019-05-22 07:30:00,0.0
2019-05-22 08:00:00,0.0
2019-05-22 08:30:00,0.0
2019-05-22 09:00:00,0.0
2019-05-22 09:30:00,0.0
2019-05-22 10:00:00,0.0
2019-05-22 10:30:00,0.0
2019-05-22 11:00:00,0.0
2019-05-22 11:30:00,0.0
2019-05-22 12:00:00,5.1298571428571424
2019-05-22 12:30:00,12.668557142857143
2019-05-22 13:00:00,23.247557142857143
2019-05-22 13:30:00,51.26890293040293
2019-05-22 14:00:00,94.66828696641522
2019-05-22 14:30:00,155.802489746968
2019-05-22 15:00:00,155.802489746968
2019-05-22 15:30:00,155.802489746968
2019-05-22 16:00:00,151.43961282389108
2019-05-22 16:30:00,142.7762128238911
2019-05-22 17:00:00,133.79124139531964
2019-05-22 17:30:00,122.63104139531966
2019-05-22 18:00:00,114.58679139531965
2019-05-22 18:30:00,93.80959695087522
2019-05-22 19:00:00,84.03776544904372
2019-05-22 19:30:00,80.75903817631644
2019-05-22 20:00:00,73.5626850294633
2019-05-22 20:30:00,69.6764469342252
2019-05-22 21:00:00,58.61087770345596
2019-05-22 21:30:00,51.56518960821787
2019-05-22 22:00:00,42.660022941551205
2019-05-22 22:30:00,39.91943319796146
2019-05-22 23:00:00,45.70368319796146
2019-05-22 23:30:00,40.29091653129479
2019-05-23 00:00:00,39.537821293199556
2019-05-23 00:30:00,35.595821293199556
2019-05-23 01:00:00,30.022321293199553
2019-05-23 01:30:00,16.174683333333334
2019-05-23 02:00:00,9.667083333333334
2019-05-23 02:30:00,9.667083333333334
2019-05-23 03:00:00,0.0
2019-05-23 03:30:00,2.889
2019-05-23 04:00:00,2.889
2019-05-23 04:30:00,2.889
2019-05-23 05:00:00,8.773
2019-05-23 05:30:00,5.884
2019-05-23 06:00:00,5.884
2019-05-23 06:30:00,5.884
2019-05-23 07:00:00,5.884
2019-05-23 07:30:00,5.884
2019-05-23 08:00:00,5.884
2019-05-23 08:30:00,0.0
2019-05-23 09:00:00,0.0
2019-05-23 09:30:00,0.0
2019-05-23 10:00:00,0.0
2019-05-23 10:30:00,0.0
2019-05-23 11:00:00,0.0
2019-05-23 11:30:00,0.0
2019-05-23 12:00:00,0.0
2019-05-23 12:30:00,5.52475
2019-05-23 13:00:00,28.256859090909092
2019-05-23 13:30:00,49.99412575757576
2019-05-23 14:00:00,90.40019474443685
2019-05-23 14:30:00,142.98050740693776
2019-05-23 15:00:00,156.4559518513822
2019-05-23 15:30:00,148.89225185138218
2019-05-23 16:00:00,140.0966518513822
2019-05-23 16:30:00,121.03760185138219
2019-05-23 17:00:00,109.04860185138219
2019-05-23 17:30:00,92.09779232757268
2019-05-23 18:00:00,68.02587566090601
2019-05-23 18:30:00,62.681244347774694
2019-05-23 19:00:00,69.70324434777469
2019-05-23 19:30:00,44.43226353969388
2019-05-23 20:00:00,52.08626353969388
2019-05-23 20:30:00,43.014930206360546
2019-05-23 21:00:00,48.22073789866824
2019-05-23 21:30:00,36.21911885104919
2019-05-23 22:00:00,42.167446123776465
2019-05-23 22:30:00,43.9615794571098
2019-05-23 23:00:00,56.39395592769803
2019-05-23 23:30:00,43.557160606060606
2019-05-24 00:00:00,44.66782727272727
2019-05-24 00:30:00,45.267027272727276
2019-05-24 01:00:00,23.089727272727274
2019-05-24 01:30:00,17.90772727272727
2019-05-24 02:00:00,20.736227272727273
2019-05-24 02:30:00,20.736227272727273
2019-05-24 03:00:00,15.242427272727273
2019-05-24 03:30:00,9.3277
2019-05-24 04:00:00,0.0
2019-05-24 04:30:00,0.0
2019-05-24 05:00:00,0.0
2019-05-24 05:30:00,0.0
2019-05-24 06:00:00,2.718
2019-05-24 06:30:00,0.0
2019-05-24 07:00:00,0.0
2019-05-24 07:30:00,0.0
2019-05-24 08:00:00,0.0
2019-05-24 08:30:00,0.0
2019-05-24 09:00:00,0.0
2019-05-24 09:30:00,0.0
2019-05-24 10:00:00,0.0
2019-05-24 10:30:00,0.0
2019-05-24 11:00:00,0.0
2019-05-24 11:30:00,0.0
2019-05-24 12:00:00,0.0
2019-05-24 12:30:00,2.3735555555555554
2019-05-24 13:00:00,2.3735555555555554
2019-05-24 13:30:00,2.3735555555555554
2019-05-24 14:00:00,11.455555555555556
2019-05-24 14:30:00,24.868616666666668
2019-05-24 15:00:00,38.82998809523809
2019-05-24 15:30:00,41.75532142857143
2019-05-24 16:00:00,64.12312142857142
2019-05-24 16:30:00,63.03256904761905
2019-05-24 17:00:00,55.025080158730155
2019-05-24 17:30:00,49.73988015873016
2019-05-24 18:00:00,45.98383253968254
2019-05-24 18:30:00,36.951211111111114
2019-05-24 19:00:00,36.8472
2019-05-24 19:30:00,30.655450000000002
2019-05-24 20:00:00,27.993735714285716
2019-05-24 20:30:00,42.58423571428572
2019-05-24 21:00:00,50.35153571428572
2019-05-24 21:30:00,35.40925
2019-05-24 22:00:00,31.128916666666665
2019-05-24 22:30:00,31.128916666666665
2019-05-24 23:00:00,33.91625
2019-05-24 23:30:00,20.70753333333333
2019-05-25 00:00:00,20.70753333333333
2019-05-25 00:30:00,11.3676
2019-05-25 01:00:00,9.758
2019-05-25 01:30:00,0.0
2019-05-25 02:00:00,0.0
2019-05-25 02:30:00,0.0
2019-05-25 03:00:00,0.0
2019-05-25 03:30:00,0.0
2019-05-25 04:00:00,0.0
2019-05-25 04:30:00,0.0
2019-05-25 05:00:00,0.0
2019-05-25 05:30:00,0.0
2019-05-25 06:00:00,0.0
2019-05-25 06:30:00,0.0
2019-05-25 07:00:00,0.0
2019-05-25 07:30:00,0.0
2019-05-25 08:00:00,0.0
2019-05-25 08:30:00,0.0
2019-05-25 09:00:00,0.0
2019-05-25 09:30:00,0.0
2019-05-25 10:00:00,0.0
2019-05-25 10:30:00,0.0
2019-05-25 11:00:00,0.0
2019-05-25 11:30:00,0.0
2019-05-25 12:00:00,0.0
2019-05-25 12:30:00,0.0
2019-05-25 13:00:00,0.0
2019-05-25 13:30:00,0.0
2019-05-25 14:00:00,0.0
2019-05-25 14:30:00,0.0
2019-05-25 15:00:00,0.0
2019-05-25 15:30:00,0.0
2019-05-25 16:00:00,0.0
2019-05-25 16:30:00,0.0
2019-05-25 17:00:00,0.0
2019-05-25 17:30:00,0.0
2019-05-25 18:00:00,0.0
2019-05-25 18:30:00,5.582857142857143
2019-05-25 19:00:00,5.582857142857143
2019-05-25 19:30:00,5.582857142857143
2019-05-25 20:00:00,5.582857142857143
2019-05-25 20:30:00,5.582857142857143
2019-05-25 21:00:00,5.582857142857143
2019-05-25 21:30:00,5.582857142857143
2019-05-25 22:00:00,5.6113333333333335
2019-05-25 22:30:00,5.6113333333333335
2019-05-25 23:00:00,5.6113333333333335
2019-05-25 23:30:00,5.6113333333333335
2019-05-26 00:00:00,5.6113333333333335
2019-05-26 00:30:00,11.794933333333333
2019-05-26 01:00:00,6.1836
2019-05-26 01:30:00,6.1836
2019-05-26 02:00:00,6.1836
2019-05-26 02:30:00,6.1836
2019-05-26 03:00:00,0.0
2019-05-26 03:30:00,0.0
2019-05-26 04:00:00,0.0
2019-05-26 04:30:00,0.0
2019-05-26 05:00:00,0.0
2019-05-26 05:30:00,0.0
2019-05-26 06:00:00,0.0
2019-05-26 06:30:00,0.0
2019-05-26 07:00:00,0.0
2019-05-26 07:30:00,0.0
2019-05-26 08:00:00,0.0
2019-05-26 08:30:00,0.0
2019-05-26 09:00:00,0.0
2019-05-26 09:30:00,0.0
2019-05-26 10:00:00,0.0
2019-05-26 10:30:00,0.0
2019-05-26 11:00:00,0.0
2019-05-26 11:30:00,0.0
2019-05-26 12:00:00,0.0
2019-05-26 12:30:00,0.0
2019-05-26 13:00:00,0.0
2019-05-26 13:30:00,0.0
2019-05-26 14:00:00,0.0
2019-05-26 14:30:00,0.0
2019-05-26 15:00:00,0.0
2019-05-26 15:30:00,0.0
2019-05-26 16:00:00,0.0
2019-05-26 16:30:00,0.0
2019-05-26 17:00:00,0.0
2019-05-26 17:30:00,0.0
2019-05-26 18:00:00,0.0
2019-05-26 18:30:00,0.0
2019-05-26 19:00:00,0.0
2019-05-26 19:30:00,3.5394285714285716
2019-05-26 20:00:00,3.5394285714285716
2019-05-26 20:30:00,3.5394285714285716
2019-05-26 21:00:00,3.5394285714285716
2019-05-26 21:30:00,3.5394285714285716
2019-05-26 22:00:00,3.5394285714285716
2019-05-26 22:30:00,3.5394285714285716
2019-05-26 23:00:00,0.0
2019-05-26 23:30:00,0.0
2019-05-27 00:00:00,0.0
2019-05-27 00:30:00,0.0
2019-05-27 01:00:00,0.0
2019-05-27 01:30:00,0.0
2019-05-27 02:00:00,0.0
2019-05-27 02:30:00,0.0
2019-05-27 03:00:00,0.0
2019-05-27 03:30:00,0.0
2019-05-27 04:00:00,0.0
2019-05-27 04:30:00,0.0
2019-05-27 05:00:00,0.0
2019-05-27 05:30:00,0.0
2019-05-27 06:00:00,0.0
2019-05-27 06:30:00,0.0
2019-05-27 07:00:00,0.0
2019-05-27 07:30:00,0.0
2019-05-27 08:00:00,0.0
2019-05-27 08:30:00,0.0
2019-05-27 09:00:00,0.0
2019-05-27 09:30:00,0.0
2019-05-27 10:00:00,0.0
2019-05-27 10:30:00,0.0
2019-05-27 11:00:00,0.0
2019-05-27 11:30:00,0.0
2019-05-27 12:00:00,0.0
2019-05-27 12:30:00,0.0
2019-05-27 13:00:00,6.408
2019-05-27 13:30:00,6.408
2019-05-27 14:00:00,6.408
2019-05-27 14:30:00,6.408
2019-05-27 15:00:00,6.408
2019-05-27 15:30:00,6.408
2019-05-27 16:00:00,6.408
2019-05-27 16:30:00,6.408
2019-05-27 17:00:00,6.408
2019-05-27 17:30:00,6.408
2019-05-27 18:00:00,6.408
2019-05-27 18:30:00,6.408
2019-05-27 19:00:00,10.253
2019-05-27 19:30:00,10.253
2019-05-27 20:00:00,10.253
2019-05-27 20:30:00,10.253
2019-05-27 21:00:00,5.128
2019-05-27 21:30:00,8.436285714285715
2019-05-27 22:00:00,8.436285714285715
2019-05-27 22:30:00,8.436285714285715
2019-05-27 23:00:00,7.8515798319327725
2019-05-27 23:30:00,7.8515798319327725
2019-05-28 00:00:00,7.8515798319327725
2019-05-28 00:30:00,7.8515798319327725
2019-05-28 01:00:00,4.543294117647059
2019-05-28 01:30:00,4.543294117647059
2019-05-28 02:00:00,4.543294117647059
2019-05-28 02:30:00,4.543294117647059
2019-05-28 03:00:00,4.543294117647059
2019-05-28 03:30:00,4.543294117647059
2019-05-28 04:00:00,4.543294117647059
2019-05-28 04:30:00,4.543294117647059
2019-05-28 05:00:00,4.543294117647059
2019-05-28 05:30:00,4.543294117647059
2019-05-28 06:00:00,4.543294117647059
2019-05-28 06:30:00,4.543294117647059
2019-05-28 07:00:00,4.543294117647059
2019-05-28 07:30:00,0.0
2019-05-28 08:00:00,0.0
2019-05-28 08:30:00,0.0
2019-05-28 09:00:00,0.0
2019-05-28 09:30:00,0.0
2019-05-28 10:00:00,0.0
2019-05-28 10:30:00,0.0
2019-05-28 11:00:00,0.0
2019-05-28 11:30:00,0.0
2019-05-28 12:00:00,3.732714285714286
2019-05-28 12:30:00,12.752406593406594
2019-05-28 13:00:00,31.789489926739925
2019-05-28 13:30:00,56.94627087912088
2019-05-28 14:00:00,118.79606117493617
2019-05-28 14:30:00,160.07932302072712
2019-05-28 15:00:00,155.92132302072713
2019-05-28 15:30:00,150.33132302072713
2019-05-28 16:00:00,144.27332302072713
2019-05-28 16:30:00,128.35672302072712
2019-05-28 17:00:00,108.37165873501284
2019-05-28 17:30:00,94.06205556040966
2019-05-28 18:00:00,82.539138893743
2019-05-28 18:30:00,72.84318333818744
2019-05-28 19:00:00,56.70511007811418
2019-05-28 19:30:00,50.40616462356873
2019-05-28 20:00:00,43.07599795690206
2019-05-28 20:30:00,38.552331290235394
2019-05-28 21:00:00,41.05642652833063
2019-05-28 21:30:00,40.65545033785444
2019-05-28 22:00:00,33.59604756007666
2019-05-28 22:30:00,40.30438089341
2019-05-28 23:00:00,48.30223383458647
2019-05-28 23:30:00,56.00042827903091
2019-05-29 00:00:00,50.411323015873016
2019-05-29 00:30:00,35.86419444444444
2019-05-29 01:00:00,16.939027777777778
2019-05-29 01:30:00,16.939027777777778
2019-05-29 02:00:00,16.939027777777778
2019-05-29 02:30:00,7.247361111111111
2019-05-29 03:00:00,7.247361111111111
2019-05-29 03:30:00,7.001611111111112
2019-05-29 04:00:00,2.8425
2019-05-29 04:30:00,2.8425
2019-05-29 05:00:00,2.8425
2019-05-29 05:30:00,0.0
2019-05-29 06:00:00,5.25
2019-05-29 06:30:00,5.25
2019-05-29 07:00:00,5.25
2019-05-29 07:30:00,0.0
2019-05-29 08:00:00,0.0
2019-05-29 08:30:00,0.0
2019-05-29 09:00:00,0.0
2019-05-29 09:30:00,0.0
2019-05-29 10:00:00,0.0
2019-05-29 10:30:00,0.0
2019-05-29 11:00:00,0.0
2019-05-29 11:30:00,1.936
2019-05-29 12:00:00,1.936
2019-05-29 12:30:00,4.166069565217391
2019-05-29 13:00:00,26.80832880042663
2019-05-29 13:30:00,54.18771740071523
2019-05-29 14:00:00,101.7403655747634
2019-05-29 14:30:00,136.56379315697652
2019-05-29 15:00:00,137.5326287606917
2019-05-29 15:30:00,129.7938287606917
2019-05-29 16:00:00,126.26028590354882
2019-05-29 16:30:00,122.29257161783454
2019-05-29 17:00:00,99.43508352259644
2019-05-29 17:30:00,92.58066130037422
2019-05-29 18:00:00,83.35967106838399
2019-05-29 18:30:00,79.1554681823811
2019-05-29 19:00:00,76.62773831225124
2019-05-29 19:30:00,68.95144264125557
2019-05-29 20:00:00,58.14798809580102
2019-05-29 20:30:00,50.62605860862153
2019-05-29 21:00:00,50.62605860862153
2019-05-29 21:30:00,53.304058608621524
2019-05-29 22:00:00,46.51891098957391
2019-05-29 22:30:00,46.52724313243105
2019-05-29 23:00:00,60.25029075147867
2019-05-29 23:30:00,55.49448029396233
2019-05-30 00:00:00,56.70248967611336
2019-05-30 00:30:00,30.476366666666667
2019-05-30 01:00:00,14.6128
2019-05-30 01:30:00,5.6128
2019-05-30 02:00:00,8.542300000000001
2019-05-30 02:30:00,2.9295
2019-05-30 03:00:00,2.9295
2019-05-30 03:30:00,2.9295
2019-05-30 04:00:00,0.0
2019-05-30 04:30:00,6.44275
2019-05-30 05:00:00,6.44275
2019-05-30 05:30:00,6.44275
2019-05-30 06:00:00,6.44275
2019-05-30 06:30:00,6.44275
2019-05-30 07:00:00,6.44275
2019-05-30 07:30:00,6.44275
2019-05-30 08:00:00,6.44275
2019-05-30 08:30:00,0.0
2019-05-30 09:00:00,0.0
2019-05-30 09:30:00,0.0
2019-05-30 10:00:00,0.0
2019-05-30 10:30:00,0.0
2019-05-30 11:00:00,0.0
2019-05-30 11:30:00,0.0
2019-05-30 12:00:00,4.754521739130435
2019-05-30 12:30:00,16.429098939707636
2019-05-30 13:00:00,33.48431556752426
2019-05-30 13:30:00,47.7175323691437
2019-05-30 14:00:00,85.7053825675564
2019-05-30 14:30:00,140.76039850560872
2019-05-30 15:00:00,134.61536933894203
2019-05-30 15:30:00,125.95363600560871
2019-05-30 16:00:00,116.87989314846585
2019-05-30 16:30:00,109.22099314846585
2019-05-30 17:00:00,98.75610425957696
2019-05-30 17:30:00,88.65120346592617
2019-05-30 18:00:00,90.52398768171038
2019-05-30 18:30:00,81.05340182312453
2019-05-30 19:00:00,80.85033515645786
2019-05-30 19:30:00,89.72924327611598
2019-05-30 20:00:00,83.44940901038171
2019-05-30 20:30:00,84.6608613913341
2019-05-30 21:00:00,76.80097128144398
2019-05-30 21:30:00,72.13907128144399
2019-05-30 22:00:00,69.13669628144399
2019-05-30 22:30:00,61.443546281443986
2019-05-30 23:00:00,73.21425997253445
2019-05-30 23:30:00,58.64613267784846
2019-05-31 00:00:00,42.8903264957265
2019-05-31 00:30:00,20.803377777777776
2019-05-31 01:00:00,17.823877777777778
2019-05-31 01:30:00,5.890777777777778
2019-05-31 02:00:00,2.385111111111111
2019-05-31 02:30:00,5.309111111111111
2019-05-31 03:00:00,5.309111111111111
2019-05-31 03:30:00,5.309111111111111
2019-05-31 04:00:00,5.309111111111111
2019-05-31 04:30:00,2.385111111111111
2019-05-31 05:00:00,2.385111111111111
2019-05-31 05:30:00,2.385111111111111
2019-05-31 06:00:00,2.385111111111111
2019-05-31 06:30:00,2.385111111111111
2019-05-31 07:00:00,2.385111111111111
2019-05-31 07:30:00,2.385111111111111
2019-05-31 08:00:00,0.0
2019-05-31 08:30:00,0.0
2019-05-31 09:00:00,0.0
2019-05-31 09:30:00,0.0
2019-05-31 10:00:00,0.0
2019-05-31 10:30:00,0.0
2019-05-31 11:00:00,0.0
2019-05-31 11:30:00,0.0
2019-05-31 12:00:00,0.0
2019-05-31 12:30:00,2.314833333333333
2019-05-31 13:00:00,15.106088888888888
2019-05-31 13:30:00,50.83981702741703
2019-05-31 14:00:00,94.99668766233766
2019-05-31 14:30:00,153.80028785381285
2019-05-31 15:00:00,159.63471642524144
2019-05-31 15:30:00,154.93521642524144
2019-05-31 16:00:00,152.5738830919081
2019-05-31 16:30:00,147.2777830919081
2019-05-31 17:00:00,113.83179737762238
2019-05-31 17:30:00,102.7474322982573
2019-05-31 18:00:00,102.86591086968586
2019-05-31 18:30:00,78.48726642524143
2019-05-31 19:00:00,59.260068445443444
2019-05-31 19:30:00,59.28011368353868
2019-05-31 20:00:00,64.49787731990232
2019-05-31 20:30:00,62.8196955017205
2019-05-31 21:00:00,62.4688408008658
2019-05-31 21:30:00,44.80411699134199
2019-05-31 22:00:00,43.65768841991342
2019-05-31 22:30:00,38.942977705627705
2019-05-31 23:00:00,38.41554913419913
2019-05-31 23:30:00,33.89785468975469
2019-06-01 00:00:00,33.89785468975469
2019-06-01 00:30:00,24.87235468975469
2019-06-01 01:00:00,18.77775468975469
2019-06-01 01:30:00,12.597532467532467
2019-06-01 02:00:00,0.0
2019-06-01 02:30:00,0.0
2019-06-01 03:00:00,0.0
2019-06-01 03:30:00,2.6455
2019-06-01 04:00:00,9.243785714285714
2019-06-01 04:30:00,9.243785714285714
2019-06-01 05:00:00,9.243785714285714
2019-06-01 05:30:00,6.598285714285715
2019-06-01 06:00:00,6.598285714285715
2019-06-01 06:30:00,6.598285714285715
2019-06-01 07:00:00,6.598285714285715
2019-06-01 07:30:00,0.0
2019-06-01 08:00:00,0.0
2019-06-01 08:30:00,0.0
2019-06-01 09:00:00,0.0
2019-06-01 09:30:00,0.0
2019-06-01 10:00:00,0.0
2019-06-01 10:30:00,0.0
2019-06-01 11:00:00,0.0
2019-06-01 11:30:00,0.0
2019-06-01 12:00:00,0.0
2019-06-01 12:30:00,0.0
2019-06-01 13:00:00,2.7565
2019-06-01 13:30:00,2.7565
2019-06-01 14:00:00,2.7565
2019-06-01 14:30:00,2.7565
2019-06-01 15:00:00,2.7565
2019-06-01 15:30:00,2.7565
2019-06-01 16:00:00,2.7565
2019-06-01 16:30:00,2.7565
2019-06-01 17:00:00,7.01
2019-06-01 17:30:00,7.01
2019-06-01 18:00:00,7.01
2019-06-01 18:30:00,8.708
2019-06-01 19:00:00,0.0
2019-06-01 19:30:00,0.0
2019-06-01 20:00:00,0.0
2019-06-01 20:30:00,0.0
2019-06-01 21:00:00,9.162
2019-06-01 21:30:00,0.0
2019-06-01 22:00:00,0.0
2019-06-01 22:30:00,0.0
2019-06-01 23:00:00,0.0
2019-06-01 23:30:00,0.0
2019-06-02 00:00:00,0.0
2019-06-02 00:30:00,0.0
2019-06-02 01:00:00,4.730857142857142
2019-06-02 01:30:00,4.730857142857142
2019-06-02 02:00:00,4.730857142857142
2019-06-02 02:30:00,4.730857142857142
2019-06-02 03:00:00,4.730857142857142
2019-06-02 03:30:00,4.730857142857142
2019-06-02 04:00:00,4.730857142857142
2019-06-02 04:30:00,0.0
2019-06-02 05:00:00,0.0
2019-06-02 05:30:00,0.0
2019-06-02 06:00:00,0.0
2019-06-02 06:30:00,0.0
2019-06-02 07:00:00,0.0
2019-06-02 07:30:00,0.0
2019-06-02 08:00:00,0.0
2019-06-02 08:30:00,0.0
2019-06-02 09:00:00,0.0
2019-06-02 09:30:00,0.0
2019-06-02 10:00:00,0.0
2019-06-02 10:30:00,0.0
2019-06-02 11:00:00,0.0
2019-06-02 11:30:00,0.0
2019-06-02 12:00:00,0.0
2019-06-02 12:30:00,0.0
2019-06-02 13:00:00,0.0
2019-06-02 13:30:00,0.0
2019-06-02 14:00:00,0.0
2019-06-02 14:30:00,0.0
2019-06-02 15:00:00,4.371428571428572
2019-06-02 15:30:00,4.371428571428572
2019-06-02 16:00:00,4.371428571428572
2019-06-02 16:30:00,4.371428571428572
2019-06-02 17:00:00,4.371428571428572
2019-06-02 17:30:00,4.371428571428572
2019-06-02 18:00:00,4.371428571428572
2019-06-02 18:30:00,0.0
2019-06-02 19:00:00,0.0
2019-06-02 19:30:00,0.0
2019-06-02 20:00:00,5.739333333333334
2019-06-02 20:30:00,5.739333333333334
2019-06-02 21:00:00,5.739333333333334
2019-06-02 21:30:00,3.912
2019-06-02 22:00:00,3.912
2019-06-02 22:30:00,3.391142857142857
2019-06-02 23:00:00,3.391142857142857
2019-06-02 23:30:00,8.522342857142856
2019-06-03 00:00:00,8.522342857142856
2019-06-03 00:30:00,8.522342857142856
2019-06-03 01:00:00,8.522342857142856
2019-06-03 01:30:00,8.522342857142856
2019-06-03 02:00:00,0.0
2019-06-03 02:30:00,0.0
2019-06-03 03:00:00,0.0
2019-06-03 03:30:00,0.0
2019-06-03 04:00:00,0.0
2019-06-03 04:30:00,0.0
2019-06-03 05:00:00,0.0
2019-06-03 05:30:00,0.0
2019-06-03 06:00:00,0.0
2019-06-03 06:30:00,0.0
2019-06-03 07:00:00,0.0
2019-06-03 07:30:00,0.0
2019-06-03 08:00:00,0.0
2019-06-03 08:30:00,0.0
2019-06-03 09:00:00,0.0
2019-06-03 09:30:00,0.0
2019-06-03 10:00:00,0.0
2019-06-03 10:30:00,0.0
2019-06-03 11:00:00,0.0
2019-06-03 11:30:00,0.0
2019-06-03 12:00:00,4.541538461538462
2019-06-03 12:30:00,8.886994871794872
2019-06-03 13:00:00,29.242569046201478
2019-06-03 13:30:00,55.81132436833033
2019-06-03 14:00:00,107.28993497818831
2019-06-03 14:30:00,148.3359393641532
2019-06-03 15:00:00,155.13491079272464
2019-06-03 15:30:00,148.23341079272464
2019-06-03 16:00:00,145.93474412605798
2019-06-03 16:30:00,143.678594126058
2019-06-03 17:00:00,123.50097507843894
2019-06-03 17:30:00,113.19315364986751
2019-06-03 18:00:00,105.53338441909827
2019-06-03 18:30:00,88.14969632386018
2019-06-03 19:00:00,86.6797732469371
2019-06-03 19:30:00,76.87093991360376
2019-06-03 20:00:00,73.71790658027044
2019-06-03 20:30:00,57.340823246937106
2019-06-03 21:00:00,53.3154482469371
2019-06-03 21:30:00,59.052722756741026
2019-06-03 22:00:00,63.58513648223122
2019-06-03 22:30:00,57.108929464687364
2019-06-03 23:00:00,72.09428502024292
2019-06-03 23:30:00,70.09005695006748
2019-06-04 00:00:00,54.0483358974359
2019-06-04 00:30:00,37.30800512820513
2019-06-04 01:00:00,21.011133333333333
2019-06-04 01:30:00,5.614333333333334
2019-06-04 02:00:00,5.614333333333334
2019-06-04 02:30:00,5.614333333333334
2019-06-04 03:00:00,5.614333333333334
2019-06-04 03:30:00,0.0
2019-06-04 04:00:00,0.0
2019-06-04 04:30:00,0.0
2019-06-04 05:00:00,0.0
2019-06-04 05:30:00,2.73
2019-06-04 06:00:00,2.73
2019-06-04 06:30:00,2.73
2019-06-04 07:00:00,2.73
2019-06-04 07:30:00,0.0
2019-06-04 08:00:00,0.0
2019-06-04 08:30:00,0.0
2019-06-04 09:00:00,0.0
2019-06-04 09:30:00,0.0
2019-06-04 10:00:00,0.0
2019-06-04 10:30:00,0.0
2019-06-04 11:00:00,0.0
2019-06-04 11:30:00,0.0
2019-06-04 12:00:00,0.0
2019-06-04 12:30:00,5.066416666666667
2019-06-04 13:00:00,29.524555009696186
2019-06-04 13:30:00,54.627078819219996
2019-06-04 14:00:00,99.03677182066299
2019-06-04 14:30:00,153.7603860286772
2019-06-04 15:00:00,151.13238602867722
2019-06-04 15:30:00,155.06605269534387
2019-06-04 16:00:00,145.23595269534388
2019-06-04 16:30:00,124.92598840962958
2019-06-04 17:00:00,105.97308126677244
2019-06-04 17:30:00,88.58239079058197
2019-06-04 18:00:00,80.20562650486768
2019-06-04 18:30:00,69.9036287270899
2019-06-04 19:00:00,59.68727317153434
2019-06-04 19:30:00,46.04909771365889
2019-06-04 20:00:00,34.61420377426495
2019-06-04 20:30:00,34.61420377426495
2019-06-04 21:00:00,34.61420377426495
2019-06-04 21:30:00,34.64461946053946
2019-06-04 22:00:00,43.12911946053946
2019-06-04 22:30:00,53.98519088911089
2019-06-04 23:00:00,45.04576549228549
2019-06-04 23:30:00,50.71987660339661
2019-06-05 00:00:00,42.5649766033966
2019-06-05 00:30:00,35.09914327006327
2019-06-05 01:00:00,24.204112967032966
2019-06-05 01:30:00,19.965712967032967
2019-06-05 02:00:00,10.622712967032967
2019-06-05 02:30:00,10.622712967032967
2019-06-05 03:00:00,13.436712967032967
2019-06-05 03:30:00,12.07425142857143
2019-06-05 04:00:00,12.07425142857143
2019-06-05 04:30:00,12.07425142857143
2019-06-05 05:00:00,9.26025142857143
2019-06-05 05:30:00,2.8376799999999998
2019-06-05 06:00:00,2.8376799999999998
2019-06-05 06:30:00,2.8376799999999998
2019-06-05 07:00:00,0.0
2019-06-05 07:30:00,0.0
2019-06-05 08:00:00,0.0
2019-06-05 08:30:00,0.0
2019-06-05 09:00:00,0.0
2019-06-05 09:30:00,0.0
2019-06-05 10:00:00,0.0
2019-06-05 10:30:00,0.0
2019-06-05 11:00:00,0.0
2019-06-05 11:30:00,0.0
2019-06-05 12:00:00,0.0
2019-06-05 12:30:00,2.123857142857143
2019-06-05 13:00:00,44.34994172494172
2019-06-05 13:30:00,74.16698756798756
2019-06-05 14:00:00,114.56750632700633
2019-06-05 14:30:00,154.40984608081976
2019-06-05 15:00:00,151.36084608081975
2019-06-05 15:30:00,144.58534608081976
2019-06-05 16:00:00,144.58534608081976
2019-06-05 16:30:00,135.36920322367692
2019-06-05 17:00:00,129.47258417605786
2019-06-05 17:30:00,123.15054250939119
2019-06-05 18:00:00,116.73480917605787
2019-06-05 18:30:00,104.44224351949221
2019-06-05 19:00:00,107.18644157144026
2019-06-05 19:30:00,94.49915785515654
2019-06-05 20:00:00,86.73102615352484
2019-06-05 20:30:00,73.19171186781055
2019-06-05 21:00:00,55.14562395572264
2019-06-05 21:30:00,36.01119062238931
2019-06-05 22:00:00,42.01552395572264
2019-06-05 22:30:00,60.951127130325816
2019-06-05 23:00:00,53.88823268588137
2019-06-05 23:30:00,58.03817713032581
2019-06-06 00:00:00,49.3281630952381
2019-06-06 00:30:00,38.7971630952381
2019-06-06 01:00:00,19.896829761904762
2019-06-06 01:30:00,4.290571428571428
2019-06-06 02:00:00,2.8495
2019-06-06 02:30:00,2.8495
2019-06-06 03:00:00,2.8495
2019-06-06 03:30:00,2.8495
2019-06-06 04:00:00,0.0
2019-06-06 04:30:00,0.0
2019-06-06 05:00:00,0.0
2019-06-06 05:30:00,0.0
2019-06-06 06:00:00,0.0
2019-06-06 06:30:00,0.0
2019-06-06 07:00:00,0.0
2019-06-06 07:30:00,0.0
2019-06-06 08:00:00,0.0
2019-06-06 08:30:00,0.0
2019-06-06 09:00:00,0.0
2019-06-06 09:30:00,0.0
2019-06-06 10:00:00,0.0
2019-06-06 10:30:00,0.0
2019-06-06 11:00:00,0.0
2019-06-06 11:30:00,0.0
2019-06-06 12:00:00,0.0
2019-06-06 12:30:00,6.980166666666666
2019-06-06 13:00:00,29.64574237516869
2019-06-06 13:30:00,43.84278205770837
2019-06-06 14:00:00,89.73483287571673
2019-06-06 14:30:00,136.13018955909183
2019-06-06 15:00:00,141.58218955909183
2019-06-06 15:30:00,140.16298955909184
2019-06-06 16:00:00,142.73098955909185
2019-06-06 16:30:00,131.85738955909184
2019-06-06 17:00:00,128.83572289242517
2019-06-06 17:30:00,107.10081813052041
2019-06-06 18:00:00,84.4313070194093
2019-06-06 18:30:00,67.87093479718708
2019-06-06 19:00:00,70.33049035274263
2019-06-06 19:30:00,76.37181727581955
2019-06-06 20:00:00,82.79315060915289
2019-06-06 20:30:00,74.79272203772432
2019-06-06 21:00:00,73.69743632343861
2019-06-06 21:30:00,68.05743632343861
2019-06-06 22:00:00,72.00180299010528
2019-06-06 22:30:00,76.96919153499691
2019-06-06 23:00:00,71.06819153499691
2019-06-06 23:30:00,53.6207304238858
2019-06-07 00:00:00,49.19349358178054
2019-06-07 00:30:00,28.819931677018634
2019-06-07 01:00:00,22.720884057971013
2019-06-07 01:30:00,17.898666666666667
2019-06-07 02:00:00,6.421333333333333
2019-06-07 02:30:00,6.421333333333333
2019-06-07 03:00:00,6.421333333333333
2019-06-07 03:30:00,0.0
2019-06-07 04:00:00,0.0
2019-06-07 04:30:00,0.0
2019-06-07 05:00:00,0.0
2019-06-07 05:30:00,0.0
2019-06-07 06:00:00,2.831
2019-06-07 06:30:00,2.831
2019-06-07 07:00:00,2.831
2019-06-07 07:30:00,2.831
2019-06-07 08:00:00,0.0
2019-06-07 08:30:00,0.0
2019-06-07 09:00:00,0.0
2019-06-07 09:30:00,0.0
2019-06-07 10:00:00,0.0
2019-06-07 10:30:00,0.0
2019-06-07 11:00:00,0.0
2019-06-07 11:30:00,0.0
2019-06-07 12:00:00,0.0
2019-06-07 12:30:00,0.0
2019-06-07 13:00:00,13.087995454545453
2019-06-07 13:30:00,21.618995454545455
2019-06-07 14:00:00,40.32694350649351
2019-06-07 14:30:00,36.77644350649351
2019-06-07 15:00:00,39.408665728715725
2019-06-07 15:30:00,35.72355590232684
2019-06-07 16:00:00,35.72355590232684
2019-06-07 16:30:00,30.03705590232684
2019-06-07 17:00:00,41.93497256899351
2019-06-07 17:30:00,37.16211542613637
2019-06-07 18:00:00,37.16211542613637
2019-06-07 18:30:00,16.98490330492424
2019-06-07 19:00:00,22.9800461620671
2019-06-07 19:30:00,23.54573303075397
2019-06-07 20:00:00,27.45973303075397
2019-06-07 20:30:00,22.39873303075397
2019-06-07 21:00:00,22.39873303075397
2019-06-07 21:30:00,22.39873303075397
2019-06-07 22:00:00,25.680233030753968
2019-06-07 22:30:00,20.899090173611114
2019-06-07 23:00:00,15.813090173611112
2019-06-07 23:30:00,9.021
2019-06-08 00:00:00,4.9035
2019-06-08 00:30:00,4.9035
2019-06-08 01:00:00,3.571
2019-06-08 01:30:00,3.571
2019-06-08 02:00:00,0.0
2019-06-08 02:30:00,2.7365
2019-06-08 03:00:00,2.7365
2019-06-08 03:30:00,2.7365
2019-06-08 04:00:00,2.7365
2019-06-08 04:30:00,0.0
2019-06-08 05:00:00,0.0
2019-06-08 05:30:00,0.0
2019-06-08 06:00:00,0.0
2019-06-08 06:30:00,0.0
2019-06-08 07:00:00,0.0
2019-06-08 07:30:00,0.0
2019-06-08 08:00:00,0.0
2019-06-08 08:30:00,0.0
2019-06-08 09:00:00,0.0
2019-06-08 09:30:00,0.0
2019-06-08 10:00:00,0.0
2019-06-08 10:30:00,0.0
2019-06-08 11:00:00,0.0
2019-06-08 11:30:00,0.0
2019-06-08 12:00:00,0.0
2019-06-08 12:30:00,0.0
2019-06-08 13:00:00,0.0
2019-06-08 13:30:00,0.0
2019-06-08 14:00:00,0.0
2019-06-08 14:30:00,0.0
2019-06-08 15:00:00,0.0
2019-06-08 15:30:00,6.12725
2019-06-08 16:00:00,6.12725
2019-06-08 16:30:00,6.12725
2019-06-08 17:00:00,6.12725
2019-06-08 17:30:00,6.12725
2019-06-08 18:00:00,6.12725
2019-06-08 18:30:00,6.12725
2019-06-08 19:00:00,9.082
2019-06-08 19:30:00,2.95475
2019-06-08 20:00:00,2.95475
2019-06-08 20:30:00,2.95475
2019-06-08 21:00:00,2.95475
2019-06-08 21:30:00,2.95475
2019-06-08 22:00:00,2.95475
2019-06-08 22:30:00,2.95475
2019-06-08 23:00:00,5.4643999999999995
2019-06-08 23:30:00,5.4643999999999995
2019-06-09 00:00:00,5.4643999999999995
2019-06-09 00:30:00,5.4643999999999995
2019-06-09 01:00:00,5.4643999999999995
2019-06-09 01:30:00,5.4643999999999995
2019-06-09 02:00:00,5.4643999999999995
2019-06-09 02:30:00,5.4643999999999995
2019-06-09 03:00:00,5.4643999999999995
2019-06-09 03:30:00,5.4643999999999995
2019-06-09 04:00:00,0.0
2019-06-09 04:30:00,0.0
2019-06-09 05:00:00,0.0
2019-06-09 05:30:00,0.0
2019-06-09 06:00:00,0.0
2019-06-09 06:30:00,0.0
2019-06-09 07:00:00,0.0
2019-06-09 07:30:00,0.0
2019-06-09 08:00:00,0.0
2019-06-09 08:30:00,0.0
2019-06-09 09:00:00,0.0
2019-06-09 09:30:00,0.0
2019-06-09 10:00:00,0.0
2019-06-09 10:30:00,0.0
2019-06-09 11:00:00,0.0
2019-06-09 11:30:00,0.0
2019-06-09 12:00:00,0.0
2019-06-09 12:30:00,0.0
2019-06-09 13:00:00,0.0
2019-06-09 13:30:00,0.0
2019-06-09 14:00:00,0.0
2019-06-09 14:30:00,0.0
2019-06-09 15:00:00,0.0
2019-06-09 15:30:00,0.0
2019-06-09 16:00:00,0.0
2019-06-09 16:30:00,0.0
2019-06-09 17:00:00,0.0
2019-06-09 17:30:00,0.0
2019-06-09 18:00:00,0.0
2019-06-09 18:30:00,8.729800000000001
2019-06-09 19:00:00,8.729800000000001
2019-06-09 19:30:00,12.2898
2019-06-09 20:00:00,12.2898
2019-06-09 20:30:00,5.7828
2019-06-09 21:00:00,2.5152
2019-06-09 21:30:00,2.5152
2019-06-09 22:00:00,2.5152
2019-06-09 22:30:00,8.731866666666665
2019-06-09 23:00:00,8.731866666666665
2019-06-09 23:30:00,6.216666666666666
2019-06-10 00:00:00,0.0
2019-06-10 00:30:00,0.0
2019-06-10 01:00:00,0.0
2019-06-10 01:30:00,0.0
2019-06-10 02:00:00,0.0
2019-06-10 02:30:00,0.0
2019-06-10 03:00:00,0.0
2019-06-10 03:30:00,0.0
2019-06-10 04:00:00,0.0
2019-06-10 04:30:00,0.0
2019-06-10 05:00:00,0.0
2019-06-10 05:30:00,0.0
2019-06-10 06:00:00,0.0
2019-06-10 06:30:00,0.0
2019-06-10 07:00:00,0.0
2019-06-10 07:30:00,0.0
2019-06-10 08:00:00,0.0
2019-06-10 08:30:00,0.0
2019-06-10 09:00:00,0.0
2019-06-10 09:30:00,0.0
2019-06-10 10:00:00,0.0
2019-06-10 10:30:00,0.0
2019-06-10 11:00:00,0.0
2019-06-10 11:30:00,0.0
2019-06-10 12:00:00,3.60075
2019-06-10 12:30:00,10.719511904761905
2019-06-10 13:00:00,28.3165533126294
2019-06-10 13:30:00,61.90295172532781
2019-06-10 14:00:00,103.41130615809834
2019-06-10 14:30:00,151.83048075163347
2019-06-10 15:00:00,151.83048075163347
2019-06-10 15:30:00,149.49848075163345
2019-06-10 16:00:00,139.04739741830014
2019-06-10 16:30:00,131.71359741830014
2019-06-10 17:00:00,128.95669265639538
2019-06-10 17:30:00,125.2152640849668
2019-06-10 18:00:00,125.08000340120611
2019-06-10 18:30:00,105.33148673453945
2019-06-10 19:00:00,103.91379784565056
2019-06-10 19:30:00,86.09079351664623
2019-06-10 20:00:00,85.56290065950337
2019-06-10 20:30:00,93.11351384631656
2019-06-10 21:00:00,85.28719443239714
2019-06-10 21:30:00,84.45668490858762
2019-06-10 22:00:00,84.75788490858763
2019-06-10 22:30:00,90.07203364808342
2019-06-10 23:00:00,103.17820031475009
2019-06-10 23:30:00,84.68914066562728
2019-06-11 00:00:00,54.8035696129957
2019-06-11 00:30:00,31.024909523809526
2019-06-11 01:00:00,16.764609523809526
2019-06-11 01:30:00,11.715809523809524
2019-06-11 02:00:00,5.513199999999999
2019-06-11 02:30:00,5.513199999999999
2019-06-11 03:00:00,5.513199999999999
2019-06-11 03:30:00,2.6412
2019-06-11 04:00:00,2.6412
2019-06-11 04:30:00,0.0
2019-06-11 05:00:00,0.0
2019-06-11 05:30:00,2.5646666666666667
2019-06-11 06:00:00,2.5646666666666667
2019-06-11 06:30:00,2.5646666666666667
2019-06-11 07:00:00,0.0
2019-06-11 07:30:00,0.0
2019-06-11 08:00:00,0.0
2019-06-11 08:30:00,0.0
2019-06-11 09:00:00,0.0
2019-06-11 09:30:00,0.0
2019-06-11 10:00:00,0.0
2019-06-11 10:30:00,0.0
2019-06-11 11:00:00,0.0
2019-06-11 11:30:00,0.0
2019-06-11 12:00:00,1.6472000000000002
2019-06-11 12:30:00,12.205422222222222
2019-06-11 13:00:00,33.33054478951001
2019-06-11 13:30:00,54.188274226739445
2019-06-11 14:00:00,85.16179833391881
2019-06-11 14:30:00,121.9093483855184
2019-06-11 15:00:00,134.80751395328397
2019-06-11 15:30:00,123.36851395328397
2019-06-11 16:00:00,124.57222823899825
2019-06-11 16:30:00,117.99122823899826
2019-06-11 17:00:00,118.58318061995064
2019-06-11 17:30:00,107.32687585804587
2019-06-11 18:00:00,102.99842585804588
2019-06-11 18:30:00,97.40743458820461
2019-06-11 19:00:00,91.45452261129263
2019-06-11 19:30:00,82.52916806583808
2019-06-11 20:00:00,83.6282918753619
2019-06-11 20:30:00,77.36914315741318
2019-06-11 21:00:00,69.87087649074651
2019-06-11 21:30:00,53.24573631980633
2019-06-11 22:00:00,53.15893631980634
2019-06-11 22:30:00,49.72082203409205
2019-06-11 23:00:00,59.6449060677055
2019-06-11 23:30:00,53.45280665250082
2019-06-12 00:00:00,55.879648757763974
2019-06-12 00:30:00,30.53940238095238
2019-06-12 01:00:00,24.01220238095238
2019-06-12 01:30:00,21.363440476190476
2019-06-12 02:00:00,13.872107142857143
2019-06-12 02:30:00,0.0
2019-06-12 03:00:00,0.0
2019-06-12 03:30:00,0.0
2019-06-12 04:00:00,0.0
2019-06-12 04:30:00,0.0
2019-06-12 05:00:00,0.0
2019-06-12 05:30:00,0.0
2019-06-12 06:00:00,0.0
2019-06-12 06:30:00,0.0
2019-06-12 07:00:00,0.0
2019-06-12 07:30:00,0.0
2019-06-12 08:00:00,0.0
2019-06-12 08:30:00,0.0
2019-06-12 09:00:00,0.0
2019-06-12 09:30:00,0.0
2019-06-12 10:00:00,0.0
2019-06-12 10:30:00,0.0
2019-06-12 11:00:00,0.0
2019-06-12 11:30:00,0.0
2019-06-12 12:00:00,2.252
2019-06-12 12:30:00,7.961714285714285
2019-06-12 13:00:00,25.367185347985348
2019-06-12 13:30:00,70.67999872072372
2019-06-12 14:00:00,80.4515891969142
2019-06-12 14:30:00,145.96746608364975
2019-06-12 15:00:00,155.56872046961468
2019-06-12 15:30:00,143.55072046961467
2019-06-12 16:00:00,138.64780618390037
2019-06-12 16:30:00,132.23247285056704
2019-06-12 17:00:00,108.74895856485276
2019-06-12 17:30:00,95.09093475532895
2019-06-12 18:00:00,81.40298872358292
2019-06-12 18:30:00,77.09423872358292
2019-06-12 19:00:00,64.23865993570413
2019-06-12 19:30:00,57.005131730575926
2019-06-12 20:00:00,39.99655064499484
2019-06-12 20:30:00,36.94355064499484
2019-06-12 21:00:00,46.192883978328176
2019-06-12 21:30:00,56.61964231166151
2019-06-12 22:00:00,52.98604231166151
2019-06-12 22:30:00,57.30438993070912
2019-06-12 23:00:00,41.72142796992481
2019-06-12 23:30:00,46.32876130325815
2019-06-13 00:00:00,39.89104200501253
2019-06-13 00:30:00,30.66312095238095
2019-06-13 01:00:00,24.500314285714285
2019-06-13 01:30:00,14.928514285714286
2019-06-13 02:00:00,2.7088
2019-06-13 02:30:00,2.7088
2019-06-13 03:00:00,2.7088
2019-06-13 03:30:00,0.0
2019-06-13 04:00:00,2.9085
2019-06-13 04:30:00,2.9085
2019-06-13 05:00:00,2.9085
2019-06-13 05:30:00,2.9085
2019-06-13 06:00:00,0.0
2019-06-13 06:30:00,0.0
2019-06-13 07:00:00,0.0
2019-06-13 07:30:00,0.0
2019-06-13 08:00:00,0.0
2019-06-13 08:30:00,0.0
2019-06-13 09:00:00,0.0
2019-06-13 09:30:00,0.0
2019-06-13 10:00:00,0.0
2019-06-13 10:30:00,0.0
2019-06-13 11:00:00,0.0
2019-06-13 11:30:00,0.0
2019-06-13 12:00:00,0.0
2019-06-13 12:30:00,0.9550769230769232
2019-06-13 13:00:00,20.97033612942613
2019-06-13 13:30:00,43.575018180708184
2019-06-13 14:00:00,86.49364593514329
2019-06-13 14:30:00,126.40565725510987
2019-06-13 15:00:00,146.66553381188643
2019-06-13 15:30:00,143.28594492299754
2019-06-13 16:00:00,132.95054492299755
2019-06-13 16:30:00,116.10391158966421
2019-06-13 17:00:00,96.85221158966421
2019-06-13 17:30:00,80.40418301823563
2019-06-13 18:00:00,72.48700444680706
2019-06-13 18:30:00,68.87629412934675
2019-06-13 19:00:00,63.24847117452379
2019-06-13 19:30:00,56.48012117452379
2019-06-13 20:00:00,68.78900213911476
2019-06-13 20:30:00,54.577502139114756
2019-06-13 21:00:00,66.0989667855794
2019-06-13 21:30:00,63.82842832404094
2019-06-13 22:00:00,54.269803324040936
2019-06-13 22:30:00,44.384568029923294
2019-06-13 23:00:00,54.73140136325662
2019-06-13 23:30:00,57.103051363256625
2019-06-14 00:00:00,53.05494083694084
2019-06-14 00:30:00,34.294507503607505
2019-06-14 01:00:00,31.557007503607505
2019-06-14 01:30:00,19.821451948051948
2019-06-14 02:00:00,8.328909090909091
2019-06-14 02:30:00,2.11
2019-06-14 03:00:00,2.822
2019-06-14 03:30:00,2.822
2019-06-14 04:00:00,2.822
2019-06-14 04:30:00,2.822
2019-06-14 05:00:00,0.0
2019-06-14 05:30:00,0.0
2019-06-14 06:00:00,0.0
2019-06-14 06:30:00,0.0
2019-06-14 07:00:00,0.0
2019-06-14 07:30:00,0.0
2019-06-14 08:00:00,0.0
2019-06-14 08:30:00,0.0
2019-06-14 09:00:00,0.0
2019-06-14 09:30:00,0.0
2019-06-14 10:00:00,0.0
2019-06-14 10:30:00,0.0
2019-06-14 11:00:00,0.0
2019-06-14 11:30:00,0.0
2019-06-14 12:00:00,7.446727272727273
2019-06-14 12:30:00,13.272584415584417
2019-06-14 13:00:00,26.553465223665224
2019-06-14 13:30:00,73.67091349206349
2019-06-14 14:00:00,102.39185772005771
2019-06-14 14:30:00,159.054962987013
2019-06-14 15:00:00,159.054962987013
2019-06-14 15:30:00,156.01596298701298
2019-06-14 16:00:00,143.24290584415584
2019-06-14 16:30:00,125.50263917748917
2019-06-14 17:00:00,112.41521060606061
2019-06-14 17:30:00,83.30426507936508
2019-06-14 18:00:00,60.67277698412698
2019-06-14 18:30:00,44.32309617604618
2019-06-14 19:00:00,39.260482034632034
2019-06-14 19:30:00,43.80871637806638
2019-06-14 20:00:00,45.29786031746032
2019-06-14 20:30:00,43.09372698412698
2019-06-14 21:00:00,42.36915555555556
2019-06-14 21:30:00,30.53642222222222
2019-06-14 22:00:00,49.21502222222222
2019-06-14 22:30:00,35.182272222222224
2019-06-14 23:00:00,46.386605555555555
2019-06-14 23:30:00,43.43327222222222
2019-06-15 00:00:00,22.425133333333335
2019-06-15 00:30:00,6.071000000000001
2019-06-15 01:00:00,6.071000000000001
2019-06-15 01:30:00,6.071000000000001
2019-06-15 02:00:00,0.0
2019-06-15 02:30:00,0.0
2019-06-15 03:00:00,2.849
2019-06-15 03:30:00,2.849
2019-06-15 04:00:00,2.849
2019-06-15 04:30:00,2.849
2019-06-15 05:00:00,0.0
2019-06-15 05:30:00,0.0
2019-06-15 06:00:00,0.0
2019-06-15 06:30:00,6.3784
2019-06-15 07:00:00,6.3784
2019-06-15 07:30:00,6.3784
2019-06-15 08:00:00,6.3784
2019-06-15 08:30:00,6.3784
2019-06-15 09:00:00,0.0
2019-06-15 09:30:00,0.0
2019-06-15 10:00:00,0.0
2019-06-15 10:30:00,0.0
2019-06-15 11:00:00,0.0
2019-06-15 11:30:00,0.0
2019-06-15 12:00:00,0.0
2019-06-15 12:30:00,0.0
2019-06-15 13:00:00,5.45
2019-06-15 13:30:00,5.45
2019-06-15 14:00:00,5.45
2019-06-15 14:30:00,5.45
2019-06-15 15:00:00,5.45
2019-06-15 15:30:00,9.233
2019-06-15 16:00:00,3.783
2019-06-15 16:30:00,0.0
2019-06-15 17:00:00,0.0
2019-06-15 17:30:00,0.0
2019-06-15 18:00:00,2.5073333333333334
2019-06-15 18:30:00,2.5073333333333334
2019-06-15 19:00:00,2.5073333333333334
2019-06-15 19:30:00,0.0
2019-06-15 20:00:00,0.0
2019-06-15 20:30:00,6.172888888888888
2019-06-15 21:00:00,6.172888888888888
2019-06-15 21:30:00,6.172888888888888
2019-06-15 22:00:00,6.172888888888888
2019-06-15 22:30:00,6.172888888888888
2019-06-15 23:00:00,6.172888888888888
2019-06-15 23:30:00,6.172888888888888
2019-06-16 00:00:00,6.172888888888888
2019-06-16 00:30:00,6.172888888888888
2019-06-16 01:00:00,0.0
2019-06-16 01:30:00,0.0
2019-06-16 02:00:00,0.0
2019-06-16 02:30:00,0.0
2019-06-16 03:00:00,0.0
2019-06-16 03:30:00,0.0
2019-06-16 04:00:00,0.0
2019-06-16 04:30:00,0.0
2019-06-16 05:00:00,0.0
2019-06-16 05:30:00,0.0
2019-06-16 06:00:00,0.0
2019-06-16 06:30:00,0.0
2019-06-16 07:00:00,0.0
2019-06-16 07:30:00,0.0
2019-06-16 08:00:00,0.0
2019-06-16 08:30:00,0.0
2019-06-16 09:00:00,0.0
2019-06-16 09:30:00,0.0
2019-06-16 10:00:00,0.0
2019-06-16 10:30:00,0.0
2019-06-16 11:00:00,0.0
2019-06-16 11:30:00,0.0
2019-06-16 12:00:00,0.0
2019-06-16 12:30:00,0.0
2019-06-16 13:00:00,0.0
2019-06-16 13:30:00,0.0
2019-06-16 14:00:00,0.0
2019-06-16 14:30:00,0.0
2019-06-16 15:00:00,0.0
2019-06-16 15:30:00,0.0
2019-06-16 16:00:00,0.0
2019-06-16 16:30:00,0.0
2019-06-16 17:00:00,3.2020000000000004
2019-06-16 17:30:00,3.2020000000000004
2019-06-16 18:00:00,7.966333333333333
2019-06-16 18:30:00,7.966333333333333
2019-06-16 19:00:00,7.966333333333333
2019-06-16 19:30:00,4.764333333333333
2019-06-16 20:00:00,4.764333333333333
2019-06-16 20:30:00,4.764333333333333
2019-06-16 21:00:00,0.0
2019-06-16 21:30:00,0.0
2019-06-16 22:00:00,0.0
2019-06-16 22:30:00,0.0
2019-06-16 23:00:00,0.0
2019-06-16 23:30:00,0.0
2019-06-17 00:00:00,0.0
2019-06-17 00:30:00,0.0
2019-06-17 01:00:00,0.0
2019-06-17 01:30:00,0.0
2019-06-17 02:00:00,0.0
2019-06-17 02:30:00,0.0
2019-06-17 03:00:00,0.0
2019-06-17 03:30:00,0.0
2019-06-17 04:00:00,0.0
2019-06-17 04:30:00,0.0
2019-06-17 05:00:00,0.0
2019-06-17 05:30:00,0.0
2019-06-17 06:00:00,0.0
2019-06-17 06:30:00,0.0
2019-06-17 07:00:00,0.0
2019-06-17 07:30:00,0.0
2019-06-17 08:00:00,0.0
2019-06-17 08:30:00,0.0
2019-06-17 09:00:00,0.0
2019-06-17 09:30:00,0.0
2019-06-17 10:00:00,0.0
2019-06-17 10:30:00,0.0
2019-06-17 11:00:00,0.0
2019-06-17 11:30:00,0.0
2019-06-17 12:00:00,4.019714285714286
2019-06-17 12:30:00,8.778857142857142
2019-06-17 13:00:00,25.98763172479694
2019-06-17 13:30:00,54.27688057039579
2019-06-17 14:00:00,93.32693478285
2019-06-17 14:30:00,164.83682586939503
2019-06-17 15:00:00,166.90762586939505
2019-06-17 15:30:00,160.55551158368075
2019-06-17 16:00:00,160.55551158368075
2019-06-17 16:30:00,141.57331158368075
2019-06-17 17:00:00,123.21194967891884
2019-06-17 17:30:00,110.02232825034741
2019-06-17 18:00:00,99.59116555193472
2019-06-17 18:30:00,91.81376555193472
2019-06-17 19:00:00,84.61465559522476
2019-06-17 19:30:00,70.00285119962037
2019-06-17 20:00:00,62.48800271477188
2019-06-17 20:30:00,55.2756437404129
2019-06-17 21:00:00,42.77901736678653
2019-06-17 21:30:00,51.81806736678653
2019-06-17 22:00:00,47.13081736678653
2019-06-17 22:30:00,31.846894747738915
2019-06-17 23:00:00,33.48622808107225
2019-06-17 23:30:00,45.26689474773892
2019-06-18 00:00:00,34.67741304347826
2019-06-18 00:30:00,27.760833333333334
2019-06-18 01:00:00,22.43416666666667
2019-06-18 01:30:00,8.13625
2019-06-18 02:00:00,6.4982500000000005
2019-06-18 02:30:00,3.211
2019-06-18 03:00:00,3.211
2019-06-18 03:30:00,3.211
2019-06-18 04:00:00,3.211
2019-06-18 04:30:00,0.0
2019-06-18 05:00:00,0.0
2019-06-18 05:30:00,1.9189999999999998
2019-06-18 06:00:00,1.9189999999999998
2019-06-18 06:30:00,1.9189999999999998
2019-06-18 07:00:00,1.9189999999999998
2019-06-18 07:30:00,1.9189999999999998
2019-06-18 08:00:00,1.9189999999999998
2019-06-18 08:30:00,0.0
2019-06-18 09:00:00,0.0
2019-06-18 09:30:00,0.0
2019-06-18 10:00:00,0.0
2019-06-18 10:30:00,0.0
2019-06-18 11:00:00,0.0
2019-06-18 11:30:00,0.0
2019-06-18 12:00:00,11.014392857142857
2019-06-18 12:30:00,23.662657142857142
2019-06-18 13:00:00,35.764409523809526
2019-06-18 13:30:00,58.933196748280956
2019-06-18 14:00:00,113.63081364634454
2019-06-18 14:30:00,160.30324697967785
2019-06-18 15:00:00,155.8225803130112
2019-06-18 15:30:00,153.4917803130112
2019-06-18 16:00:00,126.32514936063025
2019-06-18 16:30:00,109.23368031301119
2019-06-18 17:00:00,99.5546803130112
2019-06-18 17:30:00,82.87373745586834
2019-06-18 18:00:00,65.72361443999533
2019-06-18 18:30:00,47.67872555110644
2019-06-18 19:00:00,38.12699380507469
2019-06-18 19:30:00,39.48939380507469
2019-06-18 20:00:00,39.357086112767
2019-06-18 20:30:00,39.357086112767
2019-06-18 21:00:00,38.263586112767
2019-06-18 21:30:00,27.95621468419557
2019-06-18 22:00:00,43.713381350862235
2019-06-18 22:30:00,42.660366971777265
2019-06-18 23:00:00,49.025187439613525
2019-06-18 23:30:00,50.978962042788126
2019-06-19 00:00:00,45.89746204278813
2019-06-19 00:30:00,45.89746204278813
2019-06-19 01:00:00,37.29936204278813
2019-06-19 01:30:00,23.699330158730156
2019-06-19 02:00:00,17.835730158730158
2019-06-19 02:30:00,20.607230158730157
2019-06-19 03:00:00,11.410499999999999
2019-06-19 03:30:00,11.410499999999999
2019-06-19 04:00:00,5.6875
2019-06-19 04:30:00,0.0
2019-06-19 05:00:00,0.0
2019-06-19 05:30:00,0.0
2019-06-19 06:00:00,0.0
2019-06-19 06:30:00,0.0
2019-06-19 07:00:00,0.0
2019-06-19 07:30:00,0.0
2019-06-19 08:00:00,0.0
2019-06-19 08:30:00,0.0
2019-06-19 09:00:00,0.0
2019-06-19 09:30:00,0.0
2019-06-19 10:00:00,0.0
2019-06-19 10:30:00,0.0
2019-06-19 11:00:00,0.0
2019-06-19 11:30:00,0.0
2019-06-19 12:00:00,7.382571428571429
2019-06-19 12:30:00,9.904071428571429
2019-06-19 13:00:00,20.86142142857143
2019-06-19 13:30:00,48.984364285714285
2019-06-19 14:00:00,96.28069641743878
2019-06-19 14:30:00,133.88981075408253
2019-06-19 15:00:00,160.74933297630474
2019-06-19 15:30:00,158.41373297630474
2019-06-19 16:00:00,155.47133297630475
2019-06-19 16:30:00,140.9933758334476
2019-06-19 17:00:00,119.86237015579192
2019-06-19 17:30:00,114.8717987272205
2019-06-19 18:00:00,100.92140587007763
2019-06-19 18:30:00,82.3960018296736
2019-06-19 19:00:00,74.24913040110216
2019-06-19 19:30:00,74.24913040110216
2019-06-19 20:00:00,73.45452390759567
2019-06-19 20:30:00,68.48113929221105
2019-06-19 21:00:00,53.129667863639625
2019-06-19 21:30:00,50.30016786363963
2019-06-19 22:00:00,46.86910119697296
2019-06-19 22:30:00,42.39366590285532
2019-06-19 23:00:00,45.604324726384725
2019-06-19 23:30:00,36.62567088023088
2019-06-20 00:00:00,21.871630476190475
2019-06-20 00:30:00,18.38844
2019-06-20 01:00:00,15.16994
2019-06-20 01:30:00,9.59734
2019-06-20 02:00:00,3.4018400000000004
2019-06-20 02:30:00,0.0
2019-06-20 03:00:00,0.0
2019-06-20 03:30:00,0.0
2019-06-20 04:00:00,0.0
2019-06-20 04:30:00,0.0
2019-06-20 05:00:00,0.0
2019-06-20 05:30:00,3.5493333333333332
2019-06-20 06:00:00,3.5493333333333332
2019-06-20 06:30:00,3.5493333333333332
2019-06-20 07:00:00,0.0
2019-06-20 07:30:00,0.0
2019-06-20 08:00:00,0.0
2019-06-20 08:30:00,0.0
2019-06-20 09:00:00,0.0
2019-06-20 09:30:00,0.0
2019-06-20 10:00:00,0.0
2019-06-20 10:30:00,0.0
2019-06-20 11:00:00,0.0
2019-06-20 11:30:00,0.0
2019-06-20 12:00:00,0.0
2019-06-20 12:30:00,7.927952941176471
2019-06-20 13:00:00,23.01486087768441
2019-06-20 13:30:00,54.33571073338426
2019-06-20 14:00:00,119.72089877344877
2019-06-20 14:30:00,155.71892655122656
2019-06-20 15:00:00,160.80282655122656
2019-06-20 15:30:00,154.26352655122656
2019-06-20 16:00:00,152.34912655122656
2019-06-20 16:30:00,145.80392655122654
2019-06-20 17:00:00,128.16104083694083
2019-06-20 17:30:00,109.68002893217893
2019-06-20 18:00:00,104.79348448773449
2019-06-20 18:30:00,93.7843455988456
2019-06-20 19:00:00,71.47323145743145
2019-06-20 19:30:00,56.49558124098124
2019-06-20 20:00:00,38.71762886002886
2019-06-20 20:30:00,43.47285108225108
2019-06-20 21:00:00,39.75240290297937
2019-06-20 21:30:00,35.975869569646036
2019-06-20 22:00:00,35.538280680757154
2019-06-20 22:30:00,47.48923362193362
2019-06-20 23:00:00,38.770582828282826
2019-06-20 23:30:00,38.770582828282826
2019-06-21 00:00:00,31.821327272727274
2019-06-21 00:30:00,22.56332727272727
2019-06-21 01:00:00,9.317777777777778
2019-06-21 01:30:00,6.369777777777778
2019-06-21 02:00:00,12.36577777777778
2019-06-21 02:30:00,12.36577777777778
2019-06-21 03:00:00,12.36577777777778
2019-06-21 03:30:00,12.36577777777778
2019-06-21 04:00:00,12.36577777777778
2019-06-21 04:30:00,5.996
2019-06-21 05:00:00,5.996
2019-06-21 05:30:00,5.996
2019-06-21 06:00:00,5.996
2019-06-21 06:30:00,5.996
2019-06-21 07:00:00,0.0
2019-06-21 07:30:00,0.0
2019-06-21 08:00:00,0.0
2019-06-21 08:30:00,0.0
2019-06-21 09:00:00,0.0
2019-06-21 09:30:00,0.0
2019-06-21 10:00:00,0.0
2019-06-21 10:30:00,0.0
2019-06-21 11:00:00,0.0
2019-06-21 11:30:00,0.0
2019-06-21 12:00:00,0.0
2019-06-21 12:30:00,0.0
2019-06-21 13:00:00,13.262333333333332
2019-06-21 13:30:00,15.751933333333334
2019-06-21 14:00:00,29.514702564102564
2019-06-21 14:30:00,31.378702564102564
2019-06-21 15:00:00,46.66909661172161
2019-06-21 15:30:00,58.01202994505495
2019-06-21 16:00:00,53.62709661172161
2019-06-21 16:30:00,46.00852042124542
2019-06-21 17:00:00,43.17789424477483
2019-06-21 17:30:00,45.23949424477483
2019-06-21 18:00:00,40.24289424477483
2019-06-21 18:30:00,42.853375197155785
2019-06-21 19:00:00,51.603375197155785
2019-06-21 19:30:00,51.25545853048912
2019-06-21 20:00:00,45.702791863822455
2019-06-21 20:30:00,42.83602263305322
2019-06-21 21:00:00,28.425089299719886
2019-06-21 21:30:00,28.309355966386555
2019-06-21 22:00:00,28.309355966386555
2019-06-21 22:30:00,28.309355966386555
2019-06-21 23:00:00,17.817647633053223
2019-06-21 23:30:00,11.831040490196079
2019-06-22 00:00:00,11.831040490196079
2019-06-22 00:30:00,3.4153738235294115
2019-06-22 01:00:00,3.4153738235294115
2019-06-22 01:30:00,0.0
2019-06-22 02:00:00,0.0
2019-06-22 02:30:00,0.0
2019-06-22 03:00:00,0.0
2019-06-22 03:30:00,0.0
2019-06-22 04:00:00,0.0
2019-06-22 04:30:00,0.0
2019-06-22 05:00:00,0.0
2019-06-22 05:30:00,0.0
2019-06-22 06:00:00,0.0
2019-06-22 06:30:00,0.0
2019-06-22 07:00:00,0.0
2019-06-22 07:30:00,0.0
2019-06-22 08:00:00,0.0
2019-06-22 08:30:00,0.0
2019-06-22 09:00:00,0.0
2019-06-22 09:30:00,0.0
2019-06-22 10:00:00,0.0
2019-06-22 10:30:00,0.0
2019-06-22 11:00:00,0.0
2019-06-22 11:30:00,0.0
2019-06-22 12:00:00,0.0
2019-06-22 12:30:00,0.0
2019-06-22 13:00:00,0.0
2019-06-22 13:30:00,3.186
2019-06-22 14:00:00,3.186
2019-06-22 14:30:00,8.209
2019-06-22 15:00:00,15.012872727272725
2019-06-22 15:30:00,6.803872727272727
2019-06-22 16:00:00,12.849872727272727
2019-06-22 16:30:00,12.849872727272727
2019-06-22 17:00:00,12.849872727272727
2019-06-22 17:30:00,12.849872727272727
2019-06-22 18:00:00,12.849872727272727
2019-06-22 18:30:00,12.849872727272727
2019-06-22 19:00:00,12.849872727272727
2019-06-22 19:30:00,12.849872727272727
2019-06-22 20:00:00,12.849872727272727
2019-06-22 20:30:00,0.8026
2019-06-22 21:00:00,0.8026
2019-06-22 21:30:00,0.8026
2019-06-22 22:00:00,0.8026
2019-06-22 22:30:00,0.8026
2019-06-22 23:00:00,0.8026
2019-06-22 23:30:00,0.8026
2019-06-23 00:00:00,0.8026
2019-06-23 00:30:00,0.8026
2019-06-23 01:00:00,0.0
2019-06-23 01:30:00,0.0
2019-06-23 02:00:00,0.0
2019-06-23 02:30:00,0.0
2019-06-23 03:00:00,0.0
2019-06-23 03:30:00,0.0
2019-06-23 04:00:00,0.0
2019-06-23 04:30:00,0.0
2019-06-23 05:00:00,0.0
2019-06-23 05:30:00,0.0
2019-06-23 06:00:00,0.0
2019-06-23 06:30:00,0.0
2019-06-23 07:00:00,0.0
2019-06-23 07:30:00,0.0
2019-06-23 08:00:00,0.0
2019-06-23 08:30:00,0.0
2019-06-23 09:00:00,0.0
2019-06-23 09:30:00,0.0
2019-06-23 10:00:00,0.0
2019-06-23 10:30:00,0.0
2019-06-23 11:00:00,0.0
2019-06-23 11:30:00,0.0
2019-06-23 12:00:00,0.0
2019-06-23 12:30:00,0.0
2019-06-23 13:00:00,0.0
2019-06-23 13:30:00,3.1665
2019-06-23 14:00:00,6.094055555555555
2019-06-23 14:30:00,12.166805555555555
2019-06-23 15:00:00,12.166805555555555
2019-06-23 15:30:00,9.000305555555556
2019-06-23 16:00:00,9.000305555555556
2019-06-23 16:30:00,9.000305555555556
2019-06-23 17:00:00,9.000305555555556
2019-06-23 17:30:00,14.020805555555555
2019-06-23 18:00:00,14.020805555555555
2019-06-23 18:30:00,5.0205
2019-06-23 19:00:00,5.0205
2019-06-23 19:30:00,0.0
2019-06-23 20:00:00,0.0
2019-06-23 20:30:00,0.0
2019-06-23 21:00:00,6.822666666666667
2019-06-23 21:30:00,12.852916666666665
2019-06-23 22:00:00,12.852916666666665
2019-06-23 22:30:00,6.03025
2019-06-23 23:00:00,6.03025
2019-06-23 23:30:00,6.03025
2019-06-24 00:00:00,6.03025
2019-06-24 00:30:00,6.03025
2019-06-24 01:00:00,6.03025
2019-06-24 01:30:00,0.0
2019-06-24 02:00:00,0.0
2019-06-24 02:30:00,0.0
2019-06-24 03:00:00,0.0
2019-06-24 03:30:00,0.0
2019-06-24 04:00:00,0.0
2019-06-24 04:30:00,0.0
2019-06-24 05:00:00,0.0
2019-06-24 05:30:00,0.0
2019-06-24 06:00:00,0.0
2019-06-24 06:30:00,0.0
2019-06-24 07:00:00,0.0
2019-06-24 07:30:00,0.0
2019-06-24 08:00:00,0.0
2019-06-24 08:30:00,0.0
2019-06-24 09:00:00,0.0
2019-06-24 09:30:00,0.0
2019-06-24 10:00:00,0.0
2019-06-24 10:30:00,0.0
2019-06-24 11:00:00,0.0
2019-06-24 11:30:00,0.0
2019-06-24 12:00:00,0.0
2019-06-24 12:30:00,7.607428571428572
2019-06-24 13:00:00,27.773116666666667
2019-06-24 13:30:00,55.79004215066652
2019-06-24 14:00:00,110.37305911492861
2019-06-24 14:30:00,164.54086078286852
2019-06-24 15:00:00,162.60152744953518
2019-06-24 15:30:00,159.7070274495352
2019-06-24 16:00:00,157.49036078286852
2019-06-24 16:30:00,151.20653221143994
2019-06-24 17:00:00,139.07640602096376
2019-06-24 17:30:00,130.92035840191613
2019-06-24 18:00:00,126.40538062413836
2019-06-24 18:30:00,113.98103062413836
2019-06-24 19:00:00,122.79049729080502
2019-06-24 19:30:00,114.95323538604312
2019-06-24 20:00:00,105.01618343799117
2019-06-24 20:30:00,87.92494717425491
2019-06-24 21:00:00,83.8832971742549
2019-06-24 21:30:00,65.12056860282634
2019-06-24 22:00:00,51.690893602826335
2019-06-24 22:30:00,48.593442622434175
2019-06-24 23:00:00,47.9318027187534
2019-06-24 23:30:00,38.63797815734989
2019-06-25 00:00:00,39.755978157349894
2019-06-25 00:30:00,35.584978157349894
2019-06-25 01:00:00,15.677066666666667
2019-06-25 01:30:00,9.18
2019-06-25 02:00:00,0.0
2019-06-25 02:30:00,5.4585
2019-06-25 03:00:00,5.4585
2019-06-25 03:30:00,5.4585
2019-06-25 04:00:00,5.4585
2019-06-25 04:30:00,0.0
2019-06-25 05:00:00,0.0
2019-06-25 05:30:00,0.0
2019-06-25 06:00:00,2.7319999999999998
2019-06-25 06:30:00,2.7319999999999998
2019-06-25 07:00:00,2.7319999999999998
2019-06-25 07:30:00,0.0
2019-06-25 08:00:00,0.0
2019-06-25 08:30:00,0.0
2019-06-25 09:00:00,0.0
2019-06-25 09:30:00,0.0
2019-06-25 10:00:00,0.0
2019-06-25 10:30:00,0.0
2019-06-25 11:00:00,0.0
2019-06-25 11:30:00,0.0
2019-06-25 12:00:00,0.0
2019-06-25 12:30:00,8.91485
2019-06-25 13:00:00,22.492350000000002
2019-06-25 13:30:00,46.56006428571429
2019-06-25 14:00:00,80.84222950937951
2019-06-25 14:30:00,124.31534100411412
2019-06-25 15:00:00,154.94100031381026
2019-06-25 15:30:00,144.76490031381027
2019-06-25 16:00:00,129.09190031381027
2019-06-25 16:30:00,122.18185031381027
2019-06-25 17:00:00,106.75226936142931
2019-06-25 17:30:00,80.64231221857217
2019-06-25 18:00:00,73.12619793285789
2019-06-25 18:30:00,66.00992015508011
2019-06-25 19:00:00,65.860409043969
2019-06-25 19:30:00,51.40875651871647
2019-06-25 20:00:00,46.06625651871647
2019-06-25 20:30:00,41.22771106417102
2019-06-25 21:00:00,35.07186491032486
2019-06-25 21:30:00,28.12701362827358
2019-06-25 22:00:00,39.21814696160692
2019-06-25 22:30:00,48.80570886636882
2019-06-25 23:00:00,42.12437553303549
2019-06-25 23:30:00,37.881931088591045
2019-06-26 00:00:00,27.86261529911736
2019-06-26 00:30:00,20.999341614906832
2019-06-26 01:00:00,18.8860082815735
2019-06-26 01:30:00,13.950674948240165
2019-06-26 02:00:00,6.527333333333333
2019-06-26 02:30:00,4.808666666666666
2019-06-26 03:00:00,0.0
2019-06-26 03:30:00,0.0
2019-06-26 04:00:00,0.0
2019-06-26 04:30:00,2.8495
2019-06-26 05:00:00,2.8495
2019-06-26 05:30:00,2.8495
2019-06-26 06:00:00,2.8495
2019-06-26 06:30:00,0.0
2019-06-26 07:00:00,0.0
2019-06-26 07:30:00,0.0
2019-06-26 08:00:00,0.0
2019-06-26 08:30:00,0.0
2019-06-26 09:00:00,0.0
2019-06-26 09:30:00,0.0
2019-06-26 10:00:00,0.0
2019-06-26 10:30:00,0.0
2019-06-26 11:00:00,0.0
2019-06-26 11:30:00,0.0
2019-06-26 12:00:00,0.0
2019-06-26 12:30:00,4.706444444444445
2019-06-26 13:00:00,38.7299074141216
2019-06-26 13:30:00,66.65583206398155
2019-06-26 14:00:00,115.61395686930179
2019-06-26 14:30:00,165.2851481863181
2019-06-26 15:00:00,162.71848151965145
2019-06-26 15:30:00,155.4624481863181
2019-06-26 16:00:00,137.22911485298476
2019-06-26 16:30:00,123.57433866250858
2019-06-26 17:00:00,114.24819897996889
2019-06-26 17:30:00,106.66186564663556
2019-06-26 18:00:00,106.66186564663556
2019-06-26 18:30:00,100.0544191819891
2019-06-26 19:00:00,100.0544191819891
2019-06-26 19:30:00,97.55075251532243
2019-06-26 20:00:00,88.00470056727048
2019-06-26 20:30:00,66.55098261855254
2019-06-26 21:00:00,56.24310569547561
2019-06-26 21:30:00,68.36817712404704
2019-06-26 22:00:00,50.227489378949
2019-06-26 22:30:00,58.230072789681714
2019-06-26 23:00:00,67.92623945634838
2019-06-26 23:30:00,68.82738682476943
2019-06-27 00:00:00,67.19852015810277
2019-06-27 00:30:00,57.6754683982684
2019-06-27 01:00:00,34.92109696969697
2019-06-27 01:30:00,20.49706666666667
2019-06-27 02:00:00,15.512666666666668
2019-06-27 02:30:00,8.946666666666667
2019-06-27 03:00:00,6.0551666666666675
2019-06-27 03:30:00,0.0
2019-06-27 04:00:00,0.0
2019-06-27 04:30:00,0.0
2019-06-27 05:00:00,0.0
2019-06-27 05:30:00,0.0
2019-06-27 06:00:00,0.0
2019-06-27 06:30:00,0.0
2019-06-27 07:00:00,0.0
2019-06-27 07:30:00,0.0
2019-06-27 08:00:00,0.0
2019-06-27 08:30:00,0.0
2019-06-27 09:00:00,0.0
2019-06-27 09:30:00,0.0
2019-06-27 10:00:00,0.0
2019-06-27 10:30:00,0.0
2019-06-27 11:00:00,0.0
2019-06-27 11:30:00,0.0
2019-06-27 12:00:00,3.488
2019-06-27 12:30:00,8.290678571428572
2019-06-27 13:00:00,30.057942673992674
2019-06-27 13:30:00,55.59745616605617
2019-06-27 14:00:00,118.13475990836649
2019-06-27 14:30:00,153.15824263479038
2019-06-27 15:00:00,148.4282426347904
2019-06-27 15:30:00,148.4282426347904
2019-06-27 16:00:00,133.95560930145706
2019-06-27 16:30:00,129.52328787288562
2019-06-27 17:00:00,117.22500215859992
2019-06-27 17:30:00,115.33134739669515
2019-06-27 18:00:00,97.04989342844118
2019-06-27 18:30:00,102.37939342844119
2019-06-27 19:00:00,92.90802377032153
2019-06-27 19:30:00,74.12392503572279
2019-06-27 20:00:00,70.72687741667517
2019-06-27 20:30:00,66.44087741667518
2019-06-27 21:00:00,63.18447741667517
2019-06-27 21:30:00,57.84647741667517
2019-06-27 22:00:00,48.53335241667517
2019-06-27 22:30:00,60.88355241667517
2019-06-27 23:00:00,51.335118102949686
2019-06-27 23:30:00,58.20464065934066
2019-06-28 00:00:00,61.09714065934066
2019-06-28 00:30:00,44.90356923076923
2019-06-28 01:00:00,39.04036923076923
2019-06-28 01:30:00,20.8455
2019-06-28 02:00:00,4.65
2019-06-28 02:30:00,4.65
2019-06-28 03:00:00,0.0
2019-06-28 03:30:00,0.0
2019-06-28 04:00:00,0.0
2019-06-28 04:30:00,0.0
2019-06-28 05:00:00,0.0
2019-06-28 05:30:00,0.0
2019-06-28 06:00:00,0.0
2019-06-28 06:30:00,0.0
2019-06-28 07:00:00,0.0
2019-06-28 07:30:00,0.0
2019-06-28 08:00:00,0.0
2019-06-28 08:30:00,0.0
2019-06-28 09:00:00,0.0
2019-06-28 09:30:00,0.0
2019-06-28 10:00:00,0.0
2019-06-28 10:30:00,0.0
2019-06-28 11:00:00,0.0
2019-06-28 11:30:00,0.0
2019-06-28 12:00:00,0.0
2019-06-28 12:30:00,12.068215873015873
2019-06-28 13:00:00,23.11374365079365
2019-06-28 13:30:00,71.16116221391268
2019-06-28 14:00:00,127.24272704711869
2019-06-28 14:30:00,152.5432845562762
2019-06-28 15:00:00,152.5432845562762
2019-06-28 15:30:00,149.53161788960952
2019-06-28 16:00:00,143.80862423881587
2019-06-28 16:30:00,140.16062423881587
2019-06-28 17:00:00,128.51271550865715
2019-06-28 17:30:00,108.6047829689746
2019-06-28 18:00:00,97.76708058802222
2019-06-28 18:30:00,110.14857503246667
2019-06-28 19:00:00,109.01761594155758
2019-06-28 19:30:00,109.1784179617596
2019-06-28 20:00:00,104.7939179617596
2019-06-28 20:30:00,94.86001161255325
2019-06-28 21:00:00,94.82148743672907
2019-06-28 21:30:00,102.36239219863384
2019-06-28 22:00:00,92.60095102216326
2019-06-28 22:30:00,89.73778813700919
2019-06-28 23:00:00,71.10745158730158
2019-06-28 23:30:00,58.448051587301585
2019-06-29 00:00:00,36.19994047619048
2019-06-29 00:30:00,27.407392857142856
2019-06-29 01:00:00,22.06682142857143
2019-06-29 01:30:00,22.06682142857143
2019-06-29 02:00:00,17.881166666666665
2019-06-29 02:30:00,12.616666666666667
2019-06-29 03:00:00,12.616666666666667
2019-06-29 03:30:00,6.142
2019-06-29 04:00:00,6.142
2019-06-29 04:30:00,6.142
2019-06-29 05:00:00,6.142
2019-06-29 05:30:00,6.142
2019-06-29 06:00:00,6.142
2019-06-29 06:30:00,6.142
2019-06-29 07:00:00,0.0
2019-06-29 07:30:00,0.0
2019-06-29 08:00:00,0.0
2019-06-29 08:30:00,0.0
2019-06-29 09:00:00,0.0
2019-06-29 09:30:00,0.0
2019-06-29 10:00:00,0.0
2019-06-29 10:30:00,0.0
2019-06-29 11:00:00,0.0
2019-06-29 11:30:00,0.0
2019-06-29 12:00:00,0.0
2019-06-29 12:30:00,0.0
2019-06-29 13:00:00,2.8759056944444445
2019-06-29 13:30:00,2.8759056944444445
2019-06-29 14:00:00,2.8759056944444445
2019-06-29 14:30:00,2.8759056944444445
2019-06-29 15:00:00,7.858084768518519
2019-06-29 15:30:00,7.858084768518519
2019-06-29 16:00:00,7.858084768518519
2019-06-29 16:30:00,7.858084768518519
2019-06-29 17:00:00,4.982179074074074
2019-06-29 17:30:00,4.982179074074074
2019-06-29 18:00:00,0.0
2019-06-29 18:30:00,0.0
2019-06-29 19:00:00,0.0
2019-06-29 19:30:00,0.0
2019-06-29 20:00:00,0.0
2019-06-29 20:30:00,0.0
2019-06-29 21:00:00,0.0
2019-06-29 21:30:00,0.0
2019-06-29 22:00:00,0.0
2019-06-29 22:30:00,0.0
2019-06-29 23:00:00,0.0
2019-06-29 23:30:00,0.0
2019-06-30 00:00:00,0.0
2019-06-30 00:30:00,0.0
2019-06-30 01:00:00,0.0
2019-06-30 01:30:00,0.0
2019-06-30 02:00:00,0.0
2019-06-30 02:30:00,0.0
2019-06-30 03:00:00,0.0
2019-06-30 03:30:00,0.0
2019-06-30 04:00:00,0.0
2019-06-30 04:30:00,0.0
2019-06-30 05:00:00,0.0
2019-06-30 05:30:00,0.0
2019-06-30 06:00:00,0.0
2019-06-30 06:30:00,0.0
2019-06-30 07:00:00,0.0
2019-06-30 07:30:00,0.0
2019-06-30 08:00:00,0.0
2019-06-30 08:30:00,0.0
2019-06-30 09:00:00,0.0
2019-06-30 09:30:00,0.0
2019-06-30 10:00:00,0.0
2019-06-30 10:30:00,0.0
2019-06-30 11:00:00,0.0
2019-06-30 11:30:00,0.0
2019-06-30 12:00:00,0.0
2019-06-30 12:30:00,0.0
2019-06-30 13:00:00,0.0
2019-06-30 13:30:00,0.0
2019-06-30 14:00:00,3.153
2019-06-30 14:30:00,3.153
2019-06-30 15:00:00,3.153
2019-06-30 15:30:00,3.153
2019-06-30 16:00:00,0.0
2019-06-30 16:30:00,0.0
2019-06-30 17:00:00,0.0
2019-06-30 17:30:00,0.0
2019-06-30 18:00:00,0.0
2019-06-30 18:30:00,0.0
2019-06-30 19:00:00,0.0
2019-06-30 19:30:00,6.7056
2019-06-30 20:00:00,6.7056
2019-06-30 20:30:00,6.7056
2019-06-30 21:00:00,6.7056
2019-06-30 21:30:00,6.7056
2019-06-30 22:00:00,0.0
2019-06-30 22:30:00,0.0
2019-06-30 23:00:00,6.2615
2019-06-30 23:30:00,6.2615
2019-07-01 00:00:00,6.2615
2019-07-01 00:30:00,6.2615
2019-07-01 01:00:00,0.0
2019-07-01 01:30:00,0.0
2019-07-01 02:00:00,0.0
2019-07-01 02:30:00,0.0
2019-07-01 03:00:00,0.0
2019-07-01 03:30:00,0.0
2019-07-01 04:00:00,0.0
2019-07-01 04:30:00,0.0
2019-07-01 05:00:00,0.0
2019-07-01 05:30:00,0.0
2019-07-01 06:00:00,0.0
2019-07-01 06:30:00,0.0
2019-07-01 07:00:00,0.0
2019-07-01 07:30:00,0.0
2019-07-01 08:00:00,0.0
2019-07-01 08:30:00,0.0
2019-07-01 09:00:00,0.0
2019-07-01 09:30:00,0.0
2019-07-01 10:00:00,0.0
2019-07-01 10:30:00,0.0
2019-07-01 11:00:00,0.0
2019-07-01 11:30:00,0.0
2019-07-01 12:00:00,0.0
2019-07-01 12:30:00,5.7813873517786565
2019-07-01 13:00:00,17.114763109354413
2019-07-01 13:30:00,35.16609615408746
2019-07-01 14:00:00,78.71125004259662
2019-07-01 14:30:00,116.4799459512631
2019-07-01 15:00:00,129.27414401889595
2019-07-01 15:30:00,146.4436044584564
2019-07-01 16:00:00,152.42227112512307
2019-07-01 16:30:00,150.7475766806786
2019-07-01 17:00:00,145.0120052521072
2019-07-01 17:30:00,139.7295052521072
2019-07-01 18:00:00,126.02194731559925
2019-07-01 18:30:00,106.08694731559926
2019-07-01 19:00:00,99.14583014388208
2019-07-01 19:30:00,100.30292163017357
2019-07-01 20:00:00,105.1002549635069
2019-07-01 20:30:00,100.60310496350691
2019-07-01 21:00:00,81.32813988414182
2019-07-01 21:30:00,68.18918750318944
2019-07-01 22:00:00,84.14194134934328
2019-07-01 22:30:00,92.67151277791471
2019-07-01 23:00:00,74.60967617660752
2019-07-01 23:30:00,65.72622322604931
2019-07-02 00:00:00,49.164735874270654
2019-07-02 00:30:00,29.699502540937324
2019-07-02 01:00:00,23.432017692452476
2019-07-02 01:30:00,18.02956314699793
2019-07-02 02:00:00,8.90794409937888
2019-07-02 02:30:00,0.0
2019-07-02 03:00:00,0.0
2019-07-02 03:30:00,0.0
2019-07-02 04:00:00,0.0
2019-07-02 04:30:00,0.0
2019-07-02 05:00:00,0.0
2019-07-02 05:30:00,0.0
2019-07-02 06:00:00,0.0
2019-07-02 06:30:00,0.0
2019-07-02 07:00:00,0.0
2019-07-02 07:30:00,0.0
2019-07-02 08:00:00,0.0
2019-07-02 08:30:00,0.0
2019-07-02 09:00:00,0.0
2019-07-02 09:30:00,0.0
2019-07-02 10:00:00,0.0
2019-07-02 10:30:00,0.0
2019-07-02 11:00:00,0.0
2019-07-02 11:30:00,0.0
2019-07-02 12:00:00,0.0
2019-07-02 12:30:00,10.18075
2019-07-02 13:00:00,21.19639126984127
2019-07-02 13:30:00,47.21393162071846
2019-07-02 14:00:00,85.14285298823984
2019-07-02 14:30:00,137.68732826655628
2019-07-02 15:00:00,152.96996083398886
2019-07-02 15:30:00,158.58129892922696
2019-07-02 16:00:00,154.85291296431467
2019-07-02 16:30:00,144.89854391669562
2019-07-02 17:00:00,123.41394391669562
2019-07-02 17:30:00,97.75558836114007
2019-07-02 18:00:00,91.90032169447339
2019-07-02 18:30:00,88.94169153574323
2019-07-02 19:00:00,79.84234232939403
2019-07-02 19:30:00,99.37344232939402
2019-07-02 20:00:00,103.29519788494959
2019-07-02 20:30:00,84.26146165451335
2019-07-02 21:00:00,76.62907703912875
2019-07-02 21:30:00,68.31907996953167
2019-07-02 22:00:00,60.792704211955915
2019-07-02 22:30:00,55.076437545289245
2019-07-02 23:00:00,43.3511462140199
2019-07-02 23:30:00,41.6491462140199
2019-07-03 00:00:00,35.61171764259133
2019-07-03 00:30:00,25.10356208703577
2019-07-03 01:00:00,11.261371610845295
2019-07-03 01:30:00,8.870424242424242
2019-07-03 02:00:00,6.3510909090909085
2019-07-03 02:30:00,6.3510909090909085
2019-07-03 03:00:00,6.3510909090909085
2019-07-03 03:30:00,0.0
2019-07-03 04:00:00,6.715
2019-07-03 04:30:00,6.715
2019-07-03 05:00:00,6.715
2019-07-03 05:30:00,6.715
2019-07-03 06:00:00,6.715
2019-07-03 06:30:00,6.715
2019-07-03 07:00:00,6.715
2019-07-03 07:30:00,6.715
2019-07-03 08:00:00,0.0
2019-07-03 08:30:00,0.0
2019-07-03 09:00:00,0.0
2019-07-03 09:30:00,0.0
2019-07-03 10:00:00,0.0
2019-07-03 10:30:00,0.0
2019-07-03 11:00:00,0.0
2019-07-03 11:30:00,0.0
2019-07-03 12:00:00,0.0
2019-07-03 12:30:00,0.0
2019-07-03 13:00:00,5.51
2019-07-03 13:30:00,5.7556666666666665
2019-07-03 14:00:00,5.7556666666666665
2019-07-03 14:30:00,15.2955
2019-07-03 15:00:00,15.2955
2019-07-03 15:30:00,20.120166666666666
2019-07-03 16:00:00,24.537122222222223
2019-07-03 16:30:00,25.833574603174604
2019-07-03 17:00:00,28.361407936507938
2019-07-03 17:30:00,30.38326507936508
2019-07-03 18:00:00,33.07259841269841
2019-07-03 18:30:00,33.07259841269841
2019-07-03 19:00:00,30.060098412698412
2019-07-03 19:30:00,30.060098412698412
2019-07-03 20:00:00,29.80264126984127
2019-07-03 20:30:00,20.44175238095238
2019-07-03 21:00:00,10.615685714285714
2019-07-03 21:30:00,16.523685714285712
2019-07-03 22:00:00,16.523685714285712
2019-07-03 22:30:00,11.247285714285713
2019-07-03 23:00:00,11.247285714285713
2019-07-03 23:30:00,11.120857142857142
2019-07-04 00:00:00,2.021857142857143
2019-07-04 00:30:00,0.0
2019-07-04 01:00:00,0.0
2019-07-04 01:30:00,0.0
2019-07-04 02:00:00,0.0
2019-07-04 02:30:00,1.5348000000000002
2019-07-04 03:00:00,1.5348000000000002
2019-07-04 03:30:00,1.5348000000000002
2019-07-04 04:00:00,1.5348000000000002
2019-07-04 04:30:00,1.5348000000000002
2019-07-04 05:00:00,6.541428571428571
2019-07-04 05:30:00,6.541428571428571
2019-07-04 06:00:00,6.541428571428571
2019-07-04 06:30:00,6.541428571428571
2019-07-04 07:00:00,6.541428571428571
2019-07-04 07:30:00,6.541428571428571
2019-07-04 08:00:00,6.541428571428571
2019-07-04 08:30:00,0.0
2019-07-04 09:00:00,0.0
2019-07-04 09:30:00,0.0
2019-07-04 10:00:00,0.0
2019-07-04 10:30:00,0.0
2019-07-04 11:00:00,0.0
2019-07-04 11:30:00,0.0
2019-07-04 12:00:00,0.0
2019-07-04 12:30:00,0.0
2019-07-04 13:00:00,0.0
2019-07-04 13:30:00,0.0
2019-07-04 14:00:00,0.0
2019-07-04 14:30:00,0.0
2019-07-04 15:00:00,0.0
2019-07-04 15:30:00,5.686
2019-07-04 16:00:00,0.0
2019-07-04 16:30:00,0.0
2019-07-04 17:00:00,0.0
2019-07-04 17:30:00,0.0
2019-07-04 18:00:00,5.528
2019-07-04 18:30:00,5.528
2019-07-04 19:00:00,5.528
2019-07-04 19:30:00,5.528
2019-07-04 20:00:00,5.528
2019-07-04 20:30:00,5.528
2019-07-04 21:00:00,0.0
2019-07-04 21:30:00,0.0
2019-07-04 22:00:00,0.0
2019-07-04 22:30:00,0.0
2019-07-04 23:00:00,0.0
2019-07-04 23:30:00,6.386
2019-07-05 00:00:00,6.386
2019-07-05 00:30:00,6.386
2019-07-05 01:00:00,6.386
2019-07-05 01:30:00,0.0
2019-07-05 02:00:00,0.0
2019-07-05 02:30:00,0.0
2019-07-05 03:00:00,0.0
2019-07-05 03:30:00,0.0
2019-07-05 04:00:00,0.0
2019-07-05 04:30:00,0.0
2019-07-05 05:00:00,0.0
2019-07-05 05:30:00,0.0
2019-07-05 06:00:00,0.0
2019-07-05 06:30:00,0.0
2019-07-05 07:00:00,0.0
2019-07-05 07:30:00,0.0
2019-07-05 08:00:00,0.0
2019-07-05 08:30:00,0.0
2019-07-05 09:00:00,0.0
2019-07-05 09:30:00,0.0
2019-07-05 10:00:00,0.0
2019-07-05 10:30:00,0.0
2019-07-05 11:00:00,0.0
2019-07-05 11:30:00,0.0
2019-07-05 12:00:00,0.0
2019-07-05 12:30:00,0.0
2019-07-05 13:00:00,1.096
2019-07-05 13:30:00,0.0
2019-07-05 14:00:00,0.0
2019-07-05 14:30:00,0.0
2019-07-05 15:00:00,0.0
2019-07-05 15:30:00,4.57
2019-07-05 16:00:00,0.0
2019-07-05 16:30:00,0.0
2019-07-05 17:00:00,0.0
2019-07-05 17:30:00,6.63
2019-07-05 18:00:00,18.72375
2019-07-05 18:30:00,18.28575
2019-07-05 19:00:00,18.28575
2019-07-05 19:30:00,24.51375
2019-07-05 20:00:00,24.51375
2019-07-05 20:30:00,24.51375
2019-07-05 21:00:00,24.51375
2019-07-05 21:30:00,24.51375
2019-07-05 22:00:00,24.51375
2019-07-05 22:30:00,24.51375
2019-07-05 23:00:00,18.28575
2019-07-05 23:30:00,18.28575
2019-07-06 00:00:00,12.00975
2019-07-06 00:30:00,5.81775
2019-07-06 01:00:00,5.81775
2019-07-06 01:30:00,5.81775
2019-07-06 02:00:00,0.0
2019-07-06 02:30:00,0.0
2019-07-06 03:00:00,0.0
2019-07-06 03:30:00,0.0
2019-07-06 04:00:00,0.0
2019-07-06 04:30:00,0.0
2019-07-06 05:00:00,0.0
2019-07-06 05:30:00,0.0
2019-07-06 06:00:00,0.0
2019-07-06 06:30:00,0.0
2019-07-06 07:00:00,0.0
2019-07-06 07:30:00,0.0
2019-07-06 08:00:00,0.0
2019-07-06 08:30:00,0.0
2019-07-06 09:00:00,0.0
2019-07-06 09:30:00,0.0
2019-07-06 10:00:00,0.0
2019-07-06 10:30:00,0.0
2019-07-06 11:00:00,0.0
2019-07-06 11:30:00,0.0
2019-07-06 12:00:00,0.0
2019-07-06 12:30:00,0.0
2019-07-06 13:00:00,0.0
2019-07-06 13:30:00,0.0
2019-07-06 14:00:00,1.3165
2019-07-06 14:30:00,1.3165
2019-07-06 15:00:00,1.3165
2019-07-06 15:30:00,1.3165
2019-07-06 16:00:00,0.0
2019-07-06 16:30:00,0.0
2019-07-06 17:00:00,0.0
2019-07-06 17:30:00,0.0
2019-07-06 18:00:00,0.0
2019-07-06 18:30:00,0.0
2019-07-06 19:00:00,0.0
2019-07-06 19:30:00,0.0
2019-07-06 20:00:00,0.0
2019-07-06 20:30:00,0.0
2019-07-06 21:00:00,0.0
2019-07-06 21:30:00,0.0
2019-07-06 22:00:00,0.0
2019-07-06 22:30:00,0.0
2019-07-06 23:00:00,0.0
2019-07-06 23:30:00,0.0
2019-07-07 00:00:00,0.0
2019-07-07 00:30:00,0.0
2019-07-07 01:00:00,0.0
2019-07-07 01:30:00,0.0
2019-07-07 02:00:00,0.0
2019-07-07 02:30:00,0.0
2019-07-07 03:00:00,0.0
2019-07-07 03:30:00,0.0
2019-07-07 04:00:00,0.0
2019-07-07 04:30:00,0.0
2019-07-07 05:00:00,0.0
2019-07-07 05:30:00,0.0
2019-07-07 06:00:00,0.0
2019-07-07 06:30:00,0.0
2019-07-07 07:00:00,0.0
2019-07-07 07:30:00,0.0
2019-07-07 08:00:00,0.0
2019-07-07 08:30:00,0.0
2019-07-07 09:00:00,0.0
2019-07-07 09:30:00,0.0
2019-07-07 10:00:00,0.0
2019-07-07 10:30:00,0.0
2019-07-07 11:00:00,0.0
2019-07-07 11:30:00,0.0
2019-07-07 12:00:00,0.0
2019-07-07 12:30:00,0.0
2019-07-07 13:00:00,0.0
2019-07-07 13:30:00,0.0
2019-07-07 14:00:00,1.592
2019-07-07 14:30:00,1.592
2019-07-07 15:00:00,7.645875
2019-07-07 15:30:00,7.645875
2019-07-07 16:00:00,10.117875
2019-07-07 16:30:00,6.053875
2019-07-07 17:00:00,6.053875
2019-07-07 17:30:00,6.053875
2019-07-07 18:00:00,6.053875
2019-07-07 18:30:00,6.053875
2019-07-07 19:00:00,6.053875
2019-07-07 19:30:00,6.053875
2019-07-07 20:00:00,6.053875
2019-07-07 20:30:00,6.053875
2019-07-07 21:00:00,6.053875
2019-07-07 21:30:00,6.053875
2019-07-07 22:00:00,6.053875
2019-07-07 22:30:00,6.053875
2019-07-07 23:00:00,6.587666666666667
2019-07-07 23:30:00,6.587666666666667
2019-07-08 00:00:00,6.587666666666667
2019-07-08 00:30:00,6.587666666666667
2019-07-08 01:00:00,6.587666666666667
2019-07-08 01:30:00,6.587666666666667
2019-07-08 02:00:00,0.0
2019-07-08 02:30:00,0.0
2019-07-08 03:00:00,0.0
2019-07-08 03:30:00,0.0
2019-07-08 04:00:00,0.0
2019-07-08 04:30:00,0.0
2019-07-08 05:00:00,0.0
2019-07-08 05:30:00,0.0
2019-07-08 06:00:00,0.0
2019-07-08 06:30:00,0.0
2019-07-08 07:00:00,0.0
2019-07-08 07:30:00,0.0
2019-07-08 08:00:00,0.0
2019-07-08 08:30:00,0.0
2019-07-08 09:00:00,0.0
2019-07-08 09:30:00,0.0
2019-07-08 10:00:00,0.0
2019-07-08 10:30:00,0.0
2019-07-08 11:00:00,0.0
2019-07-08 11:30:00,0.0
2019-07-08 12:00:00,0.0
2019-07-08 12:30:00,0.0
2019-07-08 13:00:00,28.942315570419918
2019-07-08 13:30:00,47.00712357847035
2019-07-08 14:00:00,82.80216075795752
2019-07-08 14:30:00,112.33805369385118
2019-07-08 15:00:00,152.50125374694395
2019-07-08 15:30:00,150.43769652472173
2019-07-08 16:00:00,150.43769652472173
2019-07-08 16:30:00,141.25502033424553
2019-07-08 17:00:00,130.08511557234078
2019-07-08 17:30:00,105.44413779456299
2019-07-08 18:00:00,77.76783065170585
2019-07-08 18:30:00,94.4391764221413
2019-07-08 19:00:00,86.97289914941402
2019-07-08 19:30:00,89.08816667078155
2019-07-08 20:00:00,79.15657619459107
2019-07-08 20:30:00,77.40215568177055
2019-07-08 21:00:00,77.40215568177055
2019-07-08 21:30:00,77.85043040704528
2019-07-08 22:00:00,76.23826374037861
2019-07-08 22:30:00,76.55165421656909
2019-07-08 23:00:00,72.28465855093441
2019-07-08 23:30:00,64.21583502152265
2019-07-09 00:00:00,54.321838849273846
2019-07-09 00:30:00,29.5315081232493
2019-07-09 01:00:00,26.635508123249302
2019-07-09 01:30:00,12.734974789915967
2019-07-09 02:00:00,6.124117647058823
2019-07-09 02:30:00,6.124117647058823
2019-07-09 03:00:00,0.0
2019-07-09 03:30:00,0.0
2019-07-09 04:00:00,0.0
2019-07-09 04:30:00,0.0
2019-07-09 05:00:00,0.0
2019-07-09 05:30:00,0.0
2019-07-09 06:00:00,0.0
2019-07-09 06:30:00,0.0
2019-07-09 07:00:00,0.0
2019-07-09 07:30:00,0.0
2019-07-09 08:00:00,0.0
2019-07-09 08:30:00,0.0
2019-07-09 09:00:00,0.0
2019-07-09 09:30:00,0.0
2019-07-09 10:00:00,0.0
2019-07-09 10:30:00,4.572888888888889
2019-07-09 11:00:00,4.572888888888889
2019-07-09 11:30:00,4.572888888888889
2019-07-09 12:00:00,4.572888888888889
2019-07-09 12:30:00,7.46779797979798
2019-07-09 13:00:00,36.71855512265512
2019-07-09 13:30:00,73.1326262987013
2019-07-09 14:00:00,116.14732233044732
2019-07-09 14:30:00,164.25687183410844
2019-07-09 15:00:00,152.91231627855288
2019-07-09 15:30:00,154.17318294521957
2019-07-09 16:00:00,148.86528294521955
2019-07-09 16:30:00,138.3402258023624
2019-07-09 17:00:00,118.90542104045765
2019-07-09 17:30:00,104.7157900880767
2019-07-09 18:00:00,79.98532464796126
2019-07-09 18:30:00,71.7799190924057
2019-07-09 19:00:00,67.46311101159762
2019-07-09 19:30:00,71.42911101159763
2019-07-09 20:00:00,73.96496815445477
2019-07-09 20:30:00,69.99896815445476
2019-07-09 21:00:00,65.42375863064524
2019-07-09 21:30:00,56.13927251953413
2019-07-09 22:00:00,57.58227251953413
2019-07-09 22:30:00,48.07327251953413
2019-07-09 23:00:00,36.401171679198
2019-07-09 23:30:00,46.60906056808689
2019-07-10 00:00:00,40.359007936507936
2019-07-10 00:30:00,36.97700793650794
2019-07-10 01:00:00,37.76900793650794
2019-07-10 01:30:00,35.32400793650794
2019-07-10 02:00:00,23.970952380952383
2019-07-10 02:30:00,5.956857142857143
2019-07-10 03:00:00,0.0
2019-07-10 03:30:00,0.0
2019-07-10 04:00:00,0.0
2019-07-10 04:30:00,8.807
2019-07-10 05:00:00,14.246333333333332
2019-07-10 05:30:00,14.246333333333332
2019-07-10 06:00:00,14.246333333333332
2019-07-10 06:30:00,0.0
2019-07-10 07:00:00,0.0
2019-07-10 07:30:00,0.0
2019-07-10 08:00:00,0.0
2019-07-10 08:30:00,0.0
2019-07-10 09:00:00,0.0
2019-07-10 09:30:00,0.0
2019-07-10 10:00:00,0.0
2019-07-10 10:30:00,0.0
2019-07-10 11:00:00,0.0
2019-07-10 11:30:00,0.0
2019-07-10 12:00:00,0.0
2019-07-10 12:30:00,10.300812121212122
2019-07-10 13:00:00,36.45226053391053
2019-07-10 13:30:00,65.49381132756133
2019-07-10 14:00:00,97.41589011266511
2019-07-10 14:30:00,150.93749689186802
2019-07-10 15:00:00,163.42247752678867
2019-07-10 15:30:00,158.56597752678866
2019-07-10 16:00:00,156.56157752678865
2019-07-10 16:30:00,143.72176800297913
2019-07-10 17:00:00,134.02225609821724
2019-07-10 17:30:00,117.19252911409025
2019-07-10 18:00:00,101.37310619922732
2019-07-10 18:30:00,93.10514985002098
2019-07-10 19:00:00,71.14623873890987
2019-07-10 19:30:00,79.8911720722432
2019-07-10 20:00:00,77.27250540557654
2019-07-10 20:30:00,75.59227463634576
2019-07-10 21:00:00,64.24008416015529
2019-07-10 21:30:00,51.20383654110767
2019-07-10 22:00:00,48.54508058872672
2019-07-10 22:30:00,48.54508058872672
2019-07-10 23:00:00,41.9859142021721
2019-07-10 23:30:00,43.95180309106099
2019-07-11 00:00:00,34.11344285714286
2019-07-11 00:30:00,28.965442857142857
2019-07-11 01:00:00,17.25132380952381
2019-07-11 01:30:00,11.392523809523809
2019-07-11 02:00:00,11.392523809523809
2019-07-11 02:30:00,7.756857142857142
2019-07-11 03:00:00,10.450857142857142
2019-07-11 03:30:00,13.263357142857142
2019-07-11 04:00:00,10.569357142857143
2019-07-11 04:30:00,9.064357142857142
2019-07-11 05:00:00,9.064357142857142
2019-07-11 05:30:00,6.251857142857142
2019-07-11 06:00:00,1.86
2019-07-11 06:30:00,0.0
2019-07-11 07:00:00,0.0
2019-07-11 07:30:00,0.0
2019-07-11 08:00:00,0.0
2019-07-11 08:30:00,0.0
2019-07-11 09:00:00,0.0
2019-07-11 09:30:00,0.0
2019-07-11 10:00:00,0.0
2019-07-11 10:30:00,0.0
2019-07-11 11:00:00,0.0
2019-07-11 11:30:00,0.0
2019-07-11 12:00:00,2.4605
2019-07-11 12:30:00,4.942961538461539
2019-07-11 13:00:00,19.833255982905982
2019-07-11 13:30:00,46.77603744882568
2019-07-11 14:00:00,101.96575917171774
2019-07-11 14:30:00,135.912535174224
2019-07-11 15:00:00,150.66971466140348
2019-07-11 15:30:00,148.3089146614035
2019-07-11 16:00:00,143.49135751854635
2019-07-11 16:30:00,136.17645751854636
2019-07-11 17:00:00,130.74753132807015
2019-07-11 17:30:00,104.95458478278537
2019-07-11 18:00:00,80.73537208437268
2019-07-11 18:30:00,76.6255943065949
2019-07-11 19:00:00,79.16362165702225
2019-07-11 19:30:00,79.91302165702226
2019-07-11 20:00:00,68.74985499035559
2019-07-11 20:30:00,62.93884546654606
2019-07-11 21:00:00,60.9521787998794
2019-07-11 21:30:00,64.64289931269991
2019-07-11 22:00:00,54.885142449954806
2019-07-11 22:30:00,52.70767333230775
2019-07-11 23:00:00,48.94578603072045
2019-07-11 23:30:00,50.74486380849822
2019-07-12 00:00:00,46.77098661551577
2019-07-12 00:30:00,47.33817232980148
2019-07-12 01:00:00,35.37067232980149
2019-07-12 01:30:00,29.701628851540615
2019-07-12 02:00:00,17.97115238095238
2019-07-12 02:30:00,17.97115238095238
2019-07-12 03:00:00,12.213485714285714
2019-07-12 03:30:00,5.9722857142857135
2019-07-12 04:00:00,0.0
2019-07-12 04:30:00,0.0
2019-07-12 05:00:00,0.0
2019-07-12 05:30:00,0.0
2019-07-12 06:00:00,0.0
2019-07-12 06:30:00,0.0
2019-07-12 07:00:00,0.0
2019-07-12 07:30:00,0.0
2019-07-12 08:00:00,0.0
2019-07-12 08:30:00,0.0
2019-07-12 09:00:00,0.0
2019-07-12 09:30:00,0.0
2019-07-12 10:00:00,0.0
2019-07-12 10:30:00,0.0
2019-07-12 11:00:00,2.9195
2019-07-12 11:30:00,2.9195
2019-07-12 12:00:00,5.206214285714286
2019-07-12 12:30:00,10.171291979949874
2019-07-12 13:00:00,19.924223798131692
2019-07-12 13:30:00,54.177732961190856
2019-07-12 14:00:00,91.00380419475606
2019-07-12 14:30:00,137.96548511296066
2019-07-12 15:00:00,161.2655396584152
2019-07-12 15:30:00,155.5540646584152
2019-07-12 16:00:00,151.8960646584152
2019-07-12 16:30:00,141.85673132508188
2019-07-12 17:00:00,123.61213846793902
2019-07-12 17:30:00,100.20423608698663
2019-07-12 18:00:00,91.42097497587552
2019-07-12 18:30:00,92.09445826880481
2019-07-12 19:00:00,89.94891974066628
2019-07-12 19:30:00,85.62876822551476
2019-07-12 20:00:00,80.92811967663309
2019-07-12 20:30:00,73.38237941689283
2019-07-12 21:00:00,75.11579049625792
2019-07-12 21:30:00,73.94652169926543
2019-07-12 22:00:00,72.86140590979174
2019-07-12 22:30:00,68.47197453724273
2019-07-12 23:00:00,66.45121263248082
2019-07-12 23:30:00,49.02168738185426
2019-07-13 00:00:00,40.30945609478241
2019-07-13 00:30:00,27.693613237639553
2019-07-13 01:00:00,9.27402990430622
2019-07-13 01:30:00,5.773052631578947
2019-07-13 02:00:00,5.773052631578947
2019-07-13 02:30:00,5.773052631578947
2019-07-13 03:00:00,5.773052631578947
2019-07-13 03:30:00,5.773052631578947
2019-07-13 04:00:00,5.773052631578947
2019-07-13 04:30:00,8.643052631578946
2019-07-13 05:00:00,8.643052631578946
2019-07-13 05:30:00,8.643052631578946
2019-07-13 06:00:00,8.643052631578946
2019-07-13 06:30:00,5.773052631578947
2019-07-13 07:00:00,0.0
2019-07-13 07:30:00,0.0
2019-07-13 08:00:00,0.0
2019-07-13 08:30:00,0.0
2019-07-13 09:00:00,0.0
2019-07-13 09:30:00,0.0
2019-07-13 10:00:00,0.0
2019-07-13 10:30:00,0.0
2019-07-13 11:00:00,0.0
2019-07-13 11:30:00,0.0
2019-07-13 12:00:00,0.0
2019-07-13 12:30:00,3.800066984126984
2019-07-13 13:00:00,3.800066984126984
2019-07-13 13:30:00,3.800066984126984
2019-07-13 14:00:00,3.800066984126984
2019-07-13 14:30:00,3.800066984126984
2019-07-13 15:00:00,9.086066984126983
2019-07-13 15:30:00,7.738705595238095
2019-07-13 16:00:00,10.688387023809526
2019-07-13 16:30:00,6.749748412698414
2019-07-13 17:00:00,6.749748412698414
2019-07-13 17:30:00,6.749748412698414
2019-07-13 18:00:00,6.749748412698414
2019-07-13 18:30:00,6.749748412698414
2019-07-13 19:00:00,20.55289396825397
2019-07-13 19:30:00,6.964333333333333
2019-07-13 20:00:00,11.400333333333332
2019-07-13 20:30:00,3.0816666666666666
2019-07-13 21:00:00,3.0816666666666666
2019-07-13 21:30:00,3.0816666666666666
2019-07-13 22:00:00,0.0
2019-07-13 22:30:00,0.0
2019-07-13 23:00:00,0.0
2019-07-13 23:30:00,0.0
2019-07-14 00:00:00,0.0
2019-07-14 00:30:00,0.0
2019-07-14 01:00:00,0.0
2019-07-14 01:30:00,0.0
2019-07-14 02:00:00,0.0
2019-07-14 02:30:00,0.0
2019-07-14 03:00:00,0.0
2019-07-14 03:30:00,0.0
2019-07-14 04:00:00,0.0
2019-07-14 04:30:00,0.0
2019-07-14 05:00:00,0.0
2019-07-14 05:30:00,0.0
2019-07-14 06:00:00,0.0
2019-07-14 06:30:00,0.0
2019-07-14 07:00:00,0.0
2019-07-14 07:30:00,0.0
2019-07-14 08:00:00,0.0
2019-07-14 08:30:00,0.0
2019-07-14 09:00:00,0.0
2019-07-14 09:30:00,0.0
2019-07-14 10:00:00,0.0
2019-07-14 10:30:00,0.0
2019-07-14 11:00:00,0.0
2019-07-14 11:30:00,0.0
2019-07-14 12:00:00,0.0
2019-07-14 12:30:00,0.0
2019-07-14 13:00:00,0.0
2019-07-14 13:30:00,0.0
2019-07-14 14:00:00,0.0
2019-07-14 14:30:00,1.5495
2019-07-14 15:00:00,1.5495
2019-07-14 15:30:00,1.5495
2019-07-14 16:00:00,1.5495
2019-07-14 16:30:00,0.112125
2019-07-14 17:00:00,0.112125
2019-07-14 17:30:00,0.112125
2019-07-14 18:00:00,0.112125
2019-07-14 18:30:00,0.112125
2019-07-14 19:00:00,0.112125
2019-07-14 19:30:00,0.112125
2019-07-14 20:00:00,0.112125
2019-07-14 20:30:00,0.112125
2019-07-14 21:00:00,3.170625
2019-07-14 21:30:00,3.170625
2019-07-14 22:00:00,3.170625
2019-07-14 22:30:00,3.170625
2019-07-14 23:00:00,0.112125
2019-07-14 23:30:00,0.112125
2019-07-15 00:00:00,0.112125
2019-07-15 00:30:00,0.0
2019-07-15 01:00:00,0.0
2019-07-15 01:30:00,0.0
2019-07-15 02:00:00,0.0
2019-07-15 02:30:00,0.0
2019-07-15 03:00:00,0.0
2019-07-15 03:30:00,0.0
2019-07-15 04:00:00,0.0
2019-07-15 04:30:00,0.0
2019-07-15 05:00:00,0.0
2019-07-15 05:30:00,0.0
2019-07-15 06:00:00,0.0
2019-07-15 06:30:00,0.0
2019-07-15 07:00:00,0.0
2019-07-15 07:30:00,0.0
2019-07-15 08:00:00,0.0
2019-07-15 08:30:00,0.0
2019-07-15 09:00:00,0.0
2019-07-15 09:30:00,0.0
2019-07-15 10:00:00,0.0
2019-07-15 10:30:00,0.0
2019-07-15 11:00:00,0.0
2019-07-15 11:30:00,0.0
2019-07-15 12:00:00,2.621166666666667
2019-07-15 12:30:00,9.962928571428572
2019-07-15 13:00:00,26.269522402597403
2019-07-15 13:30:00,46.88107146464647
2019-07-15 14:00:00,97.35766621054384
2019-07-15 14:30:00,139.1030717660994
2019-07-15 15:00:00,148.4520226432924
2019-07-15 15:30:00,148.4520226432924
2019-07-15 16:00:00,146.24002264329238
2019-07-15 16:30:00,139.6223083575781
2019-07-15 17:00:00,128.55351788138762
2019-07-15 17:30:00,103.11718930995904
2019-07-15 18:00:00,77.2278075639273
2019-07-15 18:30:00,67.28710301847275
2019-07-15 19:00:00,66.1500181699879
2019-07-15 19:30:00,64.94679089726064
2019-07-15 20:00:00,55.4697575639273
2019-07-15 20:30:00,41.05127551264525
2019-07-15 21:00:00,33.67729336978811
2019-07-15 21:30:00,41.99923622693096
2019-07-15 22:00:00,46.55538622693096
2019-07-15 22:30:00,52.91188622693097
2019-07-15 23:00:00,60.35117987772462
2019-07-15 23:30:00,49.860352392344495
2019-07-16 00:00:00,45.123152392344494
2019-07-16 00:30:00,25.10125
2019-07-16 01:00:00,11.48075
2019-07-16 01:30:00,9.021749999999999
2019-07-16 02:00:00,3.2560000000000002
2019-07-16 02:30:00,2.997
2019-07-16 03:00:00,4.1465
2019-07-16 03:30:00,2.6125
2019-07-16 04:00:00,2.6125
2019-07-16 04:30:00,0.0
2019-07-16 05:00:00,0.0
2019-07-16 05:30:00,2.6246666666666667
2019-07-16 06:00:00,2.6246666666666667
2019-07-16 06:30:00,2.6246666666666667
2019-07-16 07:00:00,0.0
2019-07-16 07:30:00,0.0
2019-07-16 08:00:00,0.0
2019-07-16 08:30:00,0.0
2019-07-16 09:00:00,0.0
2019-07-16 09:30:00,0.0
2019-07-16 10:00:00,0.0
2019-07-16 10:30:00,0.0
2019-07-16 11:00:00,0.0
2019-07-16 11:30:00,0.0
2019-07-16 12:00:00,6.817209090909092
2019-07-16 12:30:00,9.13800909090909
2019-07-16 13:00:00,29.477080303030302
2019-07-16 13:30:00,64.93456126651127
2019-07-16 14:00:00,103.12177704079546
2019-07-16 14:30:00,157.20125013652498
2019-07-16 15:00:00,154.88045013652498
2019-07-16 15:30:00,148.17528346985833
2019-07-16 16:00:00,148.17528346985833
2019-07-16 16:30:00,145.4348834698583
2019-07-16 17:00:00,136.13953346985832
2019-07-16 17:30:00,118.54866442223927
2019-07-16 18:00:00,103.28674220001704
2019-07-16 18:30:00,97.66836543234028
2019-07-16 19:00:00,73.58396139193624
2019-07-16 19:30:00,64.5118477555726
2019-07-16 20:00:00,66.63010416582901
2019-07-16 20:30:00,68.40160416582901
2019-07-16 21:00:00,54.29237559440044
2019-07-16 21:30:00,49.5088684515433
2019-07-16 22:00:00,44.85543511820996
2019-07-16 22:30:00,49.652476784876626
2019-07-16 23:00:00,47.6675480861244
2019-07-16 23:30:00,57.9193279106858
2019-07-17 00:00:00,53.02501212121212
2019-07-17 00:30:00,49.80061212121212
2019-07-17 01:00:00,34.0814
2019-07-17 01:30:00,21.449233333333332
2019-07-17 02:00:00,14.3583
2019-07-17 02:30:00,3.0328
2019-07-17 03:00:00,2.518666666666667
2019-07-17 03:30:00,2.518666666666667
2019-07-17 04:00:00,2.518666666666667
2019-07-17 04:30:00,0.0
2019-07-17 05:00:00,0.0
2019-07-17 05:30:00,0.0
2019-07-17 06:00:00,0.0
2019-07-17 06:30:00,0.0
2019-07-17 07:00:00,0.0
2019-07-17 07:30:00,0.0
2019-07-17 08:00:00,0.0
2019-07-17 08:30:00,0.0
2019-07-17 09:00:00,0.0
2019-07-17 09:30:00,0.0
2019-07-17 10:00:00,0.0
2019-07-17 10:30:00,0.0
2019-07-17 11:00:00,0.0
2019-07-17 11:30:00,0.0
2019-07-17 12:00:00,6.867692307692307
2019-07-17 12:30:00,8.987692307692308
2019-07-17 13:00:00,20.859662004662006
2019-07-17 13:30:00,67.74346451092767
2019-07-17 14:00:00,105.400919928457
2019-07-17 14:30:00,160.78490206298915
2019-07-17 15:00:00,158.97823539632248
2019-07-17 15:30:00,155.19423539632245
2019-07-17 16:00:00,152.96303539632245
2019-07-17 16:30:00,147.09103539632247
2019-07-17 17:00:00,134.45335920584628
2019-07-17 17:30:00,118.02366079314787
2019-07-17 18:00:00,108.584517936005
2019-07-17 18:30:00,80.73839482023189
2019-07-17 19:00:00,78.73028370912078
2019-07-17 19:30:00,70.13761704245411
2019-07-17 20:00:00,54.933753406090474
2019-07-17 20:30:00,49.702920072757145
2019-07-17 21:00:00,49.2861444317315
2019-07-17 21:30:00,54.692144431731506
2019-07-17 22:00:00,55.73869998728706
2019-07-17 22:30:00,51.40321513880221
2019-07-17 23:00:00,63.03388882301274
2019-07-17 23:30:00,53.444066600790514
2019-07-18 00:00:00,36.227466600790514
2019-07-18 00:30:00,26.309466600790515
2019-07-18 01:00:00,24.323216600790513
2019-07-18 01:30:00,13.861581818181818
2019-07-18 02:00:00,6.020181818181817
2019-07-18 02:30:00,6.020181818181817
2019-07-18 03:00:00,6.020181818181817
2019-07-18 03:30:00,6.020181818181817
2019-07-18 04:00:00,2.859
2019-07-18 04:30:00,2.859
2019-07-18 05:00:00,2.859
2019-07-18 05:30:00,2.859
2019-07-18 06:00:00,0.0
2019-07-18 06:30:00,0.0
2019-07-18 07:00:00,0.0
2019-07-18 07:30:00,0.0
2019-07-18 08:00:00,0.0
2019-07-18 08:30:00,0.0
2019-07-18 09:00:00,0.0
2019-07-18 09:30:00,0.0
2019-07-18 10:00:00,0.0
2019-07-18 10:30:00,0.0
2019-07-18 11:00:00,0.0
2019-07-18 11:30:00,0.0
2019-07-18 12:00:00,0.0
2019-07-18 12:30:00,8.060400000000001
2019-07-18 13:00:00,24.921825613602085
2019-07-18 13:30:00,55.92319834087481
2019-07-18 14:00:00,118.19557118528186
2019-07-18 14:30:00,149.41271447532515
2019-07-18 15:00:00,154.20259326320394
2019-07-18 15:30:00,146.37459326320393
2019-07-18 16:00:00,143.28259326320395
2019-07-18 16:30:00,138.27999326320395
2019-07-18 17:00:00,118.68482183463252
2019-07-18 17:30:00,94.81798850129918
2019-07-18 18:00:00,90.44270278701347
2019-07-18 18:30:00,72.4738250092357
2019-07-18 19:00:00,74.10541894862963
2019-07-18 19:30:00,71.94291312112381
2019-07-18 20:00:00,67.0618222120329
2019-07-18 20:30:00,52.690522911333595
2019-07-18 21:00:00,49.24199910180978
2019-07-18 21:30:00,61.89310204298626
2019-07-18 22:00:00,68.72268061441483
2019-07-18 22:30:00,61.274947281081495
2019-07-18 23:00:00,77.90335045568467
2019-07-18 23:30:00,52.818982034632036
2019-07-19 00:00:00,45.96907619047619
2019-07-19 00:30:00,46.86193333333333
2019-07-19 01:00:00,50.8521
2019-07-19 01:30:00,28.75305476190476
2019-07-19 02:00:00,34.91455476190476
2019-07-19 02:30:00,28.317507142857142
2019-07-19 03:00:00,22.740007142857145
2019-07-19 03:30:00,22.740007142857145
2019-07-19 04:00:00,15.0349
2019-07-19 04:30:00,15.0349
2019-07-19 05:00:00,15.0349
2019-07-19 05:30:00,9.0245
2019-07-19 06:00:00,0.0
2019-07-19 06:30:00,0.0
2019-07-19 07:00:00,0.0
2019-07-19 07:30:00,0.0
2019-07-19 08:00:00,0.0
2019-07-19 08:30:00,0.0
2019-07-19 09:00:00,0.0
2019-07-19 09:30:00,0.0
2019-07-19 10:00:00,0.0
2019-07-19 10:30:00,0.0
2019-07-19 11:00:00,0.0
2019-07-19 11:30:00,0.0
2019-07-19 12:00:00,0.0
2019-07-19 12:30:00,2.636
2019-07-19 13:00:00,8.142
2019-07-19 13:30:00,21.985833333333332
2019-07-19 14:00:00,29.611666666666665
2019-07-19 14:30:00,32.25109523809524
2019-07-19 15:00:00,37.042095238095236
2019-07-19 15:30:00,43.40501746031746
2019-07-19 16:00:00,43.40501746031746
2019-07-19 16:30:00,34.872350793650796
2019-07-19 17:00:00,37.662600793650796
2019-07-19 17:30:00,33.42660079365079
2019-07-19 18:00:00,22.390305555555557
2019-07-19 18:30:00,25.91997222222222
2019-07-19 19:00:00,23.49963888888889
2019-07-19 19:30:00,27.76163888888889
2019-07-19 20:00:00,18.000916666666665
2019-07-19 20:30:00,17.506416666666667
2019-07-19 21:00:00,17.487666666666666
2019-07-19 21:30:00,17.487666666666666
2019-07-19 22:00:00,11.928
2019-07-19 22:30:00,9.0835
2019-07-19 23:00:00,6.154
2019-07-19 23:30:00,12.455
2019-07-20 00:00:00,12.455
2019-07-20 00:30:00,0.0
2019-07-20 01:00:00,0.0
2019-07-20 01:30:00,0.0
2019-07-20 02:00:00,0.0
2019-07-20 02:30:00,0.0
2019-07-20 03:00:00,0.0
2019-07-20 03:30:00,0.0
2019-07-20 04:00:00,0.0
2019-07-20 04:30:00,0.0
2019-07-20 05:00:00,0.0
2019-07-20 05:30:00,0.0
2019-07-20 06:00:00,0.0
2019-07-20 06:30:00,0.0
2019-07-20 07:00:00,0.0
2019-07-20 07:30:00,0.0
2019-07-20 08:00:00,0.0
2019-07-20 08:30:00,0.0
2019-07-20 09:00:00,0.0
2019-07-20 09:30:00,0.0
2019-07-20 10:00:00,0.0
2019-07-20 10:30:00,0.0
2019-07-20 11:00:00,0.0
2019-07-20 11:30:00,0.0
2019-07-20 12:00:00,0.0
2019-07-20 12:30:00,0.0
2019-07-20 13:00:00,3.116
2019-07-20 13:30:00,3.116
2019-07-20 14:00:00,3.116
2019-07-20 14:30:00,3.116
2019-07-20 15:00:00,0.0
2019-07-20 15:30:00,6.138909090909092
2019-07-20 16:00:00,6.138909090909092
2019-07-20 16:30:00,6.138909090909092
2019-07-20 17:00:00,7.4999090909090915
2019-07-20 17:30:00,7.4999090909090915
2019-07-20 18:00:00,7.4999090909090915
2019-07-20 18:30:00,7.4999090909090915
2019-07-20 19:00:00,6.138909090909092
2019-07-20 19:30:00,6.138909090909092
2019-07-20 20:00:00,6.138909090909092
2019-07-20 20:30:00,6.138909090909092
2019-07-20 21:00:00,0.0
2019-07-20 21:30:00,0.0
2019-07-20 22:00:00,0.0
2019-07-20 22:30:00,0.0
2019-07-20 23:00:00,0.0
2019-07-20 23:30:00,0.0
2019-07-21 00:00:00,0.0
2019-07-21 00:30:00,0.0
2019-07-21 01:00:00,0.0
2019-07-21 01:30:00,0.0
2019-07-21 02:00:00,0.0
2019-07-21 02:30:00,0.0
2019-07-21 03:00:00,0.0
2019-07-21 03:30:00,0.0
2019-07-21 04:00:00,0.0
2019-07-21 04:30:00,0.0
2019-07-21 05:00:00,0.0
2019-07-21 05:30:00,0.0
2019-07-21 06:00:00,0.0
2019-07-21 06:30:00,0.0
2019-07-21 07:00:00,0.0
2019-07-21 07:30:00,0.0
2019-07-21 08:00:00,0.0
2019-07-21 08:30:00,0.0
2019-07-21 09:00:00,0.0
2019-07-21 09:30:00,0.0
2019-07-21 10:00:00,0.0
2019-07-21 10:30:00,0.0
2019-07-21 11:00:00,0.0
2019-07-21 11:30:00,0.0
2019-07-21 12:00:00,0.0
2019-07-21 12:30:00,0.0
2019-07-21 13:00:00,0.0
2019-07-21 13:30:00,3.1904
2019-07-21 14:00:00,3.1904
2019-07-21 14:30:00,3.1904
2019-07-21 15:00:00,3.1904
2019-07-21 15:30:00,3.1904
2019-07-21 16:00:00,1.416
2019-07-21 16:30:00,1.416
2019-07-21 17:00:00,1.416
2019-07-21 17:30:00,1.416
2019-07-21 18:00:00,1.638
2019-07-21 18:30:00,0.0
2019-07-21 19:00:00,0.0
2019-07-21 19:30:00,0.0
2019-07-21 20:00:00,0.0
2019-07-21 20:30:00,0.0
2019-07-21 21:00:00,0.0
2019-07-21 21:30:00,0.0
2019-07-21 22:00:00,0.0
2019-07-21 22:30:00,0.0
2019-07-21 23:00:00,0.0
2019-07-21 23:30:00,0.0
2019-07-22 00:00:00,0.0
2019-07-22 00:30:00,0.0
2019-07-22 01:00:00,0.0
2019-07-22 01:30:00,0.0
2019-07-22 02:00:00,0.0
2019-07-22 02:30:00,0.0
2019-07-22 03:00:00,0.0
2019-07-22 03:30:00,0.0
2019-07-22 04:00:00,0.0
2019-07-22 04:30:00,0.0
2019-07-22 05:00:00,0.0
2019-07-22 05:30:00,0.0
2019-07-22 06:00:00,0.0
2019-07-22 06:30:00,0.0
2019-07-22 07:00:00,0.0
2019-07-22 07:30:00,0.0
2019-07-22 08:00:00,0.0
2019-07-22 08:30:00,0.0
2019-07-22 09:00:00,0.0
2019-07-22 09:30:00,0.0
2019-07-22 10:00:00,0.0
2019-07-22 10:30:00,0.0
2019-07-22 11:00:00,0.0
2019-07-22 11:30:00,0.0
2019-07-22 12:00:00,2.565142857142857
2019-07-22 12:30:00,9.755333333333333
2019-07-22 13:00:00,35.1368354978355
2019-07-22 13:30:00,59.14298787878788
2019-07-22 14:00:00,116.7703307306988
2019-07-22 14:30:00,169.17606432940144
2019-07-22 15:00:00,163.48656432940143
2019-07-22 15:30:00,160.92142147225857
2019-07-22 16:00:00,153.94308813892525
2019-07-22 16:30:00,144.8855548055919
2019-07-22 17:00:00,136.4877452817824
2019-07-22 17:30:00,122.9432452817824
2019-07-22 18:00:00,116.91686432940143
2019-07-22 18:30:00,112.42124428450806
2019-07-22 19:00:00,105.18252285593663
2019-07-22 19:30:00,109.3148605182743
2019-07-22 20:00:00,94.0038605182743
2019-07-22 20:30:00,82.82571766113143
2019-07-22 21:00:00,77.25411766113143
2019-07-22 21:30:00,66.91171289922667
2019-07-22 22:00:00,75.40633108104485
2019-07-22 22:30:00,73.96223584294962
2019-07-22 23:00:00,57.02394522670312
2019-07-22 23:30:00,38.75250813397129
2019-07-23 00:00:00,37.92811818181818
2019-07-23 00:30:00,26.133651515151513
2019-07-23 01:00:00,27.862984848484846
2019-07-23 01:30:00,20.59348484848485
2019-07-23 02:00:00,18.872151515151515
2019-07-23 02:30:00,15.13881818181818
2019-07-23 03:00:00,16.75361818181818
2019-07-23 03:30:00,7.7673
2019-07-23 04:00:00,7.7673
2019-07-23 04:30:00,7.7673
2019-07-23 05:00:00,7.7673
2019-07-23 05:30:00,6.1525
2019-07-23 06:00:00,6.1525
2019-07-23 06:30:00,6.1525
2019-07-23 07:00:00,6.1525
2019-07-23 07:30:00,6.1525
2019-07-23 08:00:00,0.0
2019-07-23 08:30:00,0.0
2019-07-23 09:00:00,0.0
2019-07-23 09:30:00,0.0
2019-07-23 10:00:00,0.0
2019-07-23 10:30:00,0.0
2019-07-23 11:00:00,0.0
2019-07-23 11:30:00,0.0
2019-07-23 12:00:00,2.6921666666666666
2019-07-23 12:30:00,9.704095238095238
2019-07-23 13:00:00,28.936973015873015
2019-07-23 13:30:00,58.54300396825397
2019-07-23 14:00:00,97.51945968359625
2019-07-23 14:30:00,133.8575489126384
2019-07-23 15:00:00,133.8575489126384
2019-07-23 15:30:00,131.5279489126384
2019-07-23 16:00:00,118.20145367454316
2019-07-23 16:30:00,102.21715367454316
2019-07-23 17:00:00,95.44229653168603
2019-07-23 17:30:00,77.5113243094638
2019-07-23 18:00:00,51.04001478565428
2019-07-23 18:30:00,59.406335549543165
2019-07-23 19:00:00,58.87300649398761
2019-07-23 19:30:00,69.96845966859078
2019-07-23 20:00:00,70.07045966859079
2019-07-23 20:30:00,65.80395966859078
2019-07-23 21:00:00,65.36581631194743
2019-07-23 21:30:00,56.78249726432838
2019-07-23 22:00:00,49.87805337543949
2019-07-23 22:30:00,63.27839862598415
2019-07-23 23:00:00,61.73218434026987
2019-07-23 23:30:00,52.32454372623478
2019-07-24 00:00:00,33.979855589225586
2019-07-24 00:30:00,33.91718892255892
2019-07-24 01:00:00,32.43918892255892
2019-07-24 01:30:00,20.43281818181818
2019-07-24 02:00:00,15.166018181818181
2019-07-24 02:30:00,5.9562
2019-07-24 03:00:00,7.5242
2019-07-24 03:30:00,1.568
2019-07-24 04:00:00,1.568
2019-07-24 04:30:00,8.066
2019-07-24 05:00:00,8.066
2019-07-24 05:30:00,2.9035
2019-07-24 06:00:00,2.9035
2019-07-24 06:30:00,2.9035
2019-07-24 07:00:00,2.9035
2019-07-24 07:30:00,0.0
2019-07-24 08:00:00,0.0
2019-07-24 08:30:00,0.0
2019-07-24 09:00:00,0.0
2019-07-24 09:30:00,0.0
2019-07-24 10:00:00,0.0
2019-07-24 10:30:00,0.0
2019-07-24 11:00:00,0.0
2019-07-24 11:30:00,0.0
2019-07-24 12:00:00,0.0
2019-07-24 12:30:00,4.675538461538461
2019-07-24 13:00:00,25.34499770523594
2019-07-24 13:30:00,61.4139263602067
2019-07-24 14:00:00,91.21917199300528
2019-07-24 14:30:00,143.69524504495334
2019-07-24 15:00:00,147.5314723176806
2019-07-24 15:30:00,142.20456251375904
2019-07-24 16:00:00,142.7747291804257
2019-07-24 16:30:00,145.24987203756857
2019-07-24 17:00:00,130.2496887042352
2019-07-24 17:30:00,126.85218870423522
2019-07-24 18:00:00,109.69084584709236
2019-07-24 18:30:00,98.63254584709236
2019-07-24 19:00:00,93.5610578906044
2019-07-24 19:30:00,85.37229526434179
2019-07-24 20:00:00,82.55236669291321
2019-07-24 20:30:00,85.39543942018594
2019-07-24 21:00:00,80.54677275351926
2019-07-24 21:30:00,68.02199684315512
2019-07-24 22:00:00,63.224036237094516
2019-07-24 22:30:00,56.01567267500302
2019-07-24 23:00:00,54.68102179781003
2019-07-24 23:30:00,78.81904402003225
2019-07-25 00:00:00,63.516298268398266
2019-07-25 00:30:00,54.2156922077922
2019-07-25 01:00:00,37.1084303030303
2019-07-25 01:30:00,27.679672727272727
2019-07-25 02:00:00,20.591672727272726
2019-07-25 02:30:00,14.674072727272726
2019-07-25 03:00:00,14.674072727272726
2019-07-25 03:30:00,2.8617999999999997
2019-07-25 04:00:00,2.8617999999999997
2019-07-25 04:30:00,0.0
2019-07-25 05:00:00,2.969
2019-07-25 05:30:00,2.969
2019-07-25 06:00:00,2.969
2019-07-25 06:30:00,2.969
2019-07-25 07:00:00,0.0
2019-07-25 07:30:00,0.0
2019-07-25 08:00:00,0.0
2019-07-25 08:30:00,0.0
2019-07-25 09:00:00,0.0
2019-07-25 09:30:00,0.0
2019-07-25 10:00:00,0.0
2019-07-25 10:30:00,0.0
2019-07-25 11:00:00,0.0
2019-07-25 11:30:00,0.0
2019-07-25 12:00:00,4.662428571428571
2019-07-25 12:30:00,4.662428571428571
2019-07-25 13:00:00,25.988459899749373
2019-07-25 13:30:00,51.19027095010253
2019-07-25 14:00:00,107.2995651439204
2019-07-25 14:30:00,150.64326808509688
2019-07-25 15:00:00,145.10393475176355
2019-07-25 15:30:00,139.6752680850969
2019-07-25 16:00:00,132.23993475176354
2019-07-25 16:30:00,132.48770618033498
2019-07-25 17:00:00,123.23874903747783
2019-07-25 17:30:00,109.30889189462069
2019-07-25 18:00:00,108.7838403073191
2019-07-25 18:30:00,110.71131252954132
2019-07-25 19:00:00,102.84618092780973
2019-07-25 19:30:00,98.52174759447638
2019-07-25 20:00:00,89.66139045161924
2019-07-25 20:30:00,84.88705711828591
2019-07-25 21:00:00,62.584733308762104
2019-07-25 21:30:00,55.87452378495258
2019-07-25 22:00:00,52.30829045161924
2019-07-25 22:30:00,33.732155948695265
2019-07-25 23:00:00,43.46311879699248
2019-07-25 23:30:00,34.6888380952381
2019-07-26 00:00:00,29.781838095238093
2019-07-26 00:30:00,32.1161
2019-07-26 01:00:00,20.750433333333334
2019-07-26 01:30:00,20.750433333333334
2019-07-26 02:00:00,15.016433333333335
2019-07-26 02:30:00,8.916833333333335
2019-07-26 03:00:00,8.916833333333335
2019-07-26 03:30:00,8.916833333333335
2019-07-26 04:00:00,8.916833333333335
2019-07-26 04:30:00,6.002833333333334
2019-07-26 05:00:00,6.002833333333334
2019-07-26 05:30:00,6.002833333333334
2019-07-26 06:00:00,6.002833333333334
2019-07-26 06:30:00,0.0
2019-07-26 07:00:00,0.0
2019-07-26 07:30:00,0.0
2019-07-26 08:00:00,0.0
2019-07-26 08:30:00,0.0
2019-07-26 09:00:00,0.0
2019-07-26 09:30:00,0.0
2019-07-26 10:00:00,0.0
2019-07-26 10:30:00,0.0
2019-07-26 11:00:00,0.0
2019-07-26 11:30:00,0.0
2019-07-26 12:00:00,4.042
2019-07-26 12:30:00,5.219444444444444
2019-07-26 13:00:00,22.928627777777777
2019-07-26 13:30:00,49.810422582972585
2019-07-26 14:00:00,85.55266399901268
2019-07-26 14:30:00,131.32936562808536
2019-07-26 15:00:00,156.56731562808537
2019-07-26 15:30:00,157.71051562808537
2019-07-26 16:00:00,144.8122489614187
2019-07-26 16:30:00,128.69898229475203
2019-07-26 17:00:00,120.99344658046631
2019-07-26 17:30:00,111.99007967570441
2019-07-26 18:00:00,91.38115348522823
2019-07-26 18:30:00,87.75640348522822
2019-07-26 19:00:00,76.22699994987468
2019-07-26 19:30:00,81.29329994987468
2019-07-26 20:00:00,82.14784540442014
2019-07-26 20:30:00,75.65949778537252
2019-07-26 21:00:00,77.90839778537253
2019-07-26 21:30:00,69.34272000759475
2019-07-26 22:00:00,68.4488759599757
2019-07-26 22:30:00,68.4488759599757
2019-07-26 23:00:00,64.9480759599757
2019-07-26 23:30:00,54.62550636933242
2019-07-27 00:00:00,40.25237854978355
2019-07-27 00:30:00,18.61025974025974
2019-07-27 01:00:00,15.42625974025974
2019-07-27 01:30:00,6.196
2019-07-27 02:00:00,6.196
2019-07-27 02:30:00,0.0
2019-07-27 03:00:00,0.0
2019-07-27 03:30:00,0.0
2019-07-27 04:00:00,0.0
2019-07-27 04:30:00,0.0
2019-07-27 05:00:00,0.0
2019-07-27 05:30:00,0.0
2019-07-27 06:00:00,0.0
2019-07-27 06:30:00,0.0
2019-07-27 07:00:00,0.0
2019-07-27 07:30:00,0.0
2019-07-27 08:00:00,0.0
2019-07-27 08:30:00,0.0
2019-07-27 09:00:00,0.0
2019-07-27 09:30:00,0.0
2019-07-27 10:00:00,0.0
2019-07-27 10:30:00,0.0
2019-07-27 11:00:00,0.0
2019-07-27 11:30:00,0.0
2019-07-27 12:00:00,0.0
2019-07-27 12:30:00,0.0
2019-07-27 13:00:00,2.81625
2019-07-27 13:30:00,2.81625
2019-07-27 14:00:00,2.81625
2019-07-27 14:30:00,2.81625
2019-07-27 15:00:00,2.81625
2019-07-27 15:30:00,6.241375
2019-07-27 16:00:00,6.241375
2019-07-27 16:30:00,6.241375
2019-07-27 17:00:00,3.425125
2019-07-27 17:30:00,3.425125
2019-07-27 18:00:00,3.425125
2019-07-27 18:30:00,3.425125
2019-07-27 19:00:00,3.425125
2019-07-27 19:30:00,3.425125
2019-07-27 20:00:00,3.425125
2019-07-27 20:30:00,3.425125
2019-07-27 21:00:00,3.425125
2019-07-27 21:30:00,3.425125
2019-07-27 22:00:00,3.425125
2019-07-27 22:30:00,9.378625
2019-07-27 23:00:00,9.378625
2019-07-27 23:30:00,5.9535
2019-07-28 00:00:00,5.9535
2019-07-28 00:30:00,0.0
2019-07-28 01:00:00,0.0
2019-07-28 01:30:00,0.0
2019-07-28 02:00:00,0.0
2019-07-28 02:30:00,0.0
2019-07-28 03:00:00,0.0
2019-07-28 03:30:00,0.0
2019-07-28 04:00:00,0.0
2019-07-28 04:30:00,0.0
2019-07-28 05:00:00,0.0
2019-07-28 05:30:00,0.0
2019-07-28 06:00:00,0.0
2019-07-28 06:30:00,0.0
2019-07-28 07:00:00,0.0
2019-07-28 07:30:00,0.0
2019-07-28 08:00:00,0.0
2019-07-28 08:30:00,0.0
2019-07-28 09:00:00,0.0
2019-07-28 09:30:00,0.0
2019-07-28 10:00:00,0.0
2019-07-28 10:30:00,3.258
2019-07-28 11:00:00,3.258
2019-07-28 11:30:00,3.258
2019-07-28 12:00:00,3.258
2019-07-28 12:30:00,0.0
2019-07-28 13:00:00,0.0
2019-07-28 13:30:00,0.0
2019-07-28 14:00:00,0.0
2019-07-28 14:30:00,1.3476000000000001
2019-07-28 15:00:00,1.3476000000000001
2019-07-28 15:30:00,1.3476000000000001
2019-07-28 16:00:00,1.3476000000000001
2019-07-28 16:30:00,1.3476000000000001
2019-07-28 17:00:00,0.0
2019-07-28 17:30:00,0.0
2019-07-28 18:00:00,0.0
2019-07-28 18:30:00,0.0
2019-07-28 19:00:00,0.0
2019-07-28 19:30:00,0.0
2019-07-28 20:00:00,0.0
2019-07-28 20:30:00,0.0
2019-07-28 21:00:00,0.0
2019-07-28 21:30:00,0.0
2019-07-28 22:00:00,0.0
2019-07-28 22:30:00,0.0
2019-07-28 23:00:00,0.0
2019-07-28 23:30:00,0.0
2019-07-29 00:00:00,0.0
2019-07-29 00:30:00,0.0
2019-07-29 01:00:00,0.0
2019-07-29 01:30:00,0.0
2019-07-29 02:00:00,0.0
2019-07-29 02:30:00,0.0
2019-07-29 03:00:00,0.0
2019-07-29 03:30:00,0.0
2019-07-29 04:00:00,0.0
2019-07-29 04:30:00,0.0
2019-07-29 05:00:00,0.0
2019-07-29 05:30:00,0.0
2019-07-29 06:00:00,0.0
2019-07-29 06:30:00,0.0
2019-07-29 07:00:00,0.0
2019-07-29 07:30:00,0.0
2019-07-29 08:00:00,0.0
2019-07-29 08:30:00,0.0
2019-07-29 09:00:00,0.0
2019-07-29 09:30:00,0.0
2019-07-29 10:00:00,0.0
2019-07-29 10:30:00,0.0
2019-07-29 11:00:00,0.0
2019-07-29 11:30:00,0.0
2019-07-29 12:00:00,4.096285714285715
2019-07-29 12:30:00,9.19404126984127
2019-07-29 13:00:00,34.31311733821734
2019-07-29 13:30:00,61.426845993188095
2019-07-29 14:00:00,93.71564452798664
2019-07-29 14:30:00,144.4513759381726
2019-07-29 15:00:00,156.9103759381726
2019-07-29 15:30:00,154.76384260483925
2019-07-29 16:00:00,148.3291759381726
2019-07-29 16:30:00,139.45384260483925
2019-07-29 17:00:00,127.7802870492837
2019-07-29 17:30:00,106.58422196991863
2019-07-29 18:00:00,97.95439657309323
2019-07-29 18:30:00,89.03179657309323
2019-07-29 19:00:00,91.53822990642657
2019-07-29 19:30:00,87.86690939360605
2019-07-29 20:00:00,81.60451090875756
2019-07-29 20:30:00,64.06733142157807
2019-07-29 21:00:00,70.50142116516783
2019-07-29 21:30:00,67.68422116516783
2019-07-29 22:00:00,67.75418783183449
2019-07-29 22:30:00,54.930902117548776
2019-07-29 23:00:00,36.970712155388476
2019-07-29 23:30:00,39.95071215538847
2019-07-30 00:00:00,22.463909523809527
2019-07-30 00:30:00,29.1797
2019-07-30 01:00:00,21.214
2019-07-30 01:30:00,14.132
2019-07-30 02:00:00,11.184000000000001
2019-07-30 02:30:00,5.6236
2019-07-30 03:00:00,0.0
2019-07-30 03:30:00,0.0
2019-07-30 04:00:00,0.0
2019-07-30 04:30:00,3.2436
2019-07-30 05:00:00,3.2436
2019-07-30 05:30:00,3.2436
2019-07-30 06:00:00,3.2436
2019-07-30 06:30:00,3.2436
2019-07-30 07:00:00,0.0
2019-07-30 07:30:00,0.0
2019-07-30 08:00:00,0.0
2019-07-30 08:30:00,0.0
2019-07-30 09:00:00,0.0
2019-07-30 09:30:00,0.0
2019-07-30 10:00:00,0.0
2019-07-30 10:30:00,0.0
2019-07-30 11:00:00,0.0
2019-07-30 11:30:00,4.932947368421052
2019-07-30 12:00:00,4.932947368421052
2019-07-30 12:30:00,11.453151812865498
2019-07-30 13:00:00,20.48842685666228
2019-07-30 13:30:00,45.60252209475752
2019-07-30 14:00:00,73.74066094800953
2019-07-30 14:30:00,125.79335413231061
2019-07-30 15:00:00,140.69966206881855
2019-07-30 15:30:00,138.16566206881856
2019-07-30 16:00:00,132.36216206881855
2019-07-30 16:30:00,126.09444778310426
2019-07-30 17:00:00,111.41046365612013
2019-07-30 17:30:00,96.48914937040585
2019-07-30 18:00:00,84.47678429104077
2019-07-30 18:30:00,73.71899857675506
2019-07-30 19:00:00,72.6561430211995
2019-07-30 19:30:00,60.04555630791278
2019-07-30 20:00:00,56.04882903518551
2019-07-30 20:30:00,54.0734444198009
2019-07-30 21:00:00,45.75722232610512
2019-07-30 21:30:00,43.88633343721623
2019-07-30 22:00:00,40.640916770549566
2019-07-30 22:30:00,54.218655659438454
2019-07-30 23:00:00,63.561088992771786
2019-07-30 23:30:00,62.36284045476009
2019-07-31 00:00:00,51.42270244306418
2019-07-31 00:30:00,36.15399333333333
2019-07-31 01:00:00,25.909433333333332
2019-07-31 01:30:00,8.4675
2019-07-31 02:00:00,4.994
2019-07-31 02:30:00,2.9979999999999998
2019-07-31 03:00:00,0.0
2019-07-31 03:30:00,0.0
2019-07-31 04:00:00,0.0
2019-07-31 04:30:00,0.0
2019-07-31 05:00:00,0.0
2019-07-31 05:30:00,0.0
2019-07-31 06:00:00,0.0
2019-07-31 06:30:00,0.0
2019-07-31 07:00:00,0.0
2019-07-31 07:30:00,0.0
2019-07-31 08:00:00,0.0
2019-07-31 08:30:00,0.0
2019-07-31 09:00:00,0.0
2019-07-31 09:30:00,0.0
2019-07-31 10:00:00,0.0
2019-07-31 10:30:00,0.0
2019-07-31 11:00:00,0.0
2019-07-31 11:30:00,0.0
2019-07-31 12:00:00,3.710142857142857
2019-07-31 12:30:00,12.89722619047619
2019-07-31 13:00:00,23.70603571428571
2019-07-31 13:30:00,49.88937656641604
2019-07-31 14:00:00,97.32836474461212
2019-07-31 14:30:00,140.69035561762797
2019-07-31 15:00:00,149.75741622368858
2019-07-31 15:30:00,145.22808289035527
2019-07-31 16:00:00,138.95408289035527
2019-07-31 16:30:00,123.2299900332124
2019-07-31 17:00:00,101.97796146178383
2019-07-31 17:30:00,77.44490908083145
2019-07-31 18:00:00,71.07558765226003
2019-07-31 18:30:00,68.47569876337113
2019-07-31 19:00:00,61.417587652260025
2019-07-31 19:30:00,65.10336037953275
2019-07-31 20:00:00,65.10336037953275
2019-07-31 20:30:00,54.800479260651635
2019-07-31 21:00:00,52.17367926065163
2019-07-31 21:30:00,46.32445804853042
2019-07-31 22:00:00,38.32112471519709
2019-07-31 22:30:00,41.44214019138756
2019-07-31 23:00:00,48.52006124401914
2019-07-31 23:30:00,35.20171212121212
2019-08-01 00:00:00,34.89564545454545
2019-08-01 00:30:00,32.17364545454545
2019-08-01 01:00:00,17.477878787878787
2019-08-01 01:30:00,5.980545454545455
2019-08-01 02:00:00,2.8465454545454545
2019-08-01 02:30:00,2.8465454545454545
2019-08-01 03:00:00,0.0
2019-08-01 03:30:00,0.0
2019-08-01 04:00:00,0.0
2019-08-01 04:30:00,0.0
2019-08-01 05:00:00,0.0
2019-08-01 05:30:00,0.0
2019-08-01 06:00:00,0.0
2019-08-01 06:30:00,0.0
2019-08-01 07:00:00,0.0
2019-08-01 07:30:00,0.0
2019-08-01 08:00:00,0.0
2019-08-01 08:30:00,0.0
2019-08-01 09:00:00,0.0
2019-08-01 09:30:00,0.0
2019-08-01 10:00:00,0.0
2019-08-01 10:30:00,0.0
2019-08-01 11:00:00,0.0
2019-08-01 11:30:00,0.0
2019-08-01 12:00:00,3.220222222222222
2019-08-01 12:30:00,7.3380793650793645
2019-08-01 13:00:00,26.45224246031746
2019-08-01 13:30:00,61.15349700577201
2019-08-01 14:00:00,87.16402054569957
2019-08-01 14:30:00,153.4496103353131
2019-08-01 15:00:00,150.75627700197978
2019-08-01 15:30:00,142.2713770019798
2019-08-01 16:00:00,132.77545319245598
2019-08-01 16:30:00,120.88099287499567
2019-08-01 17:00:00,117.18549287499566
2019-08-01 17:30:00,107.02342144642424
2019-08-01 18:00:00,91.01714049404328
2019-08-01 18:30:00,76.11774049404329
2019-08-01 19:00:00,90.69427382737662
2019-08-01 19:30:00,94.26003140313419
2019-08-01 20:00:00,93.84803140313419
2019-08-01 20:30:00,78.38643396723675
2019-08-01 21:00:00,65.39541336284115
2019-08-01 21:30:00,51.35778479141258
2019-08-01 22:00:00,54.07115145807924
2019-08-01 22:30:00,56.71205292866748
2019-08-01 23:00:00,57.08979303561935
2019-08-01 23:30:00,54.419272567783096
2019-08-02 00:00:00,45.93855984848485
2019-08-02 00:30:00,37.148505303030305
2019-08-02 01:00:00,18.25457196969697
2019-08-02 01:30:00,10.092238636363636
2019-08-02 02:00:00,10.092238636363636
2019-08-02 02:30:00,10.092238636363636
2019-08-02 03:00:00,10.092238636363636
2019-08-02 03:30:00,10.092238636363636
2019-08-02 04:00:00,10.092238636363636
2019-08-02 04:30:00,6.019875
2019-08-02 05:00:00,6.019875
2019-08-02 05:30:00,6.019875
2019-08-02 06:00:00,6.019875
2019-08-02 06:30:00,6.019875
2019-08-02 07:00:00,6.019875
2019-08-02 07:30:00,6.019875
2019-08-02 08:00:00,0.0
2019-08-02 08:30:00,0.0
2019-08-02 09:00:00,0.0
2019-08-02 09:30:00,0.0
2019-08-02 10:00:00,0.0
2019-08-02 10:30:00,0.0
2019-08-02 11:00:00,0.0
2019-08-02 11:30:00,4.227538461538462
2019-08-02 12:00:00,4.227538461538462
2019-08-02 12:30:00,6.591538461538462
2019-08-02 13:00:00,14.427705128205128
2019-08-02 13:30:00,26.714871794871797
2019-08-02 14:00:00,29.99442735042735
2019-08-02 14:30:00,36.97742735042735
2019-08-02 15:00:00,40.05022735042735
2019-08-02 15:30:00,36.2041717948718
2019-08-02 16:00:00,40.61331429487179
2019-08-02 16:30:00,31.297847628205126
2019-08-02 17:00:00,36.19441905677655
2019-08-02 17:30:00,30.363619056776557
2019-08-02 18:00:00,41.58065202380952
2019-08-02 18:30:00,43.24609646825397
2019-08-02 19:00:00,34.98539646825397
2019-08-02 19:30:00,45.83828218253968
2019-08-02 20:00:00,43.18828218253968
2019-08-02 20:30:00,34.03671075396825
2019-08-02 21:00:00,34.03671075396825
2019-08-02 21:30:00,28.608139325396824
2019-08-02 22:00:00,13.186730158730157
2019-08-02 22:30:00,13.186730158730157
2019-08-02 23:00:00,7.224444444444444
2019-08-02 23:30:00,7.224444444444444
2019-08-03 00:00:00,7.224444444444444
2019-08-03 00:30:00,5.870666666666667
2019-08-03 01:00:00,5.870666666666667
2019-08-03 01:30:00,5.870666666666667
2019-08-03 02:00:00,0.0
2019-08-03 02:30:00,0.0
2019-08-03 03:00:00,0.0
2019-08-03 03:30:00,0.0
2019-08-03 04:00:00,0.0
2019-08-03 04:30:00,0.0
2019-08-03 05:00:00,0.0
2019-08-03 05:30:00,0.0
2019-08-03 06:00:00,0.0
2019-08-03 06:30:00,0.0
2019-08-03 07:00:00,0.0
2019-08-03 07:30:00,0.0
2019-08-03 08:00:00,0.0
2019-08-03 08:30:00,0.0
2019-08-03 09:00:00,0.0
2019-08-03 09:30:00,0.0
2019-08-03 10:00:00,0.0
2019-08-03 10:30:00,0.0
2019-08-03 11:00:00,0.0
2019-08-03 11:30:00,0.0
2019-08-03 12:00:00,0.0
2019-08-03 12:30:00,0.0
2019-08-03 13:00:00,0.0
2019-08-03 13:30:00,0.0
2019-08-03 14:00:00,0.0
2019-08-03 14:30:00,0.0
2019-08-03 15:00:00,0.0
2019-08-03 15:30:00,0.0
2019-08-03 16:00:00,0.0
2019-08-03 16:30:00,0.0
2019-08-03 17:00:00,12.390833333333333
2019-08-03 17:30:00,12.390833333333333
2019-08-03 18:00:00,12.390833333333333
2019-08-03 18:30:00,12.390833333333333
2019-08-03 19:00:00,5.804333333333333
2019-08-03 19:30:00,5.804333333333333
2019-08-03 20:00:00,0.0
2019-08-03 20:30:00,0.0
2019-08-03 21:00:00,0.0
2019-08-03 21:30:00,3.058
2019-08-03 22:00:00,3.058
2019-08-03 22:30:00,3.058
2019-08-03 23:00:00,3.058
2019-08-03 23:30:00,0.0
2019-08-04 00:00:00,0.0
2019-08-04 00:30:00,0.0
2019-08-04 01:00:00,0.0
2019-08-04 01:30:00,0.0
2019-08-04 02:00:00,0.0
2019-08-04 02:30:00,0.0
2019-08-04 03:00:00,0.0
2019-08-04 03:30:00,0.0
2019-08-04 04:00:00,0.0
2019-08-04 04:30:00,0.0
2019-08-04 05:00:00,0.0
2019-08-04 05:30:00,0.0
2019-08-04 06:00:00,0.0
2019-08-04 06:30:00,0.0
2019-08-04 07:00:00,0.0
2019-08-04 07:30:00,0.0
2019-08-04 08:00:00,0.0
2019-08-04 08:30:00,0.0
2019-08-04 09:00:00,0.0
2019-08-04 09:30:00,0.0
2019-08-04 10:00:00,0.0
2019-08-04 10:30:00,0.0
2019-08-04 11:00:00,0.0
2019-08-04 11:30:00,0.0
2019-08-04 12:00:00,0.0
2019-08-04 12:30:00,0.0
2019-08-04 13:00:00,0.0
2019-08-04 13:30:00,0.0
2019-08-04 14:00:00,0.0
2019-08-04 14:30:00,0.0
2019-08-04 15:00:00,0.0
2019-08-04 15:30:00,0.0
2019-08-04 16:00:00,0.0
2019-08-04 16:30:00,0.0
2019-08-04 17:00:00,0.0
2019-08-04 17:30:00,0.0
2019-08-04 18:00:00,0.0
2019-08-04 18:30:00,0.0
2019-08-04 19:00:00,0.0
2019-08-04 19:30:00,0.0
2019-08-04 20:00:00,2.964
2019-08-04 20:30:00,8.3415
2019-08-04 21:00:00,8.3415
2019-08-04 21:30:00,8.3415
2019-08-04 22:00:00,11.822928571428573
2019-08-04 22:30:00,6.445428571428572
2019-08-04 23:00:00,6.445428571428572
2019-08-04 23:30:00,6.445428571428572
2019-08-05 00:00:00,6.445428571428572
2019-08-05 00:30:00,6.445428571428572
2019-08-05 01:00:00,6.445428571428572
2019-08-05 01:30:00,6.1865
2019-08-05 02:00:00,6.1865
2019-08-05 02:30:00,6.1865
2019-08-05 03:00:00,6.1865
2019-08-05 03:30:00,6.1865
2019-08-05 04:00:00,6.1865
2019-08-05 04:30:00,6.1865
2019-08-05 05:00:00,6.1865
2019-08-05 05:30:00,0.0
2019-08-05 06:00:00,0.0
2019-08-05 06:30:00,0.0
2019-08-05 07:00:00,0.0
2019-08-05 07:30:00,0.0
2019-08-05 08:00:00,0.0
2019-08-05 08:30:00,0.0
2019-08-05 09:00:00,0.0
2019-08-05 09:30:00,0.0
2019-08-05 10:00:00,0.0
2019-08-05 10:30:00,0.0
2019-08-05 11:00:00,0.0
2019-08-05 11:30:00,3.71296
2019-08-05 12:00:00,11.028036086956522
2019-08-05 12:30:00,14.434702753623188
2019-08-05 13:00:00,39.77116286948772
2019-08-05 13:30:00,63.561177155202
2019-08-05 14:00:00,109.84523053866064
2019-08-05 14:30:00,143.8771798297806
2019-08-05 15:00:00,143.8771798297806
2019-08-05 15:30:00,137.4175798297806
2019-08-05 16:00:00,130.3567298297806
2019-08-05 16:30:00,119.1422298297806
2019-08-05 17:00:00,102.84336554406632
2019-08-05 17:30:00,97.45712268692347
2019-08-05 18:00:00,92.79974967105045
2019-08-05 18:30:00,80.84882239832318
2019-08-05 19:00:00,86.74224462054539
2019-08-05 19:30:00,81.05297795387872
2019-08-05 20:00:00,77.84657795387874
2019-08-05 20:30:00,77.84657795387874
2019-08-05 21:00:00,73.66520295387873
2019-08-05 21:30:00,65.9309665393129
2019-08-05 22:00:00,63.653966539312904
2019-08-05 22:30:00,48.442452650424016
2019-08-05 23:00:00,61.480570297482835
2019-08-05 23:30:00,53.91953368421053
2019-08-06 00:00:00,41.0019
2019-08-06 00:30:00,25.255066666666668
2019-08-06 01:00:00,22.853066666666667
2019-08-06 01:30:00,14.979666666666667
2019-08-06 02:00:00,0.0
2019-08-06 02:30:00,2.737
2019-08-06 03:00:00,2.737
2019-08-06 03:30:00,2.737
2019-08-06 04:00:00,2.737
2019-08-06 04:30:00,0.0
2019-08-06 05:00:00,0.0
2019-08-06 05:30:00,0.0
2019-08-06 06:00:00,0.0
2019-08-06 06:30:00,0.0
2019-08-06 07:00:00,0.0
2019-08-06 07:30:00,0.0
2019-08-06 08:00:00,0.0
2019-08-06 08:30:00,0.0
2019-08-06 09:00:00,0.0
2019-08-06 09:30:00,0.0
2019-08-06 10:00:00,0.0
2019-08-06 10:30:00,0.0
2019-08-06 11:00:00,0.0
2019-08-06 11:30:00,4.248
2019-08-06 12:00:00,4.248
2019-08-06 12:30:00,9.453857142857142
2019-08-06 13:00:00,23.015962698412697
2019-08-06 13:30:00,54.35454775740256
2019-08-06 14:00:00,109.52505738607798
2019-08-06 14:30:00,138.6759291733894
2019-08-06 15:00:00,141.6722148876751
2019-08-06 15:30:00,131.9377148876751
2019-08-06 16:00:00,117.93302441148462
2019-08-06 16:30:00,115.48276726862748
2019-08-06 17:00:00,97.09870774481796
2019-08-06 17:30:00,87.56045774481797
2019-08-06 18:00:00,77.18428710989733
2019-08-06 18:30:00,88.9342946801049
2019-08-06 19:00:00,80.98835023566045
2019-08-06 19:30:00,83.20039569020591
2019-08-06 20:00:00,74.02709898690921
2019-08-06 20:30:00,59.36871437152459
2019-08-06 21:00:00,58.90804770485792
2019-08-06 21:30:00,61.495381038191255
2019-08-06 22:00:00,58.961690468630096
2019-08-06 22:30:00,65.73811904005868
2019-08-06 23:00:00,54.07314483002378
2019-08-06 23:30:00,57.004235473298635
2019-08-07 00:00:00,52.31410915750916
2019-08-07 00:30:00,38.71470915750916
2019-08-07 01:00:00,29.788025396825397
2019-08-07 01:30:00,23.63135873015873
2019-08-07 02:00:00,12.50813015873016
2019-08-07 02:30:00,6.357444444444444
2019-08-07 03:00:00,6.357444444444444
2019-08-07 03:30:00,6.357444444444444
2019-08-07 04:00:00,6.357444444444444
2019-08-07 04:30:00,6.357444444444444
2019-08-07 05:00:00,9.237444444444444
2019-08-07 05:30:00,9.237444444444444
2019-08-07 06:00:00,9.237444444444444
2019-08-07 06:30:00,9.237444444444444
2019-08-07 07:00:00,6.357444444444444
2019-08-07 07:30:00,6.357444444444444
2019-08-07 08:00:00,6.357444444444444
2019-08-07 08:30:00,6.357444444444444
2019-08-07 09:00:00,6.357444444444444
2019-08-07 09:30:00,6.357444444444444
2019-08-07 10:00:00,0.0
2019-08-07 10:30:00,0.0
2019-08-07 11:00:00,0.0
2019-08-07 11:30:00,0.0
2019-08-07 12:00:00,7.8314736842105255
2019-08-07 12:30:00,10.423723684210525
2019-08-07 13:00:00,33.82956654135339
2019-08-07 13:30:00,65.17962050960735
2019-08-07 14:00:00,110.48816082697832
2019-08-07 14:30:00,151.82257803477052
2019-08-07 15:00:00,149.6552447014372
2019-08-07 15:30:00,136.0440447014372
2019-08-07 16:00:00,127.84587803477052
2019-08-07 16:30:00,114.96710422524671
2019-08-07 17:00:00,107.81362803477053
2019-08-07 17:30:00,101.67553279667528
2019-08-07 18:00:00,97.8072931141356
2019-08-07 18:30:00,88.26844311413561
2019-08-07 19:00:00,90.32860978080227
2019-08-07 19:30:00,82.50624614443863
2019-08-07 20:00:00,74.07354441283691
2019-08-07 20:30:00,69.8307444128369
2019-08-07 21:00:00,61.9847444128369
2019-08-07 21:30:00,61.44707072862638
2019-08-07 22:00:00,61.44707072862638
2019-08-07 22:30:00,62.09387808156755
2019-08-07 23:00:00,51.01287808156756
2019-08-07 23:30:00,40.73238484848485
2019-08-08 00:00:00,32.88098484848485
2019-08-08 00:30:00,20.674151515151515
2019-08-08 01:00:00,6.0378
2019-08-08 01:30:00,6.0378
2019-08-08 02:00:00,6.0378
2019-08-08 02:30:00,0.0
2019-08-08 03:00:00,0.0
2019-08-08 03:30:00,0.0
2019-08-08 04:00:00,0.0
2019-08-08 04:30:00,0.0
2019-08-08 05:00:00,0.0
2019-08-08 05:30:00,2.8715
2019-08-08 06:00:00,2.8715
2019-08-08 06:30:00,2.8715
2019-08-08 07:00:00,2.8715
2019-08-08 07:30:00,0.0
2019-08-08 08:00:00,0.0
2019-08-08 08:30:00,0.0
2019-08-08 09:00:00,0.0
2019-08-08 09:30:00,0.0
2019-08-08 10:00:00,0.0
2019-08-08 10:30:00,0.0
2019-08-08 11:00:00,0.0
2019-08-08 11:30:00,0.0
2019-08-08 12:00:00,1.814
2019-08-08 12:30:00,4.2722
2019-08-08 13:00:00,19.32340551378446
2019-08-08 13:30:00,58.106887517058105
2019-08-08 14:00:00,101.5358551138576
2019-08-08 14:30:00,147.99995109891827
2019-08-08 15:00:00,152.00001263737983
2019-08-08 15:30:00,152.00001263737983
2019-08-08 16:00:00,149.86841263737983
2019-08-08 16:30:00,145.86303168499887
2019-08-08 17:00:00,127.64177454214173
2019-08-08 17:30:00,129.62283168499886
2019-08-08 18:00:00,108.92922057388776
2019-08-08 18:30:00,103.43322057388775
2019-08-08 19:00:00,112.07967057388775
2019-08-08 19:30:00,95.32134546566265
2019-08-08 20:00:00,93.84149931181649
2019-08-08 20:30:00,85.85273264514983
2019-08-08 21:00:00,91.90381597848317
2019-08-08 21:30:00,82.60015682097401
2019-08-08 22:00:00,86.74039323553983
2019-08-08 22:30:00,85.1343078898226
2019-08-08 23:00:00,74.17554882727653
2019-08-08 23:30:00,69.45889093253969
2019-08-09 00:00:00,63.08115759920635
2019-08-09 00:30:00,44.79805759920635
2019-08-09 01:00:00,30.74282857142857
2019-08-09 01:30:00,14.843250000000001
2019-08-09 02:00:00,14.843250000000001
2019-08-09 02:30:00,14.843250000000001
2019-08-09 03:00:00,8.6975
2019-08-09 03:30:00,8.6975
2019-08-09 04:00:00,2.8665
2019-08-09 04:30:00,2.8665
2019-08-09 05:00:00,0.0
2019-08-09 05:30:00,0.0
2019-08-09 06:00:00,0.0
2019-08-09 06:30:00,0.0
2019-08-09 07:00:00,0.0
2019-08-09 07:30:00,0.0
2019-08-09 08:00:00,0.0
2019-08-09 08:30:00,0.0
2019-08-09 09:00:00,0.0
2019-08-09 09:30:00,0.0
2019-08-09 10:00:00,0.0
2019-08-09 10:30:00,0.0
2019-08-09 11:00:00,0.0
2019-08-09 11:30:00,0.0
2019-08-09 12:00:00,4.641
2019-08-09 12:30:00,9.225666666666665
2019-08-09 13:00:00,31.22962121212121
2019-08-09 13:30:00,43.86335454545454
2019-08-09 14:00:00,86.05566608391608
2019-08-09 14:30:00,153.9913691471572
2019-08-09 15:00:00,146.5083691471572
2019-08-09 15:30:00,134.41036914715718
2019-08-09 16:00:00,126.86736914715719
2019-08-09 16:30:00,120.72603581382386
2019-08-09 17:00:00,113.81903581382386
2019-08-09 17:30:00,108.97270248049053
2019-08-09 18:00:00,105.98155962334766
2019-08-09 18:30:00,98.83190572724378
2019-08-09 19:00:00,88.04369461613267
2019-08-09 19:30:00,75.95489461613266
2019-08-09 20:00:00,72.86526691050496
2019-08-09 20:30:00,81.76170537204342
2019-08-09 21:00:00,86.51210537204342
2019-08-09 21:30:00,82.79124822918627
2019-08-09 22:00:00,73.77215061013865
2019-08-09 22:30:00,65.33762561013866
2019-08-09 23:00:00,63.45922561013865
2019-08-09 23:30:00,40.112771245059285
2019-08-10 00:00:00,22.767134881422926
2019-08-10 00:30:00,16.517134881422926
2019-08-10 01:00:00,11.015534881422925
2019-08-10 01:30:00,8.940807608695652
2019-08-10 02:00:00,7.178025
2019-08-10 02:30:00,7.178025
2019-08-10 03:00:00,8.921624999999999
2019-08-10 03:30:00,8.921624999999999
2019-08-10 04:00:00,8.921624999999999
2019-08-10 04:30:00,8.921624999999999
2019-08-10 05:00:00,6.025625
2019-08-10 05:30:00,6.025625
2019-08-10 06:00:00,6.025625
2019-08-10 06:30:00,6.025625
2019-08-10 07:00:00,6.025625
2019-08-10 07:30:00,0.0
2019-08-10 08:00:00,0.0
2019-08-10 08:30:00,0.0
2019-08-10 09:00:00,0.0
2019-08-10 09:30:00,0.0
2019-08-10 10:00:00,0.0
2019-08-10 10:30:00,0.0
2019-08-10 11:00:00,0.0
2019-08-10 11:30:00,0.0
2019-08-10 12:00:00,0.0
2019-08-10 12:30:00,0.0
2019-08-10 13:00:00,0.0
2019-08-10 13:30:00,0.0
2019-08-10 14:00:00,0.0
2019-08-10 14:30:00,3.535
2019-08-10 15:00:00,3.535
2019-08-10 15:30:00,3.535
2019-08-10 16:00:00,3.535
2019-08-10 16:30:00,6.884
2019-08-10 17:00:00,9.87575
2019-08-10 17:30:00,2.99175
2019-08-10 18:00:00,2.99175
2019-08-10 18:30:00,2.99175
2019-08-10 19:00:00,2.99175
2019-08-10 19:30:00,2.99175
2019-08-10 20:00:00,5.64975
2019-08-10 20:30:00,2.99175
2019-08-10 21:00:00,2.5825
2019-08-10 21:30:00,5.717499999999999
2019-08-10 22:00:00,5.717499999999999
2019-08-10 22:30:00,5.717499999999999
2019-08-10 23:00:00,3.135
2019-08-10 23:30:00,0.0
2019-08-11 00:00:00,0.0
2019-08-11 00:30:00,0.0
2019-08-11 01:00:00,0.0
2019-08-11 01:30:00,0.0
2019-08-11 02:00:00,0.0
2019-08-11 02:30:00,0.0
2019-08-11 03:00:00,0.0
2019-08-11 03:30:00,0.0
2019-08-11 04:00:00,0.0
2019-08-11 04:30:00,0.0
2019-08-11 05:00:00,0.0
2019-08-11 05:30:00,0.0
2019-08-11 06:00:00,0.0
2019-08-11 06:30:00,0.0
2019-08-11 07:00:00,0.0
2019-08-11 07:30:00,0.0
2019-08-11 08:00:00,0.0
2019-08-11 08:30:00,0.0
2019-08-11 09:00:00,0.0
2019-08-11 09:30:00,0.0
2019-08-11 10:00:00,0.0
2019-08-11 10:30:00,0.0
2019-08-11 11:00:00,0.0
2019-08-11 11:30:00,0.0
2019-08-11 12:00:00,0.0
2019-08-11 12:30:00,0.0
2019-08-11 13:00:00,0.0
2019-08-11 13:30:00,0.0
2019-08-11 14:00:00,0.0
2019-08-11 14:30:00,0.0
2019-08-11 15:00:00,0.0
2019-08-11 15:30:00,0.0
2019-08-11 16:00:00,0.0
2019-08-11 16:30:00,0.0
2019-08-11 17:00:00,0.0
2019-08-11 17:30:00,0.0
2019-08-11 18:00:00,0.0
2019-08-11 18:30:00,5.002666666666666
2019-08-11 19:00:00,5.002666666666666
2019-08-11 19:30:00,5.002666666666666
2019-08-11 20:00:00,0.0
2019-08-11 20:30:00,0.0
2019-08-11 21:00:00,0.0
2019-08-11 21:30:00,0.0
2019-08-11 22:00:00,0.0
2019-08-11 22:30:00,0.0
2019-08-11 23:00:00,0.0
2019-08-11 23:30:00,0.0
2019-08-12 00:00:00,0.0
2019-08-12 00:30:00,0.0
2019-08-12 01:00:00,0.0
2019-08-12 01:30:00,0.0
2019-08-12 02:00:00,0.0
2019-08-12 02:30:00,0.0
2019-08-12 03:00:00,0.0
2019-08-12 03:30:00,0.0
2019-08-12 04:00:00,0.0
2019-08-12 04:30:00,0.0
2019-08-12 05:00:00,0.0
2019-08-12 05:30:00,0.0
2019-08-12 06:00:00,0.0
2019-08-12 06:30:00,0.0
2019-08-12 07:00:00,0.0
2019-08-12 07:30:00,0.0
2019-08-12 08:00:00,0.0
2019-08-12 08:30:00,0.0
2019-08-12 09:00:00,0.0
2019-08-12 09:30:00,0.0
2019-08-12 10:00:00,0.0
2019-08-12 10:30:00,0.0
2019-08-12 11:00:00,0.0
2019-08-12 11:30:00,2.799416666666667
2019-08-12 12:00:00,6.827988095238096
2019-08-12 12:30:00,8.832238095238097
2019-08-12 13:00:00,18.667438095238097
2019-08-12 13:30:00,46.77510241512873
2019-08-12 14:00:00,91.98393422371029
2019-08-12 14:30:00,141.65780888364296
2019-08-12 15:00:00,141.65780888364296
2019-08-12 15:30:00,135.33083745507153
2019-08-12 16:00:00,135.33083745507153
2019-08-12 16:30:00,133.32658745507152
2019-08-12 17:00:00,127.2952541217382
2019-08-12 17:30:00,122.91925412173819
2019-08-12 18:00:00,106.75162078840485
2019-08-12 18:30:00,98.76482078840486
2019-08-12 19:00:00,95.39863290961698
2019-08-12 19:30:00,91.51774402072809
2019-08-12 20:00:00,79.38160765709172
2019-08-12 20:30:00,77.21675051423458
2019-08-12 21:00:00,73.41982670471077
2019-08-12 21:30:00,68.15137908566315
2019-08-12 22:00:00,63.09264504862611
2019-08-12 22:30:00,65.80293916627318
2019-08-12 23:00:00,72.26221986802756
2019-08-12 23:30:00,56.30366811364159
2019-08-13 00:00:00,49.25155700253048
2019-08-13 00:30:00,22.940990335863813
2019-08-13 01:00:00,9.76247536231884
2019-08-13 01:30:00,6.617866666666666
2019-08-13 02:00:00,2.6242
2019-08-13 02:30:00,3.03
2019-08-13 03:00:00,3.03
2019-08-13 03:30:00,3.03
2019-08-13 04:00:00,3.03
2019-08-13 04:30:00,0.0
2019-08-13 05:00:00,0.0
2019-08-13 05:30:00,0.0
2019-08-13 06:00:00,0.0
2019-08-13 06:30:00,0.0
2019-08-13 07:00:00,0.0
2019-08-13 07:30:00,0.0
2019-08-13 08:00:00,0.0
2019-08-13 08:30:00,0.0
2019-08-13 09:00:00,0.0
2019-08-13 09:30:00,0.0
2019-08-13 10:00:00,0.0
2019-08-13 10:30:00,0.0
2019-08-13 11:00:00,0.0
2019-08-13 11:30:00,2.8949523809523807
2019-08-13 12:00:00,2.8949523809523807
2019-08-13 12:30:00,8.199796825396826
2019-08-13 13:00:00,23.105329532163744
2019-08-13 13:30:00,43.44856726665148
2019-08-13 14:00:00,74.53745759005356
2019-08-13 14:30:00,133.72454881661167
2019-08-13 15:00:00,131.56214881661168
2019-08-13 15:30:00,129.22294881661168
2019-08-13 16:00:00,123.64044881661167
2019-08-13 16:30:00,118.63154881661167
2019-08-13 17:00:00,99.97256865788151
2019-08-13 17:30:00,93.29108056264342
2019-08-13 18:00:00,94.34132154388439
2019-08-13 18:30:00,91.64009314110662
2019-08-13 19:00:00,86.78538318439666
2019-08-13 19:30:00,75.25154076015424
2019-08-13 20:00:00,60.235493141106616
2019-08-13 20:30:00,50.60799314110661
2019-08-13 21:00:00,48.523396071509545
2019-08-13 21:30:00,44.88287226198573
2019-08-13 22:00:00,41.987919881033356
2019-08-13 22:30:00,42.993089106455976
2019-08-13 23:00:00,50.02975969469127
2019-08-13 23:30:00,44.56240918964077
2019-08-14 00:00:00,35.34914603174603
2019-08-14 00:30:00,25.970084126984126
2019-08-14 01:00:00,20.919155555555555
2019-08-14 01:30:00,18.077955555555555
2019-08-14 02:00:00,18.22088888888889
2019-08-14 02:30:00,10.99238888888889
2019-08-14 03:00:00,8.870761904761904
2019-08-14 03:30:00,5.973428571428571
2019-08-14 04:00:00,5.973428571428571
2019-08-14 04:30:00,5.973428571428571
2019-08-14 05:00:00,5.973428571428571
2019-08-14 05:30:00,5.973428571428571
2019-08-14 06:00:00,5.973428571428571
2019-08-14 06:30:00,0.0
2019-08-14 07:00:00,0.0
2019-08-14 07:30:00,0.0
2019-08-14 08:00:00,0.0
2019-08-14 08:30:00,0.0
2019-08-14 09:00:00,0.0
2019-08-14 09:30:00,0.0
2019-08-14 10:00:00,0.0
2019-08-14 10:30:00,0.0
2019-08-14 11:00:00,0.0
2019-08-14 11:30:00,5.2970999999999995
2019-08-14 12:00:00,5.2970999999999995
2019-08-14 12:30:00,8.1661
2019-08-14 13:00:00,28.782101587301586
2019-08-14 13:30:00,49.61068946608947
2019-08-14 14:00:00,102.95981720305838
2019-08-14 14:30:00,154.22182045852324
2019-08-14 15:00:00,144.03732045852325
2019-08-14 15:30:00,144.03732045852325
2019-08-14 16:00:00,136.95232045852325
2019-08-14 16:30:00,135.01593474423754
2019-08-14 17:00:00,122.63613474423752
2019-08-14 17:30:00,113.17330934741213
2019-08-14 18:00:00,103.50960934741214
2019-08-14 18:30:00,108.66906649026927
2019-08-14 19:00:00,101.49972305592584
2019-08-14 19:30:00,80.50695032865312
2019-08-14 20:00:00,73.92528799099078
2019-08-14 20:30:00,75.87109824740104
2019-08-14 21:00:00,62.465198247401034
2019-08-14 21:30:00,49.868098247401036
2019-08-14 22:00:00,53.72244110454389
2019-08-14 22:30:00,42.42912345748507
2019-08-14 23:00:00,37.1473511885775
2019-08-14 23:30:00,42.424740077466396
2019-08-15 00:00:00,43.61368744588744
2019-08-15 00:30:00,53.81447316017316
2019-08-15 01:00:00,35.42433982683983
2019-08-15 01:30:00,22.588842857142858
2019-08-15 02:00:00,22.588842857142858
2019-08-15 02:30:00,17.040485714285715
2019-08-15 03:00:00,10.361285714285714
2019-08-15 03:30:00,7.544285714285714
2019-08-15 04:00:00,7.458
2019-08-15 04:30:00,0.0
2019-08-15 05:00:00,5.753333333333334
2019-08-15 05:30:00,5.753333333333334
2019-08-15 06:00:00,5.753333333333334
2019-08-15 06:30:00,0.0
2019-08-15 07:00:00,0.0
2019-08-15 07:30:00,0.0
2019-08-15 08:00:00,0.0
2019-08-15 08:30:00,0.0
2019-08-15 09:00:00,0.0
2019-08-15 09:30:00,0.0
2019-08-15 10:00:00,0.0
2019-08-15 10:30:00,0.0
2019-08-15 11:00:00,0.0
2019-08-15 11:30:00,0.0
2019-08-15 12:00:00,1.698
2019-08-15 12:30:00,5.9799999999999995
2019-08-15 13:00:00,26.524835714285715
2019-08-15 13:30:00,53.628308745602226
2019-08-15 14:00:00,97.579822526266
2019-08-15 14:30:00,146.01289394210508
2019-08-15 15:00:00,143.32264394210506
2019-08-15 15:30:00,140.54584394210508
2019-08-15 16:00:00,129.02981060877173
2019-08-15 16:30:00,119.54101060877173
2019-08-15 17:00:00,111.14156060877173
2019-08-15 17:30:00,109.28584632305746
2019-08-15 18:00:00,91.38259632305744
2019-08-15 18:30:00,66.92184632305745
2019-08-15 19:00:00,59.1430614745726
2019-08-15 19:30:00,57.3456614745726
2019-08-15 20:00:00,37.17836293977406
2019-08-15 20:30:00,42.951791511202636
2019-08-15 21:00:00,40.43779151120263
2019-08-15 21:30:00,36.631410558821685
2019-08-15 22:00:00,36.631410558821685
2019-08-15 22:30:00,60.08033436834549
2019-08-15 23:00:00,70.64229744024091
2019-08-15 23:30:00,73.17756410690758
2019-08-16 00:00:00,69.05680220214568
2019-08-16 00:30:00,56.47013553547901
2019-08-16 01:00:00,43.13629956709956
2019-08-16 01:30:00,14.384857142857143
2019-08-16 02:00:00,6.2504
2019-08-16 02:30:00,12.368622222222221
2019-08-16 03:00:00,15.222122222222222
2019-08-16 03:30:00,8.971722222222223
2019-08-16 04:00:00,8.971722222222223
2019-08-16 04:30:00,8.971722222222223
2019-08-16 05:00:00,6.118222222222222
2019-08-16 05:30:00,6.118222222222222
2019-08-16 06:00:00,6.118222222222222
2019-08-16 06:30:00,6.118222222222222
2019-08-16 07:00:00,0.0
2019-08-16 07:30:00,0.0
2019-08-16 08:00:00,0.0
2019-08-16 08:30:00,0.0
2019-08-16 09:00:00,0.0
2019-08-16 09:30:00,0.0
2019-08-16 10:00:00,0.0
2019-08-16 10:30:00,0.0
2019-08-16 11:00:00,0.0
2019-08-16 11:30:00,0.0
2019-08-16 12:00:00,0.0
2019-08-16 12:30:00,5.636533333333333
2019-08-16 13:00:00,13.600933333333334
2019-08-16 13:30:00,20.721161904761907
2019-08-16 14:00:00,26.287828571428573
2019-08-16 14:30:00,42.55152087912088
2019-08-16 15:00:00,48.88802087912088
2019-08-16 15:30:00,52.49052087912088
2019-08-16 16:00:00,55.36797087912088
2019-08-16 16:30:00,53.453526434676434
2019-08-16 17:00:00,40.68059786324786
2019-08-16 17:30:00,45.76359786324787
2019-08-16 18:00:00,37.76219786324786
2019-08-16 18:30:00,32.267531196581196
2019-08-16 19:00:00,38.34067405372405
2019-08-16 19:30:00,32.11617405372405
2019-08-16 20:00:00,29.30765738705739
2019-08-16 20:30:00,29.30765738705739
2019-08-16 21:00:00,21.87907619047619
2019-08-16 21:30:00,22.88907619047619
2019-08-16 22:00:00,22.88907619047619
2019-08-16 22:30:00,5.699333333333333
2019-08-16 23:00:00,1.6946666666666668
2019-08-16 23:30:00,1.6946666666666668
2019-08-17 00:00:00,1.6946666666666668
2019-08-17 00:30:00,4.533666666666667
2019-08-17 01:00:00,4.533666666666667
2019-08-17 01:30:00,4.533666666666667
2019-08-17 02:00:00,4.533666666666667
2019-08-17 02:30:00,1.6946666666666668
2019-08-17 03:00:00,0.0
2019-08-17 03:30:00,0.0
2019-08-17 04:00:00,0.0
2019-08-17 04:30:00,0.0
2019-08-17 05:00:00,0.0
2019-08-17 05:30:00,0.0
2019-08-17 06:00:00,0.0
2019-08-17 06:30:00,0.0
2019-08-17 07:00:00,0.0
2019-08-17 07:30:00,0.0
2019-08-17 08:00:00,0.0
2019-08-17 08:30:00,0.0
2019-08-17 09:00:00,0.0
2019-08-17 09:30:00,0.0
2019-08-17 10:00:00,0.0
2019-08-17 10:30:00,0.0
2019-08-17 11:00:00,0.0
2019-08-17 11:30:00,0.0
2019-08-17 12:00:00,0.0
2019-08-17 12:30:00,0.0
2019-08-17 13:00:00,0.0
2019-08-17 13:30:00,6.3276666666666666
2019-08-17 14:00:00,6.3276666666666666
2019-08-17 14:30:00,6.3276666666666666
2019-08-17 15:00:00,6.3276666666666666
2019-08-17 15:30:00,6.3276666666666666
2019-08-17 16:00:00,6.3276666666666666
2019-08-17 16:30:00,0.0
2019-08-17 17:00:00,0.0
2019-08-17 17:30:00,0.0
2019-08-17 18:00:00,0.0
2019-08-17 18:30:00,0.0
2019-08-17 19:00:00,0.0
2019-08-17 19:30:00,0.0
2019-08-17 20:00:00,0.0
2019-08-17 20:30:00,0.0
2019-08-17 21:00:00,0.0
2019-08-17 21:30:00,0.0
2019-08-17 22:00:00,0.0
2019-08-17 22:30:00,0.0
2019-08-17 23:00:00,0.0
2019-08-17 23:30:00,0.0
2019-08-18 00:00:00,0.0
2019-08-18 00:30:00,0.0
2019-08-18 01:00:00,0.0
2019-08-18 01:30:00,0.0
2019-08-18 02:00:00,0.0
2019-08-18 02:30:00,0.0
2019-08-18 03:00:00,0.0
2019-08-18 03:30:00,0.0
2019-08-18 04:00:00,0.0
2019-08-18 04:30:00,0.0
2019-08-18 05:00:00,0.0
2019-08-18 05:30:00,0.0
2019-08-18 06:00:00,0.0
2019-08-18 06:30:00,0.0
2019-08-18 07:00:00,0.0
2019-08-18 07:30:00,0.0
2019-08-18 08:00:00,0.0
2019-08-18 08:30:00,0.0
2019-08-18 09:00:00,0.0
2019-08-18 09:30:00,0.0
2019-08-18 10:00:00,0.0
2019-08-18 10:30:00,0.0
2019-08-18 11:00:00,0.0
2019-08-18 11:30:00,0.0
2019-08-18 12:00:00,0.0
2019-08-18 12:30:00,0.0
2019-08-18 13:00:00,0.0
2019-08-18 13:30:00,0.0
2019-08-18 14:00:00,0.0
2019-08-18 14:30:00,0.0
2019-08-18 15:00:00,0.0
2019-08-18 15:30:00,0.0
2019-08-18 16:00:00,0.0
2019-08-18 16:30:00,0.0
2019-08-18 17:00:00,7.751
2019-08-18 17:30:00,7.751
2019-08-18 18:00:00,0.0
2019-08-18 18:30:00,0.0
2019-08-18 19:00:00,0.0
2019-08-18 19:30:00,5.008
2019-08-18 20:00:00,5.008
2019-08-18 20:30:00,5.008
2019-08-18 21:00:00,0.0
2019-08-18 21:30:00,0.0
2019-08-18 22:00:00,0.0
2019-08-18 22:30:00,0.0
2019-08-18 23:00:00,0.0
2019-08-18 23:30:00,0.0
2019-08-19 00:00:00,0.0
2019-08-19 00:30:00,5.739999999999999
2019-08-19 01:00:00,5.739999999999999
2019-08-19 01:30:00,5.739999999999999
2019-08-19 02:00:00,0.0
2019-08-19 02:30:00,0.0
2019-08-19 03:00:00,0.0
2019-08-19 03:30:00,0.0
2019-08-19 04:00:00,0.0
2019-08-19 04:30:00,0.0
2019-08-19 05:00:00,0.0
2019-08-19 05:30:00,0.0
2019-08-19 06:00:00,0.0
2019-08-19 06:30:00,0.0
2019-08-19 07:00:00,0.0
2019-08-19 07:30:00,0.0
2019-08-19 08:00:00,0.0
2019-08-19 08:30:00,0.0
2019-08-19 09:00:00,0.0
2019-08-19 09:30:00,0.0
2019-08-19 10:00:00,0.0
2019-08-19 10:30:00,0.0
2019-08-19 11:00:00,0.0
2019-08-19 11:30:00,0.0
2019-08-19 12:00:00,0.072
2019-08-19 12:30:00,7.981624999999999
2019-08-19 13:00:00,29.061618859649123
2019-08-19 13:30:00,68.41339111305791
2019-08-19 14:00:00,114.87940553810654
2019-08-19 14:30:00,154.04346621251986
2019-08-19 15:00:00,154.04346621251986
2019-08-19 15:30:00,154.04346621251986
2019-08-19 16:00:00,148.1866328791865
2019-08-19 16:30:00,143.04263287918653
2019-08-19 17:00:00,136.1188590696627
2019-08-19 17:30:00,125.85862097442461
2019-08-19 18:00:00,117.96844875220239
2019-08-19 18:30:00,102.29952754008119
2019-08-19 19:00:00,99.00442754008118
2019-08-19 19:30:00,87.02968208553573
2019-08-19 20:00:00,64.56003290138653
2019-08-19 20:30:00,65.6980850575637
2019-08-19 21:00:00,63.38751362899227
2019-08-19 21:30:00,65.64156124803989
2019-08-19 22:00:00,78.33148869902028
2019-08-19 22:30:00,71.4792781727045
2019-08-19 23:00:00,74.83166589200273
2019-08-19 23:30:00,66.65996413761677
2019-08-20 00:00:00,37.466751515151515
2019-08-20 00:30:00,24.043951515151516
2019-08-20 01:00:00,19.73461818181818
2019-08-20 01:30:00,15.267818181818182
2019-08-20 02:00:00,5.694
2019-08-20 02:30:00,0.0
2019-08-20 03:00:00,0.0
2019-08-20 03:30:00,0.0
2019-08-20 04:00:00,2.8505
2019-08-20 04:30:00,2.8505
2019-08-20 05:00:00,2.8505
2019-08-20 05:30:00,2.8505
2019-08-20 06:00:00,0.0
2019-08-20 06:30:00,0.0
2019-08-20 07:00:00,0.0
2019-08-20 07:30:00,0.0
2019-08-20 08:00:00,0.0
2019-08-20 08:30:00,0.0
2019-08-20 09:00:00,0.0
2019-08-20 09:30:00,0.0
2019-08-20 10:00:00,0.0
2019-08-20 10:30:00,0.0
2019-08-20 11:00:00,0.0
2019-08-20 11:30:00,0.0
2019-08-20 12:00:00,3.888470588235294
2019-08-20 12:30:00,10.443322262876443
2019-08-20 13:00:00,21.06604236630243
2019-08-20 13:30:00,62.445801148220994
2019-08-20 14:00:00,89.0681977723571
2019-08-20 14:30:00,138.97163112400716
2019-08-20 15:00:00,143.00729779067382
2019-08-20 15:30:00,127.30779779067383
2019-08-20 16:00:00,115.06006445734049
2019-08-20 16:30:00,115.06006445734049
2019-08-20 17:00:00,105.47777874305478
2019-08-20 17:30:00,96.80311207638812
2019-08-20 18:00:00,82.38835919038523
2019-08-20 18:30:00,88.39511272573876
2019-08-20 19:00:00,75.11553494796098
2019-08-20 19:30:00,75.62939333956938
2019-08-20 20:00:00,63.208499400175434
2019-08-20 20:30:00,53.48402881194014
2019-08-20 21:00:00,49.57952881194014
2019-08-20 21:30:00,63.401754465534914
2019-08-20 22:00:00,61.74550885149983
2019-08-20 22:30:00,52.53850885149983
2019-08-20 23:00:00,63.78479792713008
2019-08-20 23:30:00,42.4003388210315
2019-08-21 00:00:00,28.76198060731539
2019-08-21 00:30:00,23.00798060731539
2019-08-21 01:00:00,18.553060317460318
2019-08-21 01:30:00,12.865460317460318
2019-08-21 02:00:00,6.320571428571428
2019-08-21 02:30:00,0.0
2019-08-21 03:00:00,7.228
2019-08-21 03:30:00,0.0
2019-08-21 04:00:00,2.716
2019-08-21 04:30:00,2.716
2019-08-21 05:00:00,2.716
2019-08-21 05:30:00,2.716
2019-08-21 06:00:00,0.0
2019-08-21 06:30:00,0.0
2019-08-21 07:00:00,0.0
2019-08-21 07:30:00,0.0
2019-08-21 08:00:00,0.0
2019-08-21 08:30:00,0.0
2019-08-21 09:00:00,0.0
2019-08-21 09:30:00,0.0
2019-08-21 10:00:00,0.0
2019-08-21 10:30:00,0.0
2019-08-21 11:00:00,0.0
2019-08-21 11:30:00,0.0
2019-08-21 12:00:00,0.0
2019-08-21 12:30:00,12.4605
2019-08-21 13:00:00,31.596091653375865
2019-08-21 13:30:00,62.72288200610955
2019-08-21 14:00:00,123.87303654081461
2019-08-21 14:30:00,146.98731994805064
2019-08-21 15:00:00,143.087053281384
2019-08-21 15:30:00,139.06765328138397
2019-08-21 16:00:00,133.12388185281256
2019-08-21 16:30:00,129.76288185281254
2019-08-21 17:00:00,121.89735804328875
2019-08-21 17:30:00,104.17233026551096
2019-08-21 18:00:00,88.54000181753918
2019-08-21 18:30:00,86.57390080743818
2019-08-21 19:00:00,92.8592230296604
2019-08-21 19:30:00,92.22129142792879
2019-08-21 20:00:00,86.3412914279288
2019-08-21 20:30:00,74.6287273253647
2019-08-21 21:00:00,68.91546029239765
2019-08-21 21:30:00,64.2292949244323
2019-08-21 22:00:00,54.96289492443229
2019-08-21 22:30:00,70.35259317004633
2019-08-21 23:00:00,63.54242650337966
2019-08-21 23:30:00,59.69877322852586
2019-08-22 00:00:00,45.10836796536797
2019-08-22 00:30:00,48.1367012987013
2019-08-22 01:00:00,35.5289012987013
2019-08-22 01:30:00,20.397234632034632
2019-08-22 02:00:00,11.340701298701298
2019-08-22 02:30:00,11.340701298701298
2019-08-22 03:00:00,6.309428571428571
2019-08-22 03:30:00,6.309428571428571
2019-08-22 04:00:00,6.309428571428571
2019-08-22 04:30:00,2.836
2019-08-22 05:00:00,2.836
2019-08-22 05:30:00,2.836
2019-08-22 06:00:00,2.836
2019-08-22 06:30:00,0.0
2019-08-22 07:00:00,0.0
2019-08-22 07:30:00,0.0
2019-08-22 08:00:00,0.0
2019-08-22 08:30:00,0.0
2019-08-22 09:00:00,0.0
2019-08-22 09:30:00,0.0
2019-08-22 10:00:00,0.0
2019-08-22 10:30:00,0.0
2019-08-22 11:00:00,0.0
2019-08-22 11:30:00,0.0
2019-08-22 12:00:00,2.4485
2019-08-22 12:30:00,21.264333333333333
2019-08-22 13:00:00,28.904673509565768
2019-08-22 13:30:00,61.3354195413118
2019-08-22 14:00:00,90.35930425309125
2019-08-22 14:30:00,138.64841686725813
2019-08-22 15:00:00,138.64841686725813
2019-08-22 15:30:00,133.38331686725812
2019-08-22 16:00:00,127.21681686725813
2019-08-22 16:30:00,121.81081686725813
2019-08-22 17:00:00,108.72194067678194
2019-08-22 17:30:00,98.2308454386867
2019-08-22 18:00:00,85.63671845455971
2019-08-22 18:30:00,72.91238750217876
2019-08-22 19:00:00,71.30999861328988
2019-08-22 19:30:00,59.982103741495
2019-08-22 20:00:00,58.05992192331318
2019-08-22 20:30:00,56.384740970932235
2019-08-22 21:00:00,54.151726685217945
2019-08-22 21:30:00,62.30491772163251
2019-08-22 22:00:00,69.57044311845792
2019-08-22 22:30:00,64.84714487284387
2019-08-22 23:00:00,67.36946840225565
2019-08-22 23:30:00,81.11781587301587
2019-08-23 00:00:00,58.01538253968254
2019-08-23 00:30:00,41.94443015873016
2019-08-23 01:00:00,26.549311111111113
2019-08-23 01:30:00,23.42511111111111
2019-08-23 02:00:00,10.85511111111111
2019-08-23 02:30:00,0.0
2019-08-23 03:00:00,0.0
2019-08-23 03:30:00,0.0
2019-08-23 04:00:00,3.6966666666666668
2019-08-23 04:30:00,3.6966666666666668
2019-08-23 05:00:00,3.6966666666666668
2019-08-23 05:30:00,0.0
2019-08-23 06:00:00,0.0
2019-08-23 06:30:00,0.0
2019-08-23 07:00:00,0.0
2019-08-23 07:30:00,0.0
2019-08-23 08:00:00,0.0
2019-08-23 08:30:00,0.0
2019-08-23 09:00:00,0.0
2019-08-23 09:30:00,0.0
2019-08-23 10:00:00,0.0
2019-08-23 10:30:00,0.0
2019-08-23 11:00:00,0.0
2019-08-23 11:30:00,0.0
2019-08-23 12:00:00,2.417
2019-08-23 12:30:00,11.280285714285714
2019-08-23 13:00:00,22.88044126984127
2019-08-23 13:30:00,44.81518571428572
2019-08-23 14:00:00,85.95715429292929
2019-08-23 14:30:00,149.34717595492742
2019-08-23 15:00:00,149.34717595492742
2019-08-23 15:30:00,136.89340928826076
2019-08-23 16:00:00,119.77212357397505
2019-08-23 16:30:00,106.82095690730839
2019-08-23 17:00:00,96.50602357397504
2019-08-23 17:30:00,88.51697595492743
2019-08-23 18:00:00,62.22238324208471
2019-08-23 18:30:00,69.18341657541805
2019-08-23 19:00:00,68.99614990875138
2019-08-23 19:30:00,72.2845213373228
2019-08-23 20:00:00,74.83918800398948
2019-08-23 20:30:00,77.80385467065614
2019-08-23 21:00:00,77.86598800398947
2019-08-23 21:30:00,84.9409213373228
2019-08-23 22:00:00,87.11156221033868
2019-08-23 22:30:00,86.59456221033868
2019-08-23 23:00:00,74.24576594516594
2019-08-23 23:30:00,51.480046753246754
2019-08-24 00:00:00,55.213846753246756
2019-08-24 00:30:00,34.311780086580086
2019-08-24 01:00:00,21.04610476190476
2019-08-24 01:30:00,10.868
2019-08-24 02:00:00,0.0
2019-08-24 02:30:00,0.0
2019-08-24 03:00:00,0.0
2019-08-24 03:30:00,0.0
2019-08-24 04:00:00,0.0
2019-08-24 04:30:00,0.0
2019-08-24 05:00:00,0.0
2019-08-24 05:30:00,2.8185
2019-08-24 06:00:00,2.8185
2019-08-24 06:30:00,2.8185
2019-08-24 07:00:00,2.8185
2019-08-24 07:30:00,0.0
2019-08-24 08:00:00,0.0
2019-08-24 08:30:00,0.0
2019-08-24 09:00:00,0.0
2019-08-24 09:30:00,0.0
2019-08-24 10:00:00,0.0
2019-08-24 10:30:00,0.0
2019-08-24 11:00:00,0.0
2019-08-24 11:30:00,0.0
2019-08-24 12:00:00,0.0
2019-08-24 12:30:00,3.0928571428571425
2019-08-24 13:00:00,3.0928571428571425
2019-08-24 13:30:00,3.0928571428571425
2019-08-24 14:00:00,3.0928571428571425
2019-08-24 14:30:00,3.0928571428571425
2019-08-24 15:00:00,3.0928571428571425
2019-08-24 15:30:00,3.0928571428571425
2019-08-24 16:00:00,0.0
2019-08-24 16:30:00,0.0
2019-08-24 17:00:00,0.0
2019-08-24 17:30:00,0.0
2019-08-24 18:00:00,0.0
2019-08-24 18:30:00,0.0
2019-08-24 19:00:00,0.0
2019-08-24 19:30:00,0.0
2019-08-24 20:00:00,0.0
2019-08-24 20:30:00,0.0
2019-08-24 21:00:00,0.0
2019-08-24 21:30:00,0.0
2019-08-24 22:00:00,0.0
2019-08-24 22:30:00,0.0
2019-08-24 23:00:00,0.0
2019-08-24 23:30:00,0.0
2019-08-25 00:00:00,0.0
2019-08-25 00:30:00,0.0
2019-08-25 01:00:00,0.0
2019-08-25 01:30:00,0.0
2019-08-25 02:00:00,0.0
2019-08-25 02:30:00,0.0
2019-08-25 03:00:00,0.0
2019-08-25 03:30:00,0.0
2019-08-25 04:00:00,0.0
2019-08-25 04:30:00,0.0
2019-08-25 05:00:00,0.0
2019-08-25 05:30:00,0.0
2019-08-25 06:00:00,0.0
2019-08-25 06:30:00,0.0
2019-08-25 07:00:00,0.0
2019-08-25 07:30:00,0.0
2019-08-25 08:00:00,0.0
2019-08-25 08:30:00,0.0
2019-08-25 09:00:00,0.0
2019-08-25 09:30:00,0.0
2019-08-25 10:00:00,0.0
2019-08-25 10:30:00,0.0
2019-08-25 11:00:00,0.0
2019-08-25 11:30:00,0.0
2019-08-25 12:00:00,0.0
2019-08-25 12:30:00,0.0
2019-08-25 13:00:00,3.1425
2019-08-25 13:30:00,3.1425
2019-08-25 14:00:00,3.1425
2019-08-25 14:30:00,3.1425
2019-08-25 15:00:00,0.0
2019-08-25 15:30:00,6.946000000000001
2019-08-25 16:00:00,6.946000000000001
2019-08-25 16:30:00,6.946000000000001
2019-08-25 17:00:00,0.0
2019-08-25 17:30:00,0.0
2019-08-25 18:00:00,0.0
2019-08-25 18:30:00,0.0
2019-08-25 19:00:00,0.0
2019-08-25 19:30:00,0.0
2019-08-25 20:00:00,0.0
2019-08-25 20:30:00,6.519
2019-08-25 21:00:00,6.519
2019-08-25 21:30:00,6.519
2019-08-25 22:00:00,6.519
2019-08-25 22:30:00,0.0
2019-08-25 23:00:00,0.0
2019-08-25 23:30:00,0.0
2019-08-26 00:00:00,0.0
2019-08-26 00:30:00,0.0
2019-08-26 01:00:00,5.45
2019-08-26 01:30:00,0.0
2019-08-26 02:00:00,0.0
2019-08-26 02:30:00,0.0
2019-08-26 03:00:00,0.0
2019-08-26 03:30:00,0.0
2019-08-26 04:00:00,0.0
2019-08-26 04:30:00,0.0
2019-08-26 05:00:00,0.0
2019-08-26 05:30:00,0.0
2019-08-26 06:00:00,0.0
2019-08-26 06:30:00,0.0
2019-08-26 07:00:00,0.0
2019-08-26 07:30:00,0.0
2019-08-26 08:00:00,0.0
2019-08-26 08:30:00,0.0
2019-08-26 09:00:00,0.0
2019-08-26 09:30:00,0.0
2019-08-26 10:00:00,0.0
2019-08-26 10:30:00,0.0
2019-08-26 11:00:00,0.0
2019-08-26 11:30:00,0.0
2019-08-26 12:00:00,0.0
2019-08-26 12:30:00,13.814924394319132
2019-08-26 13:00:00,26.01214900304374
2019-08-26 13:30:00,61.3462045585993
2019-08-26 14:00:00,96.42346068960279
2019-08-26 14:30:00,155.4091232433803
2019-08-26 15:00:00,156.3956232433803
2019-08-26 15:30:00,156.3956232433803
2019-08-26 16:00:00,152.08688991004695
2019-08-26 16:30:00,142.22612800528506
2019-08-26 17:00:00,136.7261597513168
2019-08-26 17:30:00,127.6086597513168
2019-08-26 18:00:00,118.28910419576124
2019-08-26 18:30:00,109.03080578306283
2019-08-26 19:00:00,106.54191689417394
2019-08-26 19:30:00,112.80762843263548
2019-08-26 20:00:00,96.2319011599082
2019-08-26 20:30:00,73.53846343097047
2019-08-26 21:00:00,72.90265390716095
2019-08-26 21:30:00,82.4452967643038
2019-08-26 22:00:00,69.32151681442912
2019-08-26 22:30:00,66.28949181442913
2019-08-26 23:00:00,66.26147127287916
2019-08-26 23:30:00,53.03138209159262
2019-08-27 00:00:00,47.49767012987013
2019-08-27 00:30:00,34.717327272727275
2019-08-27 01:00:00,12.029757575757577
2019-08-27 01:30:00,11.308666666666667
2019-08-27 02:00:00,6.302666666666667
2019-08-27 02:30:00,6.302666666666667
2019-08-27 03:00:00,9.190166666666666
2019-08-27 03:30:00,2.8875
2019-08-27 04:00:00,4.0815
2019-08-27 04:30:00,2.8875
2019-08-27 05:00:00,0.0
2019-08-27 05:30:00,0.0
2019-08-27 06:00:00,0.0
2019-08-27 06:30:00,0.0
2019-08-27 07:00:00,0.0
2019-08-27 07:30:00,0.0
2019-08-27 08:00:00,0.0
2019-08-27 08:30:00,0.0
2019-08-27 09:00:00,0.0
2019-08-27 09:30:00,0.0
2019-08-27 10:00:00,0.0
2019-08-27 10:30:00,0.0
2019-08-27 11:00:00,0.0
2019-08-27 11:30:00,0.0
2019-08-27 12:00:00,0.0
2019-08-27 12:30:00,8.942176691729323
2019-08-27 13:00:00,29.825935515258735
2019-08-27 13:30:00,70.49295197488607
2019-08-27 14:00:00,90.40747313071682
2019-08-27 14:30:00,145.02807131490277
2019-08-27 15:00:00,137.73912687045834
2019-08-27 15:30:00,130.73792687045832
2019-08-27 16:00:00,113.21708877522023
2019-08-27 16:30:00,99.95054491557111
2019-08-27 17:00:00,84.69223062985682
2019-08-27 17:30:00,82.42048062985683
2019-08-27 18:00:00,72.12459174096793
2019-08-27 18:30:00,61.68556738199358
2019-08-27 19:00:00,72.79524515977135
2019-08-27 19:30:00,69.06465627088247
2019-08-27 20:00:00,66.39065627088246
2019-08-27 20:30:00,69.82465627088247
2019-08-27 21:00:00,66.59640627088247
2019-08-27 21:30:00,62.89559506640067
2019-08-27 22:00:00,64.66248980324278
2019-08-27 22:30:00,66.8279039022157
2019-08-27 23:00:00,47.94125964451262
2019-08-27 23:30:00,60.865189469074025
2019-08-28 00:00:00,49.92909824100385
2019-08-28 00:30:00,44.06309824100385
2019-08-28 01:00:00,28.354503759398497
2019-08-28 01:30:00,16.585303759398496
2019-08-28 02:00:00,8.039371428571428
2019-08-28 02:30:00,5.8548
2019-08-28 03:00:00,5.8548
2019-08-28 03:30:00,5.8548
2019-08-28 04:00:00,2.742
2019-08-28 04:30:00,0.0
2019-08-28 05:00:00,0.0
2019-08-28 05:30:00,0.0
2019-08-28 06:00:00,0.0
2019-08-28 06:30:00,0.0
2019-08-28 07:00:00,0.0
2019-08-28 07:30:00,0.0
2019-08-28 08:00:00,0.0
2019-08-28 08:30:00,0.0
2019-08-28 09:00:00,0.0
2019-08-28 09:30:00,0.0
2019-08-28 10:00:00,0.0
2019-08-28 10:30:00,0.0
2019-08-28 11:00:00,0.0
2019-08-28 11:30:00,0.0
2019-08-28 12:00:00,0.0
2019-08-28 12:30:00,12.391702380952381
2019-08-28 13:00:00,26.58915238095238
2019-08-28 13:30:00,55.358504212454214
2019-08-28 14:00:00,106.5150427242692
2019-08-28 14:30:00,150.4638766249268
2019-08-28 15:00:00,150.4638766249268
2019-08-28 15:30:00,147.8553766249268
2019-08-28 16:00:00,141.5934909106411
2019-08-28 16:30:00,131.3567409106411
2019-08-28 17:00:00,120.20943376778395
2019-08-28 17:30:00,111.62761710111728
2019-08-28 18:00:00,92.9738911270913
2019-08-28 18:30:00,98.71901334931353
2019-08-28 19:00:00,89.85061334931352
2019-08-28 19:30:00,84.63254668264686
2019-08-28 20:00:00,77.99485437495456
2019-08-28 20:30:00,43.3732994298996
2019-08-28 21:00:00,39.07297635297653
2019-08-28 21:30:00,50.09195840425858
2019-08-28 22:00:00,65.46595840425859
2019-08-28 22:30:00,62.19471134543505
2019-08-28 23:00:00,46.229776704912176
2019-08-28 23:30:00,35.61173125036672
2019-08-29 00:00:00,39.051859069915594
2019-08-29 00:30:00,33.952492403248925
2019-08-29 01:00:00,32.84171462547115
2019-08-29 01:30:00,32.84171462547115
2019-08-29 02:00:00,22.16732332112332
2019-08-29 02:30:00,22.00412332112332
2019-08-29 03:00:00,15.70512332112332
2019-08-29 03:30:00,9.210837606837607
2019-08-29 04:00:00,3.250222222222222
2019-08-29 04:30:00,3.250222222222222
2019-08-29 05:00:00,6.041222222222222
2019-08-29 05:30:00,2.791
2019-08-29 06:00:00,2.791
2019-08-29 06:30:00,2.791
2019-08-29 07:00:00,0.0
2019-08-29 07:30:00,0.0
2019-08-29 08:00:00,0.0
2019-08-29 08:30:00,0.0
2019-08-29 09:00:00,0.0
2019-08-29 09:30:00,0.0
2019-08-29 10:00:00,0.0
2019-08-29 10:30:00,0.0
2019-08-29 11:00:00,0.0
2019-08-29 11:30:00,0.0
2019-08-29 12:00:00,0.0
2019-08-29 12:30:00,1.0947777777777778
2019-08-29 13:00:00,17.479703811850342
2019-08-29 13:30:00,48.702509785116845
2019-08-29 14:00:00,80.29200690291133
2019-08-29 14:30:00,124.1233415311486
2019-08-29 15:00:00,122.50534153114859
2019-08-29 15:30:00,117.08484153114858
2019-08-29 16:00:00,115.44817486448193
2019-08-29 16:30:00,113.00897486448193
2019-08-29 17:00:00,95.78843438829145
2019-08-29 17:30:00,91.51099867400573
2019-08-29 18:00:00,86.64825978511685
2019-08-29 18:30:00,70.96969917905624
2019-08-29 19:00:00,68.51189600445306
2019-08-29 19:30:00,65.11738318394023
2019-08-29 20:00:00,60.231783183940244
2019-08-29 20:30:00,63.419874093031154
2019-08-29 21:00:00,62.78947409303115
2019-08-29 21:30:00,71.22240598845599
2019-08-29 22:00:00,75.63593932178932
2019-08-29 22:30:00,63.32488815219868
2019-08-29 23:00:00,71.62393376623376
2019-08-29 23:30:00,56.31293902939166
2019-08-30 00:00:00,46.97683376623377
2019-08-30 00:30:00,50.114833766233765
2019-08-30 01:00:00,25.40097662337662
2019-08-30 01:30:00,20.424176623376624
2019-08-30 02:00:00,9.0048
2019-08-30 02:30:00,3.3534285714285716
2019-08-30 03:00:00,6.221928571428572
2019-08-30 03:30:00,6.221928571428572
2019-08-30 04:00:00,6.221928571428572
2019-08-30 04:30:00,6.221928571428572
2019-08-30 05:00:00,3.3534285714285716
2019-08-30 05:30:00,3.3534285714285716
2019-08-30 06:00:00,0.0
2019-08-30 06:30:00,0.0
2019-08-30 07:00:00,0.0
2019-08-30 07:30:00,0.0
2019-08-30 08:00:00,0.0
2019-08-30 08:30:00,0.0
2019-08-30 09:00:00,0.0
2019-08-30 09:30:00,0.0
2019-08-30 10:00:00,0.0
2019-08-30 10:30:00,0.0
2019-08-30 11:00:00,0.0
2019-08-30 11:30:00,0.0
2019-08-30 12:00:00,5.5116
2019-08-30 12:30:00,5.5116
2019-08-30 13:00:00,8.4016
2019-08-30 13:30:00,8.4016
2019-08-30 14:00:00,12.0532
2019-08-30 14:30:00,14.943850000000001
2019-08-30 15:00:00,28.73362777777778
2019-08-30 15:30:00,38.40771111111111
2019-08-30 16:00:00,50.81071111111111
2019-08-30 16:30:00,44.365040522875816
2019-08-30 17:00:00,44.19044052287582
2019-08-30 17:30:00,50.837773856209154
2019-08-30 18:00:00,42.07227385620915
2019-08-30 18:30:00,44.37167385620915
2019-08-30 19:00:00,38.549273856209155
2019-08-30 19:30:00,38.549273856209155
2019-08-30 20:00:00,32.28977385620915
2019-08-30 20:30:00,32.28977385620915
2019-08-30 21:00:00,32.28977385620915
2019-08-30 21:30:00,32.28977385620915
2019-08-30 22:00:00,27.25644052287582
2019-08-30 22:30:00,21.57819052287582
2019-08-30 23:00:00,21.57819052287582
2019-08-30 23:30:00,20.758040522875817
2019-08-31 00:00:00,16.92926274509804
2019-08-31 00:30:00,15.519529411764704
2019-08-31 01:00:00,0.0
2019-08-31 01:30:00,4.252
2019-08-31 02:00:00,0.0
2019-08-31 02:30:00,0.0
2019-08-31 03:00:00,0.0
2019-08-31 03:30:00,0.0
2019-08-31 04:00:00,0.0
2019-08-31 04:30:00,0.0
2019-08-31 05:00:00,0.0
2019-08-31 05:30:00,0.0
2019-08-31 06:00:00,0.0
2019-08-31 06:30:00,0.0
2019-08-31 07:00:00,0.0
2019-08-31 07:30:00,0.0
2019-08-31 08:00:00,0.0
2019-08-31 08:30:00,0.0
2019-08-31 09:00:00,0.0
2019-08-31 09:30:00,0.0
2019-08-31 10:00:00,0.0
2019-08-31 10:30:00,0.0
2019-08-31 11:00:00,0.0
2019-08-31 11:30:00,0.0
2019-08-31 12:00:00,0.0
2019-08-31 12:30:00,0.0
2019-08-31 13:00:00,0.0
2019-08-31 13:30:00,0.0
2019-08-31 14:00:00,0.0
2019-08-31 14:30:00,0.0
2019-08-31 15:00:00,0.0
2019-08-31 15:30:00,0.0
2019-08-31 16:00:00,0.0
2019-08-31 16:30:00,0.0
2019-08-31 17:00:00,2.848
2019-08-31 17:30:00,0.0
2019-08-31 18:00:00,0.0
2019-08-31 18:30:00,0.0
2019-08-31 19:00:00,0.0
2019-08-31 19:30:00,0.0
2019-08-31 20:00:00,0.0
2019-08-31 20:30:00,0.0
2019-08-31 21:00:00,0.0
2019-08-31 21:30:00,0.0
2019-08-31 22:00:00,0.0
2019-08-31 22:30:00,0.0
2019-08-31 23:00:00,0.0
2019-08-31 23:30:00,0.0
2019-09-01 00:00:00,0.0
2019-09-01 00:30:00,0.0
2019-09-01 01:00:00,0.0
2019-09-01 01:30:00,0.0
2019-09-01 02:00:00,0.0
2019-09-01 02:30:00,0.0
2019-09-01 03:00:00,0.0
2019-09-01 03:30:00,0.0
2019-09-01 04:00:00,0.0
2019-09-01 04:30:00,0.0
2019-09-01 05:00:00,0.0
2019-09-01 05:30:00,0.0
2019-09-01 06:00:00,0.0
2019-09-01 06:30:00,0.0
2019-09-01 07:00:00,0.0
2019-09-01 07:30:00,0.0
2019-09-01 08:00:00,0.0
2019-09-01 08:30:00,0.0
2019-09-01 09:00:00,0.0
2019-09-01 09:30:00,0.0
2019-09-01 10:00:00,0.0
2019-09-01 10:30:00,0.0
2019-09-01 11:00:00,0.0
2019-09-01 11:30:00,0.0
2019-09-01 12:00:00,0.0
2019-09-01 12:30:00,0.0
2019-09-01 13:00:00,0.0
2019-09-01 13:30:00,0.0
2019-09-01 14:00:00,0.0
2019-09-01 14:30:00,0.0
2019-09-01 15:00:00,0.0
2019-09-01 15:30:00,0.0
2019-09-01 16:00:00,0.0
2019-09-01 16:30:00,0.0
2019-09-01 17:00:00,0.0
2019-09-01 17:30:00,5.836666666666667
2019-09-01 18:00:00,9.354666666666667
2019-09-01 18:30:00,5.836666666666667
2019-09-01 19:00:00,0.0
2019-09-01 19:30:00,0.0
2019-09-01 20:00:00,0.0
2019-09-01 20:30:00,0.0
2019-09-01 21:00:00,0.0
2019-09-01 21:30:00,0.0
2019-09-01 22:00:00,0.0
2019-09-01 22:30:00,0.0
2019-09-01 23:00:00,0.0
2019-09-01 23:30:00,0.0
2019-09-02 00:00:00,0.0
2019-09-02 00:30:00,0.0
2019-09-02 01:00:00,0.0
2019-09-02 01:30:00,0.0
2019-09-02 02:00:00,0.0
2019-09-02 02:30:00,0.0
2019-09-02 03:00:00,0.0
2019-09-02 03:30:00,0.0
2019-09-02 04:00:00,0.0
2019-09-02 04:30:00,0.0
2019-09-02 05:00:00,0.0
2019-09-02 05:30:00,0.0
2019-09-02 06:00:00,0.0
2019-09-02 06:30:00,0.0
2019-09-02 07:00:00,0.0
2019-09-02 07:30:00,0.0
2019-09-02 08:00:00,0.0
2019-09-02 08:30:00,0.0
2019-09-02 09:00:00,0.0
2019-09-02 09:30:00,0.0
2019-09-02 10:00:00,0.0
2019-09-02 10:30:00,0.0
2019-09-02 11:00:00,0.0
2019-09-02 11:30:00,0.0
2019-09-02 12:00:00,0.0
2019-09-02 12:30:00,0.0
2019-09-02 13:00:00,0.0
2019-09-02 13:30:00,0.0
2019-09-02 14:00:00,0.0
2019-09-02 14:30:00,2.8345
2019-09-02 15:00:00,2.8345
2019-09-02 15:30:00,2.8345
2019-09-02 16:00:00,2.8345
2019-09-02 16:30:00,0.0
2019-09-02 17:00:00,0.0
2019-09-02 17:30:00,0.0
2019-09-02 18:00:00,5.336
2019-09-02 18:30:00,5.336
2019-09-02 19:00:00,5.336
2019-09-02 19:30:00,10.948
2019-09-02 20:00:00,5.612
2019-09-02 20:30:00,6.400266666666667
2019-09-02 21:00:00,6.400266666666667
2019-09-02 21:30:00,6.400266666666667
2019-09-02 22:00:00,6.400266666666667
2019-09-02 22:30:00,6.400266666666667
2019-09-02 23:00:00,6.400266666666667
2019-09-02 23:30:00,6.400266666666667
2019-09-03 00:00:00,13.262266666666667
2019-09-03 00:30:00,13.262266666666667
2019-09-03 01:00:00,13.262266666666667
2019-09-03 01:30:00,13.262266666666667
2019-09-03 02:00:00,6.400266666666667
2019-09-03 02:30:00,6.400266666666667
2019-09-03 03:00:00,6.400266666666667
2019-09-03 03:30:00,6.400266666666667
2019-09-03 04:00:00,0.0
2019-09-03 04:30:00,0.0
2019-09-03 05:00:00,0.0
2019-09-03 05:30:00,0.0
2019-09-03 06:00:00,0.0
2019-09-03 06:30:00,0.0
2019-09-03 07:00:00,0.0
2019-09-03 07:30:00,0.0
2019-09-03 08:00:00,0.0
2019-09-03 08:30:00,0.0
2019-09-03 09:00:00,0.0
2019-09-03 09:30:00,0.0
2019-09-03 10:00:00,0.0
2019-09-03 10:30:00,0.0
2019-09-03 11:00:00,0.0
2019-09-03 11:30:00,4.8859
2019-09-03 12:00:00,7.078344444444445
2019-09-03 12:30:00,15.135505158730158
2019-09-03 13:00:00,25.886261461251166
2019-09-03 13:30:00,65.32079400283239
2019-09-03 14:00:00,103.83968831995318
2019-09-03 14:30:00,145.58448046874005
2019-09-03 15:00:00,143.9438138020734
2019-09-03 15:30:00,141.4538138020734
2019-09-03 16:00:00,119.21939475445436
2019-09-03 16:30:00,107.48696459572419
2019-09-03 17:00:00,99.94639316715276
2019-09-03 17:30:00,103.21779316715276
2019-09-03 18:00:00,101.27007888143848
2019-09-03 18:30:00,88.74046777032737
2019-09-03 19:00:00,86.49280918446878
2019-09-03 19:30:00,91.38916113252073
2019-09-03 20:00:00,91.37734295070254
2019-09-03 20:30:00,87.67468223641683
2019-09-03 21:00:00,79.18114377487836
2019-09-03 21:30:00,65.71313866283356
2019-09-03 22:00:00,68.03004580569069
2019-09-03 22:30:00,71.53139160401003
2019-09-03 23:00:00,64.36030137844611
2019-09-03 23:30:00,51.93941248955723
2019-09-04 00:00:00,57.30305158730159
2019-09-04 00:30:00,42.644123015873014
2019-09-04 01:00:00,40.858623015873015
2019-09-04 01:30:00,23.536265873015875
2019-09-04 02:00:00,21.311123015873015
2019-09-04 02:30:00,11.41670634920635
2019-09-04 03:00:00,8.65520634920635
2019-09-04 03:30:00,2.561777777777778
2019-09-04 04:00:00,0.0
2019-09-04 04:30:00,0.0
2019-09-04 05:00:00,0.0
2019-09-04 05:30:00,0.0
2019-09-04 06:00:00,0.0
2019-09-04 06:30:00,0.0
2019-09-04 07:00:00,0.0
2019-09-04 07:30:00,0.0
2019-09-04 08:00:00,0.0
2019-09-04 08:30:00,0.0
2019-09-04 09:00:00,0.0
2019-09-04 09:30:00,0.0
2019-09-04 10:00:00,0.0
2019-09-04 10:30:00,0.0
2019-09-04 11:00:00,6.572
2019-09-04 11:30:00,0.0
2019-09-04 12:00:00,5.204055555555556
2019-09-04 12:30:00,12.819155555555554
2019-09-04 13:00:00,21.602998412698412
2019-09-04 13:30:00,69.81336227106227
2019-09-04 14:00:00,111.00034924213213
2019-09-04 14:30:00,145.4292258251896
2019-09-04 15:00:00,137.37069249185626
2019-09-04 15:30:00,134.49819249185626
2019-09-04 16:00:00,119.25919249185627
2019-09-04 16:30:00,107.71249407915785
2019-09-04 17:00:00,90.32662979344357
2019-09-04 17:30:00,87.07012979344357
2019-09-04 18:00:00,86.08092979344357
2019-09-04 18:30:00,64.86328080354458
2019-09-04 19:00:00,68.99889747021125
2019-09-04 19:30:00,62.80177625809004
2019-09-04 20:00:00,62.352934766248545
2019-09-04 20:30:00,60.141396304710085
2019-09-04 21:00:00,62.17682090788468
2019-09-04 21:30:00,64.82232090788469
2019-09-04 22:00:00,64.11872368566246
2019-09-04 22:30:00,67.37200424121802
2019-09-04 23:00:00,64.36746531147946
2019-09-04 23:30:00,58.66409396645022
2019-09-05 00:00:00,43.556481845238096
2019-09-05 00:30:00,29.938481845238094
2019-09-05 01:00:00,15.408666666666665
2019-09-05 01:30:00,8.799777777777777
2019-09-05 02:00:00,5.845777777777778
2019-09-05 02:30:00,0.0
2019-09-05 03:00:00,0.0
2019-09-05 03:30:00,2.889
2019-09-05 04:00:00,2.889
2019-09-05 04:30:00,2.889
2019-09-05 05:00:00,2.889
2019-09-05 05:30:00,0.0
2019-09-05 06:00:00,0.0
2019-09-05 06:30:00,0.0
2019-09-05 07:00:00,0.0
2019-09-05 07:30:00,0.0
2019-09-05 08:00:00,0.0
2019-09-05 08:30:00,0.0
2019-09-05 09:00:00,0.0
2019-09-05 09:30:00,0.0
2019-09-05 10:00:00,0.0
2019-09-05 10:30:00,0.0
2019-09-05 11:00:00,0.0
2019-09-05 11:30:00,0.0
2019-09-05 12:00:00,2.9055
2019-09-05 12:30:00,9.155411764705882
2019-09-05 13:00:00,27.176559477124183
2019-09-05 13:30:00,49.544275350140055
2019-09-05 14:00:00,88.03923460446273
2019-09-05 14:30:00,145.06342542197854
2019-09-05 15:00:00,140.21875875531188
2019-09-05 15:30:00,137.97355875531187
2019-09-05 16:00:00,126.02105875531188
2019-09-05 16:30:00,115.04875875531188
2019-09-05 17:00:00,112.49018732674045
2019-09-05 17:30:00,96.665619866423
2019-09-05 18:00:00,90.09201272356586
2019-09-05 18:30:00,93.03374290875104
2019-09-05 19:00:00,90.75714290875104
2019-09-05 19:30:00,93.05650199966013
2019-09-05 20:00:00,92.75063331279144
2019-09-05 20:30:00,88.90746664612477
2019-09-05 21:00:00,73.0430394968035
2019-09-05 21:30:00,58.76011162565505
2019-09-05 22:00:00,70.49107829232172
2019-09-05 22:30:00,61.47592551454394
2019-09-05 23:00:00,63.54559218121061
2019-09-05 23:30:00,58.31567200577201
2019-09-06 00:00:00,52.71390533910534
2019-09-06 00:30:00,19.45012121212121
2019-09-06 01:00:00,5.821333333333333
2019-09-06 01:30:00,0.0
2019-09-06 02:00:00,0.0
2019-09-06 02:30:00,0.0
2019-09-06 03:00:00,0.0
2019-09-06 03:30:00,2.867
2019-09-06 04:00:00,2.867
2019-09-06 04:30:00,2.867
2019-09-06 05:00:00,2.867
2019-09-06 05:30:00,0.0
2019-09-06 06:00:00,0.0
2019-09-06 06:30:00,0.0
2019-09-06 07:00:00,0.0
2019-09-06 07:30:00,0.0
2019-09-06 08:00:00,0.0
2019-09-06 08:30:00,0.0
2019-09-06 09:00:00,0.0
2019-09-06 09:30:00,0.0
2019-09-06 10:00:00,0.0
2019-09-06 10:30:00,0.0
2019-09-06 11:00:00,0.0
2019-09-06 11:30:00,0.0
2019-09-06 12:00:00,0.734
2019-09-06 12:30:00,12.584428571428571
2019-09-06 13:00:00,24.476535714285713
2019-09-06 13:30:00,52.753110062486535
2019-09-06 14:00:00,86.00419167384902
2019-09-06 14:30:00,145.41611703035525
2019-09-06 15:00:00,143.79078369702194
2019-09-06 15:30:00,139.01578369702193
2019-09-06 16:00:00,125.60255512559336
2019-09-06 16:30:00,105.62909798273621
2019-09-06 17:00:00,98.17454798273621
2019-09-06 17:30:00,96.57824798273622
2019-09-06 18:00:00,99.317468761957
2019-09-06 18:30:00,88.36784653973477
2019-09-06 19:00:00,81.75281320640144
2019-09-06 19:30:00,76.53761320640145
2019-09-06 20:00:00,66.83553570057394
2019-09-06 20:30:00,69.50565383244206
2019-09-06 21:00:00,73.63454272133096
2019-09-06 21:30:00,53.37710224514048
2019-09-06 22:00:00,61.644992091078855
2019-09-06 22:30:00,76.94411218911807
2019-09-06 23:00:00,78.57474617604618
2019-09-06 23:30:00,62.15211587301587
2019-09-07 00:00:00,62.587223015873015
2019-09-07 00:30:00,41.51840634920635
2019-09-07 01:00:00,21.945206349206348
2019-09-07 01:30:00,7.740555555555556
2019-09-07 02:00:00,7.740555555555556
2019-09-07 02:30:00,7.740555555555556
2019-09-07 03:00:00,4.827555555555556
2019-09-07 03:30:00,0.0
2019-09-07 04:00:00,0.0
2019-09-07 04:30:00,0.0
2019-09-07 05:00:00,0.0
2019-09-07 05:30:00,0.0
2019-09-07 06:00:00,0.0
2019-09-07 06:30:00,0.0
2019-09-07 07:00:00,0.0
2019-09-07 07:30:00,0.0
2019-09-07 08:00:00,0.0
2019-09-07 08:30:00,0.0
2019-09-07 09:00:00,0.0
2019-09-07 09:30:00,0.0
2019-09-07 10:00:00,0.0
2019-09-07 10:30:00,0.0
2019-09-07 11:00:00,0.0
2019-09-07 11:30:00,0.0
2019-09-07 12:00:00,0.0
2019-09-07 12:30:00,0.0
2019-09-07 13:00:00,3.013714285714286
2019-09-07 13:30:00,3.013714285714286
2019-09-07 14:00:00,3.013714285714286
2019-09-07 14:30:00,3.013714285714286
2019-09-07 15:00:00,3.013714285714286
2019-09-07 15:30:00,12.482168831168831
2019-09-07 16:00:00,12.482168831168831
2019-09-07 16:30:00,9.468454545454545
2019-09-07 17:00:00,9.468454545454545
2019-09-07 17:30:00,4.069454545454546
2019-09-07 18:00:00,4.069454545454546
2019-09-07 18:30:00,4.069454545454546
2019-09-07 19:00:00,4.069454545454546
2019-09-07 19:30:00,4.069454545454546
2019-09-07 20:00:00,4.069454545454546
2019-09-07 20:30:00,4.069454545454546
2019-09-07 21:00:00,0.0
2019-09-07 21:30:00,0.0
2019-09-07 22:00:00,0.0
2019-09-07 22:30:00,0.0
2019-09-07 23:00:00,0.0
2019-09-07 23:30:00,0.0
2019-09-08 00:00:00,0.0
2019-09-08 00:30:00,0.0
2019-09-08 01:00:00,0.0
2019-09-08 01:30:00,0.0
2019-09-08 02:00:00,0.0
2019-09-08 02:30:00,0.0
2019-09-08 03:00:00,0.0
2019-09-08 03:30:00,0.0
2019-09-08 04:00:00,0.0
2019-09-08 04:30:00,0.0
2019-09-08 05:00:00,0.0
2019-09-08 05:30:00,0.0
2019-09-08 06:00:00,0.0
2019-09-08 06:30:00,0.0
2019-09-08 07:00:00,0.0
2019-09-08 07:30:00,0.0
2019-09-08 08:00:00,0.0
2019-09-08 08:30:00,0.0
2019-09-08 09:00:00,0.0
2019-09-08 09:30:00,0.0
2019-09-08 10:00:00,0.0
2019-09-08 10:30:00,0.0
2019-09-08 11:00:00,0.0
2019-09-08 11:30:00,0.0
2019-09-08 12:00:00,0.0
2019-09-08 12:30:00,0.0
2019-09-08 13:00:00,0.0
2019-09-08 13:30:00,0.0
2019-09-08 14:00:00,0.0
2019-09-08 14:30:00,0.0
2019-09-08 15:00:00,0.0
2019-09-08 15:30:00,0.0
2019-09-08 16:00:00,0.0
2019-09-08 16:30:00,0.0
2019-09-08 17:00:00,5.487333333333333
2019-09-08 17:30:00,5.487333333333333
2019-09-08 18:00:00,5.487333333333333
2019-09-08 18:30:00,0.0
2019-09-08 19:00:00,6.213
2019-09-08 19:30:00,6.213
2019-09-08 20:00:00,0.0
2019-09-08 20:30:00,0.0
2019-09-08 21:00:00,0.0
2019-09-08 21:30:00,0.0
2019-09-08 22:00:00,0.0
2019-09-08 22:30:00,0.0
2019-09-08 23:00:00,0.0
2019-09-08 23:30:00,0.0
2019-09-09 00:00:00,0.0
2019-09-09 00:30:00,0.0
2019-09-09 01:00:00,6.729
2019-09-09 01:30:00,6.729
2019-09-09 02:00:00,0.0
2019-09-09 02:30:00,0.0
2019-09-09 03:00:00,0.0
2019-09-09 03:30:00,0.0
2019-09-09 04:00:00,0.0
2019-09-09 04:30:00,0.0
2019-09-09 05:00:00,0.0
2019-09-09 05:30:00,0.0
2019-09-09 06:00:00,0.0
2019-09-09 06:30:00,0.0
2019-09-09 07:00:00,0.0
2019-09-09 07:30:00,0.0
2019-09-09 08:00:00,0.0
2019-09-09 08:30:00,0.0
2019-09-09 09:00:00,0.0
2019-09-09 09:30:00,0.0
2019-09-09 10:00:00,0.0
2019-09-09 10:30:00,0.0
2019-09-09 11:00:00,0.0
2019-09-09 11:30:00,0.0
2019-09-09 12:00:00,6.418685714285713
2019-09-09 12:30:00,8.34335238095238
2019-09-09 13:00:00,26.786804653679653
2019-09-09 13:30:00,59.73839113028784
2019-09-09 14:00:00,109.42622620354791
2019-09-09 14:30:00,140.08179860614533
2019-09-09 15:00:00,161.79630618190288
2019-09-09 15:30:00,146.23396907872828
2019-09-09 16:00:00,139.61496907872828
2019-09-09 16:30:00,125.535079793014
2019-09-09 17:00:00,111.86732979301401
2019-09-09 17:30:00,105.92475836444258
2019-09-09 18:00:00,97.42259169777591
2019-09-09 18:30:00,87.90839775838197
2019-09-09 19:00:00,82.45878684424055
2019-09-09 19:30:00,84.82725654121025
2019-09-09 20:00:00,78.20751628146999
2019-09-09 20:30:00,63.44161768007139
2019-09-09 21:00:00,54.610436727690434
2019-09-09 21:30:00,57.74100815626186
2019-09-09 22:00:00,68.32463315626187
2019-09-09 22:30:00,57.4690914895952
2019-09-09 23:00:00,56.81712306854257
2019-09-09 23:30:00,57.627056401875905
2019-09-10 00:00:00,30.51365367965368
2019-09-10 00:30:00,25.416017316017317
2019-09-10 01:00:00,9.366
2019-09-10 01:30:00,0.0
2019-09-10 02:00:00,0.0
2019-09-10 02:30:00,2.8005
2019-09-10 03:00:00,2.8005
2019-09-10 03:30:00,9.138785714285715
2019-09-10 04:00:00,9.138785714285715
2019-09-10 04:30:00,6.338285714285715
2019-09-10 05:00:00,6.338285714285715
2019-09-10 05:30:00,6.338285714285715
2019-09-10 06:00:00,6.338285714285715
2019-09-10 06:30:00,6.338285714285715
2019-09-10 07:00:00,0.0
2019-09-10 07:30:00,0.0
2019-09-10 08:00:00,0.0
2019-09-10 08:30:00,0.0
2019-09-10 09:00:00,0.0
2019-09-10 09:30:00,0.0
2019-09-10 10:00:00,0.0
2019-09-10 10:30:00,0.0
2019-09-10 11:00:00,0.0
2019-09-10 11:30:00,5.637739130434783
2019-09-10 12:00:00,11.423072463768117
2019-09-10 12:30:00,17.099715320910974
2019-09-10 13:00:00,36.28053198757764
2019-09-10 13:30:00,59.85889865424431
2019-09-10 14:00:00,98.6787265996649
2019-09-10 14:30:00,147.81392766762
2019-09-10 15:00:00,141.82592766762
2019-09-10 15:30:00,121.63792766761999
2019-09-10 16:00:00,100.4177514771438
2019-09-10 16:30:00,100.4177514771438
2019-09-10 17:00:00,92.0400014771438
2019-09-10 17:30:00,68.61235862000095
2019-09-10 18:00:00,56.15195862000094
2019-09-10 18:30:00,51.54965306444539
2019-09-10 19:00:00,42.37005104424337
2019-09-10 19:30:00,45.96445104424337
2019-09-10 20:00:00,36.097299529091856
2019-09-10 20:30:00,35.068799529091855
2019-09-10 21:00:00,29.803656671948996
2019-09-10 21:30:00,33.589656671948994
2019-09-10 22:00:00,36.921031671948995
2019-09-10 22:30:00,47.53026696606664
2019-09-10 23:00:00,42.25503763955343
2019-09-10 23:30:00,50.923704306220095
2019-09-11 00:00:00,32.17407272727273
2019-09-11 00:30:00,28.26558886158886
2019-09-11 01:00:00,17.941558558558558
2019-09-11 01:30:00,17.941558558558558
2019-09-11 02:00:00,9.208891891891891
2019-09-11 02:30:00,5.995891891891892
2019-09-11 03:00:00,5.995891891891892
2019-09-11 03:30:00,5.995891891891892
2019-09-11 04:00:00,5.995891891891892
2019-09-11 04:30:00,3.243891891891892
2019-09-11 05:00:00,3.243891891891892
2019-09-11 05:30:00,3.243891891891892
2019-09-11 06:00:00,3.243891891891892
2019-09-11 06:30:00,3.243891891891892
2019-09-11 07:00:00,3.243891891891892
2019-09-11 07:30:00,3.243891891891892
2019-09-11 08:00:00,3.243891891891892
2019-09-11 08:30:00,3.243891891891892
2019-09-11 09:00:00,3.243891891891892
2019-09-11 09:30:00,3.243891891891892
2019-09-11 10:00:00,3.243891891891892
2019-09-11 10:30:00,3.243891891891892
2019-09-11 11:00:00,3.243891891891892
2019-09-11 11:30:00,3.243891891891892
2019-09-11 12:00:00,11.706380780780782
2019-09-11 12:30:00,14.030380780780781
2019-09-11 13:00:00,32.320486683558556
2019-09-11 13:30:00,63.781543521165396
2019-09-11 14:00:00,124.59777714309902
2019-09-11 14:30:00,164.5278241158485
2019-09-11 15:00:00,160.32382411584848
2019-09-11 15:30:00,153.9661241158485
2019-09-11 16:00:00,144.3705241158485
2019-09-11 16:30:00,134.3292352269596
2019-09-11 17:00:00,117.81121821307072
2019-09-11 17:30:00,106.34557932418183
2019-09-11 18:00:00,96.0496586892612
2019-09-11 18:30:00,72.4931309114834
2019-09-11 19:00:00,66.80293901959152
2019-09-11 19:30:00,70.29481174686424
2019-09-11 20:00:00,57.38989682844933
2019-09-11 20:30:00,57.38989682844933
2019-09-11 21:00:00,59.48276496031746
2019-09-11 21:30:00,62.16614603174603
2019-09-11 22:00:00,55.31327936507937
2019-09-11 22:30:00,53.91410158730159
2019-09-11 23:00:00,69.01776825396826
2019-09-11 23:30:00,63.726890476190476
2019-09-12 00:00:00,47.21029047619047
2019-09-12 00:30:00,34.60181428571428
2019-09-12 01:00:00,9.682266666666667
2019-09-12 01:30:00,9.052599999999998
2019-09-12 02:00:00,9.052599999999998
2019-09-12 02:30:00,9.052599999999998
2019-09-12 03:00:00,6.446599999999999
2019-09-12 03:30:00,0.0
2019-09-12 04:00:00,0.0
2019-09-12 04:30:00,0.0
2019-09-12 05:00:00,0.0
2019-09-12 05:30:00,0.0
2019-09-12 06:00:00,0.0
2019-09-12 06:30:00,0.0
2019-09-12 07:00:00,0.0
2019-09-12 07:30:00,0.0
2019-09-12 08:00:00,0.0
2019-09-12 08:30:00,0.0
2019-09-12 09:00:00,0.0
2019-09-12 09:30:00,0.0
2019-09-12 10:00:00,0.0
2019-09-12 10:30:00,0.0
2019-09-12 11:00:00,0.0
2019-09-12 11:30:00,0.0
2019-09-12 12:00:00,7.801763636363637
2019-09-12 12:30:00,10.125363636363636
2019-09-12 13:00:00,24.33669696969697
2019-09-12 13:30:00,56.928983838383836
2019-09-12 14:00:00,109.57335515873017
2019-09-12 14:30:00,144.9414166294618
2019-09-12 15:00:00,142.6178166294618
2019-09-12 15:30:00,135.79891186755705
2019-09-12 16:00:00,124.14451186755704
2019-09-12 16:30:00,118.00851186755705
2019-09-12 17:00:00,109.3150547246999
2019-09-12 17:30:00,84.57610234374752
2019-09-12 18:00:00,76.71552456596974
2019-09-12 18:30:00,76.12080643410161
2019-09-12 19:00:00,74.9106445293397
2019-09-12 19:30:00,75.71841725661244
2019-09-12 20:00:00,64.21646271115789
2019-09-12 20:30:00,61.44031985401504
2019-09-12 21:00:00,56.087319854015036
2019-09-12 21:30:00,58.970419854015034
2019-09-12 22:00:00,49.90360913972932
2019-09-12 22:30:00,59.63094247306265
2019-09-12 23:00:00,60.333731777875485
2019-09-12 23:30:00,47.87790955565326
2019-09-13 00:00:00,48.88352359074098
2019-09-13 00:30:00,33.65721449983189
2019-09-13 01:00:00,10.698939774557164
2019-09-13 01:30:00,7.826939774557165
2019-09-13 02:00:00,6.039896296296296
2019-09-13 02:30:00,0.0662962962962963
2019-09-13 03:00:00,0.0662962962962963
2019-09-13 03:30:00,0.0662962962962963
2019-09-13 04:00:00,5.927333333333333
2019-09-13 04:30:00,6.788333333333333
2019-09-13 05:00:00,6.788333333333333
2019-09-13 05:30:00,5.927333333333333
2019-09-13 06:00:00,5.927333333333333
2019-09-13 06:30:00,5.927333333333333
2019-09-13 07:00:00,0.0
2019-09-13 07:30:00,0.0
2019-09-13 08:00:00,0.0
2019-09-13 08:30:00,0.0
2019-09-13 09:00:00,0.0
2019-09-13 09:30:00,0.0
2019-09-13 10:00:00,0.0
2019-09-13 10:30:00,0.0
2019-09-13 11:00:00,0.0
2019-09-13 11:30:00,0.0
2019-09-13 12:00:00,0.0
2019-09-13 12:30:00,1.1286666666666667
2019-09-13 13:00:00,11.667248484848486
2019-09-13 13:30:00,18.389248484848483
2019-09-13 14:00:00,23.218873484848483
2019-09-13 14:30:00,33.2194323083779
2019-09-13 15:00:00,36.09759897504456
2019-09-13 15:30:00,32.901045128890715
2019-09-13 16:00:00,31.226195128890716
2019-09-13 16:30:00,29.101695128890718
2019-09-13 17:00:00,28.597195128890718
2019-09-13 17:30:00,26.130195128890715
2019-09-13 18:00:00,26.496195128890715
2019-09-13 18:30:00,30.546679977375565
2019-09-13 19:00:00,30.541346644042232
2019-09-13 19:30:00,26.96684664404223
2019-09-13 20:00:00,27.068596644042234
2019-09-13 20:30:00,46.22492997737557
2019-09-13 21:00:00,46.82519664404223
2019-09-13 21:30:00,40.5747633107089
2019-09-13 22:00:00,20.285792156862744
2019-09-13 22:30:00,8.507458823529412
2019-09-13 23:00:00,2.8704
2019-09-13 23:30:00,2.8704
2019-09-14 00:00:00,0.0
2019-09-14 00:30:00,0.0
2019-09-14 01:00:00,0.0
2019-09-14 01:30:00,0.0
2019-09-14 02:00:00,0.0
2019-09-14 02:30:00,0.0
2019-09-14 03:00:00,0.0
2019-09-14 03:30:00,0.0
2019-09-14 04:00:00,0.0
2019-09-14 04:30:00,0.0
2019-09-14 05:00:00,0.0
2019-09-14 05:30:00,0.0
2019-09-14 06:00:00,0.0
2019-09-14 06:30:00,0.0
2019-09-14 07:00:00,0.0
2019-09-14 07:30:00,0.0
2019-09-14 08:00:00,0.0
2019-09-14 08:30:00,0.0
2019-09-14 09:00:00,0.0
2019-09-14 09:30:00,0.0
2019-09-14 10:00:00,0.0
2019-09-14 10:30:00,0.0
2019-09-14 11:00:00,0.0
2019-09-14 11:30:00,0.0
2019-09-14 12:00:00,0.0
2019-09-14 12:30:00,0.0
2019-09-14 13:00:00,0.0
2019-09-14 13:30:00,3.1065
2019-09-14 14:00:00,3.1065
2019-09-14 14:30:00,3.1065
2019-09-14 15:00:00,8.311045454545454
2019-09-14 15:30:00,5.204545454545454
2019-09-14 16:00:00,5.204545454545454
2019-09-14 16:30:00,5.204545454545454
2019-09-14 17:00:00,5.204545454545454
2019-09-14 17:30:00,5.204545454545454
2019-09-14 18:00:00,5.204545454545454
2019-09-14 18:30:00,5.204545454545454
2019-09-14 19:00:00,5.204545454545454
2019-09-14 19:30:00,5.204545454545454
2019-09-14 20:00:00,5.204545454545454
2019-09-14 20:30:00,2.342
2019-09-14 21:00:00,0.0
2019-09-14 21:30:00,0.0
2019-09-14 22:00:00,0.0
2019-09-14 22:30:00,0.0
2019-09-14 23:00:00,0.0
2019-09-14 23:30:00,0.0
2019-09-15 00:00:00,0.0
2019-09-15 00:30:00,0.0
2019-09-15 01:00:00,0.0
2019-09-15 01:30:00,0.0
2019-09-15 02:00:00,0.0
2019-09-15 02:30:00,0.0
2019-09-15 03:00:00,0.0
2019-09-15 03:30:00,0.0
2019-09-15 04:00:00,0.0
2019-09-15 04:30:00,0.0
2019-09-15 05:00:00,0.0
2019-09-15 05:30:00,0.0
2019-09-15 06:00:00,0.0
2019-09-15 06:30:00,0.0
2019-09-15 07:00:00,0.0
2019-09-15 07:30:00,0.0
2019-09-15 08:00:00,0.0
2019-09-15 08:30:00,0.0
2019-09-15 09:00:00,0.0
2019-09-15 09:30:00,0.0
2019-09-15 10:00:00,0.0
2019-09-15 10:30:00,0.0
2019-09-15 11:00:00,0.0
2019-09-15 11:30:00,0.0
2019-09-15 12:00:00,0.0
2019-09-15 12:30:00,0.0
2019-09-15 13:00:00,0.0
2019-09-15 13:30:00,0.0
2019-09-15 14:00:00,0.0
2019-09-15 14:30:00,0.0
2019-09-15 15:00:00,0.0
2019-09-15 15:30:00,0.0
2019-09-15 16:00:00,0.0
2019-09-15 16:30:00,0.0
2019-09-15 17:00:00,5.794666666666667
2019-09-15 17:30:00,5.794666666666667
2019-09-15 18:00:00,5.794666666666667
2019-09-15 18:30:00,2.7720000000000002
2019-09-15 19:00:00,2.7720000000000002
2019-09-15 19:30:00,2.7720000000000002
2019-09-15 20:00:00,2.7720000000000002
2019-09-15 20:30:00,2.7720000000000002
2019-09-15 21:00:00,2.7720000000000002
2019-09-15 21:30:00,2.7720000000000002
2019-09-15 22:00:00,2.7720000000000002
2019-09-15 22:30:00,2.7720000000000002
2019-09-15 23:00:00,0.0
2019-09-15 23:30:00,0.0
2019-09-16 00:00:00,0.0
2019-09-16 00:30:00,0.0
2019-09-16 01:00:00,0.0
2019-09-16 01:30:00,0.0
2019-09-16 02:00:00,0.0
2019-09-16 02:30:00,0.0
2019-09-16 03:00:00,0.0
2019-09-16 03:30:00,0.0
2019-09-16 04:00:00,0.0
2019-09-16 04:30:00,0.0
2019-09-16 05:00:00,0.0
2019-09-16 05:30:00,0.0
2019-09-16 06:00:00,0.0
2019-09-16 06:30:00,0.0
2019-09-16 07:00:00,0.0
2019-09-16 07:30:00,0.0
2019-09-16 08:00:00,0.0
2019-09-16 08:30:00,0.0
2019-09-16 09:00:00,0.0
2019-09-16 09:30:00,0.0
2019-09-16 10:00:00,0.0
2019-09-16 10:30:00,0.0
2019-09-16 11:00:00,0.0
2019-09-16 11:30:00,0.0
2019-09-16 12:00:00,7.402266666666667
2019-09-16 12:30:00,11.552683333333334
2019-09-16 13:00:00,27.8728095959596
2019-09-16 13:30:00,65.67439390968508
2019-09-16 14:00:00,110.52744941386443
2019-09-16 14:30:00,161.6604390318488
2019-09-16 15:00:00,151.2677723651821
2019-09-16 15:30:00,142.14310569851546
2019-09-16 16:00:00,127.15837236518212
2019-09-16 16:30:00,123.38262236518212
2019-09-16 17:00:00,117.75212236518212
2019-09-16 17:30:00,99.93734458740434
2019-09-16 18:00:00,93.75191601597577
2019-09-16 18:30:00,78.5113897533495
2019-09-16 19:00:00,78.51731197557173
2019-09-16 19:30:00,64.08316652102627
2019-09-16 20:00:00,54.42480288466264
2019-09-16 20:30:00,50.25146955132931
2019-09-16 21:00:00,48.18886240847216
2019-09-16 21:30:00,62.77428145609121
2019-09-16 22:00:00,68.20671575347683
2019-09-16 22:30:00,78.05873536131996
2019-09-16 23:00:00,75.64603536131996
2019-09-16 23:30:00,74.92969618003342
2019-09-17 00:00:00,48.85388809523809
2019-09-17 00:30:00,24.593288095238094
2019-09-17 01:00:00,8.802466666666666
2019-09-17 01:30:00,2.993
2019-09-17 02:00:00,2.993
2019-09-17 02:30:00,2.993
2019-09-17 03:00:00,2.993
2019-09-17 03:30:00,2.993
2019-09-17 04:00:00,2.993
2019-09-17 04:30:00,2.993
2019-09-17 05:00:00,10.118
2019-09-17 05:30:00,7.125
2019-09-17 06:00:00,0.0
2019-09-17 06:30:00,0.0
2019-09-17 07:00:00,0.0
2019-09-17 07:30:00,0.0
2019-09-17 08:00:00,0.0
2019-09-17 08:30:00,0.0
2019-09-17 09:00:00,0.0
2019-09-17 09:30:00,0.0
2019-09-17 10:00:00,0.0
2019-09-17 10:30:00,0.0
2019-09-17 11:00:00,0.0
2019-09-17 11:30:00,0.0
2019-09-17 12:00:00,3.184
2019-09-17 12:30:00,16.553333333333335
2019-09-17 13:00:00,35.48614285714286
2019-09-17 13:30:00,62.07607547746371
2019-09-17 14:00:00,83.13680047746371
2019-09-17 14:30:00,134.2892594155844
2019-09-17 15:00:00,143.44287973722183
2019-09-17 15:30:00,136.46087973722183
2019-09-17 16:00:00,126.03287973722185
2019-09-17 16:30:00,103.02183688007898
2019-09-17 17:00:00,84.77317021341231
2019-09-17 17:30:00,84.89317021341232
2019-09-17 18:00:00,66.51478926103137
2019-09-17 18:30:00,56.8781725943647
2019-09-17 19:00:00,51.51007461456672
2019-09-17 19:30:00,49.32963017012227
2019-09-17 20:00:00,51.599851926575695
2019-09-17 20:30:00,39.875018593242366
2019-09-17 21:00:00,39.875018593242366
2019-09-17 21:30:00,35.637818593242365
2019-09-17 22:00:00,47.9923700638306
2019-09-17 22:30:00,60.0649700638306
2019-09-17 23:00:00,64.31033525990902
2019-09-17 23:30:00,49.06874795832173
2019-09-18 00:00:00,46.73854795832173
2019-09-18 00:30:00,36.830957142857145
2019-09-18 01:00:00,23.90535714285714
2019-09-18 01:30:00,27.378957142857143
2019-09-18 02:00:00,21.982457142857143
2019-09-18 02:30:00,13.114457142857145
2019-09-18 03:00:00,6.7736
2019-09-18 03:30:00,6.7736
2019-09-18 04:00:00,0.0
2019-09-18 04:30:00,0.0
2019-09-18 05:00:00,0.0
2019-09-18 05:30:00,0.0
2019-09-18 06:00:00,0.0
2019-09-18 06:30:00,0.0
2019-09-18 07:00:00,0.0
2019-09-18 07:30:00,0.0
2019-09-18 08:00:00,0.0
2019-09-18 08:30:00,0.0
2019-09-18 09:00:00,0.0
2019-09-18 09:30:00,0.0
2019-09-18 10:00:00,0.0
2019-09-18 10:30:00,0.0
2019-09-18 11:00:00,0.0
2019-09-18 11:30:00,0.0
2019-09-18 12:00:00,2.958
2019-09-18 12:30:00,16.614850793650795
2019-09-18 13:00:00,35.2362911976912
2019-09-18 13:30:00,52.654271356421354
2019-09-18 14:00:00,107.69718780284043
2019-09-18 14:30:00,160.50838315454754
2019-09-18 15:00:00,154.92318315454756
2019-09-18 15:30:00,142.90548315454754
2019-09-18 16:00:00,138.3285879164523
2019-09-18 16:30:00,128.3447879164523
2019-09-18 17:00:00,126.22621648788088
2019-09-18 17:30:00,109.58229188470628
2019-09-18 18:00:00,97.62252045613485
2019-09-18 18:30:00,91.84411338542778
2019-09-18 19:00:00,92.08909116320557
2019-09-18 19:30:00,88.4755760116904
2019-09-18 20:00:00,74.54630328441768
2019-09-18 20:30:00,66.16675566537006
2019-09-18 21:00:00,65.69390951152391
2019-09-18 21:30:00,71.56795395596835
2019-09-18 22:00:00,68.94887062263501
2019-09-18 22:30:00,78.99709284485724
2019-09-18 23:00:00,91.24521940457204
2019-09-18 23:30:00,69.87200303030303
2019-09-19 00:00:00,63.58720303030303
2019-09-19 00:30:00,46.0507316017316
2019-09-19 01:00:00,31.608236363636365
2019-09-19 01:30:00,23.87390303030303
2019-09-19 02:00:00,11.233236363636363
2019-09-19 02:30:00,11.233236363636363
2019-09-19 03:00:00,11.233236363636363
2019-09-19 03:30:00,5.971636363636364
2019-09-19 04:00:00,8.815136363636364
2019-09-19 04:30:00,2.8435
2019-09-19 05:00:00,8.588611111111112
2019-09-19 05:30:00,8.588611111111112
2019-09-19 06:00:00,5.745111111111111
2019-09-19 06:30:00,5.745111111111111
2019-09-19 07:00:00,5.745111111111111
2019-09-19 07:30:00,5.745111111111111
2019-09-19 08:00:00,5.745111111111111
2019-09-19 08:30:00,5.745111111111111
2019-09-19 09:00:00,5.745111111111111
2019-09-19 09:30:00,0.0
2019-09-19 10:00:00,0.0
2019-09-19 10:30:00,0.0
2019-09-19 11:00:00,0.0
2019-09-19 11:30:00,0.0
2019-09-19 12:00:00,2.5468
2019-09-19 12:30:00,16.87856923076923
2019-09-19 13:00:00,36.9906656536446
2019-09-19 13:30:00,69.74237235086895
2019-09-19 14:00:00,94.90997500333344
2019-09-19 14:30:00,159.50805785783703
2019-09-19 15:00:00,157.86605785783703
2019-09-19 15:30:00,152.2377245245037
2019-09-19 16:00:00,147.11679119117036
2019-09-19 16:30:00,124.81611023878942
2019-09-19 17:00:00,112.99758642926561
2019-09-19 17:30:00,111.05244357212275
2019-09-19 18:00:00,99.49135785783703
2019-09-19 18:30:00,83.84248917096835
2019-09-19 19:00:00,74.10247318695237
2019-09-19 19:30:00,81.48947318695237
2019-09-19 20:00:00,70.29856409604328
2019-09-19 20:30:00,47.29806409604328
2019-09-19 21:00:00,49.16002789694825
2019-09-19 21:30:00,49.15111361123397
2019-09-19 22:00:00,38.26647390535162
2019-09-19 22:30:00,41.014077915376674
2019-09-19 23:00:00,57.353005366357074
2019-09-19 23:30:00,70.74772215833703
2019-09-20 00:00:00,51.70344145658264
2019-09-20 00:30:00,40.38827478991597
2019-09-20 01:00:00,33.40927478991597
2019-09-20 01:30:00,15.031474789915967
2019-09-20 02:00:00,15.031474789915967
2019-09-20 02:30:00,23.301474789915968
2019-09-20 03:00:00,9.650117647058824
2019-09-20 03:30:00,9.650117647058824
2019-09-20 04:00:00,9.650117647058824
2019-09-20 04:30:00,12.395617647058824
2019-09-20 05:00:00,8.843617647058824
2019-09-20 05:30:00,2.7455
2019-09-20 06:00:00,2.7455
2019-09-20 06:30:00,0.0
2019-09-20 07:00:00,0.0
2019-09-20 07:30:00,0.0
2019-09-20 08:00:00,0.0
2019-09-20 08:30:00,0.0
2019-09-20 09:00:00,0.0
2019-09-20 09:30:00,0.0
2019-09-20 10:00:00,0.0
2019-09-20 10:30:00,0.0
2019-09-20 11:00:00,0.0
2019-09-20 11:30:00,0.0
2019-09-20 12:00:00,6.474742857142857
2019-09-20 12:30:00,18.372028571428572
2019-09-20 13:00:00,36.127820995670994
2019-09-20 13:30:00,58.590060894660894
2019-09-20 14:00:00,97.75491078643579
2019-09-20 14:30:00,161.00357941637824
2019-09-20 15:00:00,161.05457941637826
2019-09-20 15:30:00,154.9394365592354
2019-09-20 16:00:00,134.28481751161635
2019-09-20 16:30:00,125.03461751161635
2019-09-20 17:00:00,106.46100084494968
2019-09-20 17:30:00,91.14636989256873
2019-09-20 18:00:00,80.77633423933308
2019-09-20 18:30:00,58.61972514842399
2019-09-20 19:00:00,66.12689686559571
2019-09-20 19:30:00,67.10441959286844
2019-09-20 20:00:00,73.9695624500113
2019-09-20 20:30:00,65.30222911667796
2019-09-20 21:00:00,71.79110091154975
2019-09-20 21:30:00,81.05670091154975
2019-09-20 22:00:00,74.30102591154976
2019-09-20 22:30:00,97.31958368932753
2019-09-20 23:00:00,89.402936630504
2019-09-20 23:30:00,67.25334377336114
2019-09-21 00:00:00,46.1605157031857
2019-09-21 00:30:00,30.947745454545455
2019-09-21 01:00:00,26.36163116883117
2019-09-21 01:30:00,27.768085714285714
2019-09-21 02:00:00,17.248819047619047
2019-09-21 02:30:00,17.248819047619047
2019-09-21 03:00:00,9.335285714285714
2019-09-21 03:30:00,9.335285714285714
2019-09-21 04:00:00,6.602285714285714
2019-09-21 04:30:00,0.0
2019-09-21 05:00:00,0.0
2019-09-21 05:30:00,0.0
2019-09-21 06:00:00,0.0
2019-09-21 06:30:00,0.0
2019-09-21 07:00:00,0.0
2019-09-21 07:30:00,0.0
2019-09-21 08:00:00,0.0
2019-09-21 08:30:00,0.0
2019-09-21 09:00:00,0.0
2019-09-21 09:30:00,0.0
2019-09-21 10:00:00,0.0
2019-09-21 10:30:00,0.0
2019-09-21 11:00:00,0.0
2019-09-21 11:30:00,0.0
2019-09-21 12:00:00,0.0
2019-09-21 12:30:00,3.134
2019-09-21 13:00:00,3.134
2019-09-21 13:30:00,3.134
2019-09-21 14:00:00,6.198666666666667
2019-09-21 14:30:00,6.198666666666667
2019-09-21 15:00:00,6.198666666666667
2019-09-21 15:30:00,3.134
2019-09-21 16:00:00,0.0
2019-09-21 16:30:00,0.0
2019-09-21 17:00:00,0.0
2019-09-21 17:30:00,0.0
2019-09-21 18:00:00,0.0
2019-09-21 18:30:00,0.0
2019-09-21 19:00:00,0.0
2019-09-21 19:30:00,3.1035
2019-09-21 20:00:00,6.4841
2019-09-21 20:30:00,6.4841
2019-09-21 21:00:00,6.4841
2019-09-21 21:30:00,6.4841
2019-09-21 22:00:00,6.4841
2019-09-21 22:30:00,6.4841
2019-09-21 23:00:00,6.4841
2019-09-21 23:30:00,3.3806
2019-09-22 00:00:00,9.488933333333334
2019-09-22 00:30:00,9.488933333333334
2019-09-22 01:00:00,6.108333333333333
2019-09-22 01:30:00,6.108333333333333
2019-09-22 02:00:00,6.108333333333333
2019-09-22 02:30:00,6.108333333333333
2019-09-22 03:00:00,0.0
2019-09-22 03:30:00,0.0
2019-09-22 04:00:00,0.0
2019-09-22 04:30:00,0.0
2019-09-22 05:00:00,0.0
2019-09-22 05:30:00,0.0
2019-09-22 06:00:00,0.0
2019-09-22 06:30:00,0.0
2019-09-22 07:00:00,0.0
2019-09-22 07:30:00,0.0
2019-09-22 08:00:00,0.0
2019-09-22 08:30:00,0.0
2019-09-22 09:00:00,0.0
2019-09-22 09:30:00,0.0
2019-09-22 10:00:00,0.0
2019-09-22 10:30:00,0.0
2019-09-22 11:00:00,0.0
2019-09-22 11:30:00,0.0
2019-09-22 12:00:00,0.0
2019-09-22 12:30:00,0.0
2019-09-22 13:00:00,0.0
2019-09-22 13:30:00,0.0
2019-09-22 14:00:00,0.0
2019-09-22 14:30:00,0.0
2019-09-22 15:00:00,6.384
2019-09-22 15:30:00,6.384
2019-09-22 16:00:00,0.0
2019-09-22 16:30:00,0.0
2019-09-22 17:00:00,5.1595
2019-09-22 17:30:00,5.1595
2019-09-22 18:00:00,5.1595
2019-09-22 18:30:00,6.546166666666667
2019-09-22 19:00:00,1.3866666666666667
2019-09-22 19:30:00,5.238666666666667
2019-09-22 20:00:00,1.3866666666666667
2019-09-22 20:30:00,1.3866666666666667
2019-09-22 21:00:00,1.3866666666666667
2019-09-22 21:30:00,1.3866666666666667
2019-09-22 22:00:00,1.3866666666666667
2019-09-22 22:30:00,1.3866666666666667
2019-09-22 23:00:00,0.0
2019-09-22 23:30:00,0.0
2019-09-23 00:00:00,0.0
2019-09-23 00:30:00,0.0
2019-09-23 01:00:00,0.0
2019-09-23 01:30:00,0.0
2019-09-23 02:00:00,0.0
2019-09-23 02:30:00,0.0
2019-09-23 03:00:00,0.0
2019-09-23 03:30:00,0.0
2019-09-23 04:00:00,0.0
2019-09-23 04:30:00,0.0
2019-09-23 05:00:00,0.0
2019-09-23 05:30:00,0.0
2019-09-23 06:00:00,0.0
2019-09-23 06:30:00,0.0
2019-09-23 07:00:00,0.0
2019-09-23 07:30:00,0.0
2019-09-23 08:00:00,0.0
2019-09-23 08:30:00,0.0
2019-09-23 09:00:00,0.0
2019-09-23 09:30:00,0.0
2019-09-23 10:00:00,0.0
2019-09-23 10:30:00,0.0
2019-09-23 11:00:00,0.0
2019-09-23 11:30:00,6.0856691176470585
2019-09-23 12:00:00,8.546469117647058
2019-09-23 12:30:00,17.47043492961287
2019-09-23 13:00:00,38.63560818968613
2019-09-23 13:30:00,67.81005061392855
2019-09-23 14:00:00,97.14066797841821
2019-09-23 14:30:00,149.2897210277081
2019-09-23 15:00:00,149.2897210277081
2019-09-23 15:30:00,144.2673210277081
2019-09-23 16:00:00,137.24532102770812
2019-09-23 16:30:00,112.94644007532715
2019-09-23 17:00:00,113.40821785310493
2019-09-23 17:30:00,102.90250356739064
2019-09-23 18:00:00,82.75243268826976
2019-09-23 18:30:00,76.98319935493643
2019-09-23 19:00:00,72.54715778539486
2019-09-23 19:30:00,70.51295108376316
2019-09-23 20:00:00,73.75122839468753
2019-09-23 20:30:00,65.7533950613542
2019-09-23 21:00:00,60.03899506135419
2019-09-23 21:30:00,55.97499506135419
2019-09-23 22:00:00,67.78225220421133
2019-09-23 22:30:00,62.0535757336231
2019-09-23 23:00:00,66.99575351140088
2019-09-23 23:30:00,65.00636103019787
2019-09-24 00:00:00,73.00788734598734
2019-09-24 00:30:00,50.257079653679654
2019-09-24 01:00:00,31.28392380952381
2019-09-24 01:30:00,24.814166666666665
2019-09-24 02:00:00,6.0135000000000005
2019-09-24 02:30:00,2.7875
2019-09-24 03:00:00,2.7875
2019-09-24 03:30:00,0.0
2019-09-24 04:00:00,0.0
2019-09-24 04:30:00,0.0
2019-09-24 05:00:00,0.0
2019-09-24 05:30:00,2.733333333333333
2019-09-24 06:00:00,2.733333333333333
2019-09-24 06:30:00,2.733333333333333
2019-09-24 07:00:00,0.0
2019-09-24 07:30:00,0.0
2019-09-24 08:00:00,0.0
2019-09-24 08:30:00,0.0
2019-09-24 09:00:00,0.0
2019-09-24 09:30:00,0.0
2019-09-24 10:00:00,0.0
2019-09-24 10:30:00,0.0
2019-09-24 11:00:00,0.0
2019-09-24 11:30:00,0.0
2019-09-24 12:00:00,4.247599999999999
2019-09-24 12:30:00,5.712753846153846
2019-09-24 13:00:00,26.537753846153848
2019-09-24 13:30:00,76.04233743011375
2019-09-24 14:00:00,112.94965522356648
2019-09-24 14:30:00,144.36689400925619
2019-09-24 15:00:00,145.3288940092562
2019-09-24 15:30:00,134.5390940092562
2019-09-24 16:00:00,118.5624940092562
2019-09-24 16:30:00,113.18216067592286
2019-09-24 17:00:00,102.04444639020858
2019-09-24 17:30:00,86.4837321044943
2019-09-24 18:00:00,84.60978210449429
2019-09-24 18:30:00,84.30527099338317
2019-09-24 19:00:00,86.84451159167378
2019-09-24 19:30:00,73.15034189470408
2019-09-24 20:00:00,72.02350856137075
2019-09-24 20:30:00,62.93084189470408
2019-09-24 21:00:00,63.45194189470408
2019-09-24 21:30:00,70.43731648729667
2019-09-24 22:00:00,67.16131648729667
2019-09-24 22:30:00,72.22097236964962
2019-09-24 23:00:00,42.12656516290727
2019-09-24 23:30:00,43.38473182957394
2019-09-25 00:00:00,38.892847619047615
2019-09-25 00:30:00,24.771866666666668
2019-09-25 01:00:00,9.426
2019-09-25 01:30:00,9.0435
2019-09-25 02:00:00,2.8485
2019-09-25 02:30:00,2.8485
2019-09-25 03:00:00,2.8485
2019-09-25 03:30:00,5.84975
2019-09-25 04:00:00,5.84975
2019-09-25 04:30:00,12.56855
2019-09-25 05:00:00,12.56855
2019-09-25 05:30:00,12.56855
2019-09-25 06:00:00,12.56855
2019-09-25 06:30:00,12.56855
2019-09-25 07:00:00,5.84975
2019-09-25 07:30:00,0.0
2019-09-25 08:00:00,0.0
2019-09-25 08:30:00,0.0
2019-09-25 09:00:00,0.0
2019-09-25 09:30:00,0.0
2019-09-25 10:00:00,0.0
2019-09-25 10:30:00,0.0
2019-09-25 11:00:00,0.0
2019-09-25 11:30:00,0.0
2019-09-25 12:00:00,3.8673333333333333
2019-09-25 12:30:00,12.753169467787114
2019-09-25 13:00:00,29.996945658263307
2019-09-25 13:30:00,55.36677203188968
2019-09-25 14:00:00,95.79685028441493
2019-09-25 14:30:00,140.8102087344616
2019-09-25 15:00:00,138.7502087344616
2019-09-25 15:30:00,134.37754206779493
2019-09-25 16:00:00,118.70217063922352
2019-09-25 16:30:00,101.41004700430288
2019-09-25 17:00:00,97.41364700430289
2019-09-25 17:30:00,89.83164700430288
2019-09-25 18:00:00,80.76881129001717
2019-09-25 18:30:00,70.37237795668383
2019-09-25 19:00:00,67.62304621065209
2019-09-25 19:30:00,54.57674318034906
2019-09-25 20:00:00,46.46197394957983
2019-09-25 20:30:00,42.65191442577031
2019-09-25 21:00:00,41.43001638655462
2019-09-25 21:30:00,42.17077829131652
2019-09-25 22:00:00,48.52132591036415
2019-09-25 22:30:00,49.75056400560224
2019-09-25 23:00:00,51.6321626984127
2019-09-25 23:30:00,46.91427380952381
2019-09-26 00:00:00,43.07992619047619
2019-09-26 00:30:00,34.20334285714286
2019-09-26 01:00:00,30.51834285714286
2019-09-26 01:30:00,11.864095238095238
2019-09-26 02:00:00,0.0
2019-09-26 02:30:00,0.0
2019-09-26 03:00:00,0.0
2019-09-26 03:30:00,0.0
2019-09-26 04:00:00,0.0
2019-09-26 04:30:00,0.0
2019-09-26 05:00:00,5.8260000000000005
2019-09-26 05:30:00,8.636000000000001
2019-09-26 06:00:00,8.636000000000001
2019-09-26 06:30:00,2.81
2019-09-26 07:00:00,2.81
2019-09-26 07:30:00,0.0
2019-09-26 08:00:00,0.0
2019-09-26 08:30:00,0.0
2019-09-26 09:00:00,0.0
2019-09-26 09:30:00,0.0
2019-09-26 10:00:00,0.0
2019-09-26 10:30:00,0.0
2019-09-26 11:00:00,0.0
2019-09-26 11:30:00,0.0
2019-09-26 12:00:00,11.138685714285714
2019-09-26 12:30:00,17.48849126984127
2019-09-26 13:00:00,32.8378246031746
2019-09-26 13:30:00,68.96194357864358
2019-09-26 14:00:00,101.4130122092218
2019-09-26 14:30:00,159.30316787289078
2019-09-26 15:00:00,154.24716787289077
2019-09-26 15:30:00,147.78088215860507
2019-09-26 16:00:00,132.42748215860507
2019-09-26 16:30:00,118.21419882527174
2019-09-26 17:00:00,103.2938527935257
2019-09-26 17:30:00,92.67293612685904
2019-09-26 18:00:00,93.40500328192618
2019-09-26 18:30:00,81.55755883748175
2019-09-26 19:00:00,80.9958239889969
2019-09-26 19:30:00,82.36887651424942
2019-09-26 20:00:00,80.26387651424943
2019-09-26 20:30:00,63.012305085677994
2019-09-26 21:00:00,65.164705085678
2019-09-26 21:30:00,67.969605085678
2019-09-26 22:00:00,79.11131937139228
2019-09-26 22:30:00,72.72017791480965
2019-09-26 23:00:00,56.88178085598612
2019-09-26 23:30:00,48.89869956943641
2019-09-27 00:00:00,47.03750366300366
2019-09-27 00:30:00,45.89911904761905
2019-09-27 01:00:00,48.974714285714285
2019-09-27 01:30:00,21.598
2019-09-27 02:00:00,18.764357142857143
2019-09-27 02:30:00,12.588357142857143
2019-09-27 03:00:00,5.594857142857143
2019-09-27 03:30:00,5.594857142857143
2019-09-27 04:00:00,5.594857142857143
2019-09-27 04:30:00,0.0
2019-09-27 05:00:00,0.0
2019-09-27 05:30:00,0.0
2019-09-27 06:00:00,0.0
2019-09-27 06:30:00,0.0
2019-09-27 07:00:00,0.0
2019-09-27 07:30:00,0.0
2019-09-27 08:00:00,0.0
2019-09-27 08:30:00,0.0
2019-09-27 09:00:00,0.0
2019-09-27 09:30:00,0.0
2019-09-27 10:00:00,0.0
2019-09-27 10:30:00,0.0
2019-09-27 11:00:00,0.0
2019-09-27 11:30:00,0.0
2019-09-27 12:00:00,3.2075
2019-09-27 12:30:00,5.898642857142857
2019-09-27 13:00:00,5.898642857142857
2019-09-27 13:30:00,10.224309523809524
2019-09-27 14:00:00,27.201209523809524
2019-09-27 14:30:00,36.78082316017316
2019-09-27 15:00:00,30.66982316017316
2019-09-27 15:30:00,44.79412316017316
2019-09-27 16:00:00,47.0370803030303
2019-09-27 16:30:00,51.126880303030305
2019-09-27 17:00:00,69.49903030303031
2019-09-27 17:30:00,67.56799184149185
2019-09-27 18:00:00,58.98269184149184
2019-09-27 18:30:00,49.74809184149184
2019-09-27 19:00:00,44.936225174825175
2019-09-27 19:30:00,40.610558508158505
2019-09-27 20:00:00,39.028194871794874
2019-09-27 20:30:00,36.21486153846154
2019-09-27 21:00:00,37.255361538461536
2019-09-27 21:30:00,34.97736153846154
2019-09-27 22:00:00,31.37846153846154
2019-09-27 22:30:00,25.659211538461538
2019-09-27 23:00:00,21.33821153846154
2019-09-27 23:30:00,19.546211538461538
2019-09-28 00:00:00,19.983083333333333
2019-09-28 00:30:00,19.983083333333333
2019-09-28 01:00:00,14.896833333333333
2019-09-28 01:30:00,6.0955
2019-09-28 02:00:00,0.0
2019-09-28 02:30:00,0.0
2019-09-28 03:00:00,0.0
2019-09-28 03:30:00,0.0
2019-09-28 04:00:00,0.0
2019-09-28 04:30:00,0.0
2019-09-28 05:00:00,0.0
2019-09-28 05:30:00,0.0
2019-09-28 06:00:00,0.0
2019-09-28 06:30:00,0.0
2019-09-28 07:00:00,0.0
2019-09-28 07:30:00,0.0
2019-09-28 08:00:00,0.0
2019-09-28 08:30:00,0.0
2019-09-28 09:00:00,0.0
2019-09-28 09:30:00,0.0
2019-09-28 10:00:00,0.0
2019-09-28 10:30:00,0.0
2019-09-28 11:00:00,0.0
2019-09-28 11:30:00,0.0
2019-09-28 12:00:00,0.0
2019-09-28 12:30:00,0.0
2019-09-28 13:00:00,0.0
2019-09-28 13:30:00,0.0
2019-09-28 14:00:00,0.0
2019-09-28 14:30:00,0.0
2019-09-28 15:00:00,0.0
2019-09-28 15:30:00,0.0
2019-09-28 16:00:00,0.0
2019-09-28 16:30:00,0.0
2019-09-28 17:00:00,0.0
2019-09-28 17:30:00,0.0
2019-09-28 18:00:00,0.0
2019-09-28 18:30:00,0.0
2019-09-28 19:00:00,0.0
2019-09-28 19:30:00,0.0
2019-09-28 20:00:00,0.0
2019-09-28 20:30:00,6.2324
2019-09-28 21:00:00,9.2359
2019-09-28 21:30:00,9.2359
2019-09-28 22:00:00,15.4939
2019-09-28 22:30:00,15.4939
2019-09-28 23:00:00,6.258
2019-09-28 23:30:00,6.258
2019-09-29 00:00:00,6.258
2019-09-29 00:30:00,0.0
2019-09-29 01:00:00,0.0
2019-09-29 01:30:00,0.0
2019-09-29 02:00:00,0.0
2019-09-29 02:30:00,0.0
2019-09-29 03:00:00,0.0
2019-09-29 03:30:00,0.0
2019-09-29 04:00:00,0.0
2019-09-29 04:30:00,0.0
2019-09-29 05:00:00,0.0
2019-09-29 05:30:00,0.0
2019-09-29 06:00:00,0.0
2019-09-29 06:30:00,0.0
2019-09-29 07:00:00,0.0
2019-09-29 07:30:00,0.0
2019-09-29 08:00:00,0.0
2019-09-29 08:30:00,0.0
2019-09-29 09:00:00,0.0
2019-09-29 09:30:00,0.0
2019-09-29 10:00:00,0.0
2019-09-29 10:30:00,0.0
2019-09-29 11:00:00,0.0
2019-09-29 11:30:00,0.0
2019-09-29 12:00:00,0.0
2019-09-29 12:30:00,0.0
2019-09-29 13:00:00,0.0
2019-09-29 13:30:00,0.0
2019-09-29 14:00:00,0.0
2019-09-29 14:30:00,0.0
2019-09-29 15:00:00,0.0
2019-09-29 15:30:00,0.0
2019-09-29 16:00:00,0.0
2019-09-29 16:30:00,2.528
2019-09-29 17:00:00,6.501090909090909
2019-09-29 17:30:00,6.501090909090909
2019-09-29 18:00:00,6.501090909090909
2019-09-29 18:30:00,6.501090909090909
2019-09-29 19:00:00,6.501090909090909
2019-09-29 19:30:00,6.501090909090909
2019-09-29 20:00:00,6.501090909090909
2019-09-29 20:30:00,6.501090909090909
2019-09-29 21:00:00,6.501090909090909
2019-09-29 21:30:00,6.501090909090909
2019-09-29 22:00:00,6.501090909090909
2019-09-29 22:30:00,0.0
2019-09-29 23:00:00,0.0
2019-09-29 23:30:00,0.0
2019-09-30 00:00:00,0.0
2019-09-30 00:30:00,0.0
2019-09-30 01:00:00,0.0
2019-09-30 01:30:00,0.0
2019-09-30 02:00:00,0.0
2019-09-30 02:30:00,0.0
2019-09-30 03:00:00,0.0
2019-09-30 03:30:00,0.0
2019-09-30 04:00:00,0.0
2019-09-30 04:30:00,0.0
2019-09-30 05:00:00,0.0
2019-09-30 05:30:00,0.0
2019-09-30 06:00:00,0.0
2019-09-30 06:30:00,0.0
2019-09-30 07:00:00,0.0
2019-09-30 07:30:00,0.0
2019-09-30 08:00:00,0.0
2019-09-30 08:30:00,0.0
2019-09-30 09:00:00,0.0
2019-09-30 09:30:00,0.0
2019-09-30 10:00:00,0.0
2019-09-30 10:30:00,0.0
2019-09-30 11:00:00,0.0
2019-09-30 11:30:00,4.575666666666667
2019-09-30 12:00:00,12.535230303030303
2019-09-30 12:30:00,29.67635311004785
2019-09-30 13:00:00,47.6700187666135
2019-09-30 13:30:00,67.63844697174171
2019-09-30 14:00:00,118.24813560978066
2019-09-30 14:30:00,169.29974067539405
2019-09-30 15:00:00,169.29974067539405
2019-09-30 15:30:00,160.30080734206072
2019-09-30 16:00:00,148.25960734206072
2019-09-30 16:30:00,139.80860734206072
2019-09-30 17:00:00,136.44810734206072
2019-09-30 17:30:00,120.78017877063215
2019-09-30 18:00:00,110.16842877063215
2019-09-30 18:30:00,95.3807242251776
2019-09-30 19:00:00,90.77474644739982
2019-09-30 19:30:00,91.49129190194527
2019-09-30 20:00:00,85.95980006045343
2019-09-30 20:30:00,84.1829667271201
2019-09-30 21:00:00,66.52188980404318
2019-09-30 21:30:00,66.52188980404318
2019-09-30 22:00:00,53.73295588591453
2019-09-30 22:30:00,41.7195951016008
2019-09-30 23:00:00,48.24373146523717
2019-09-30 23:30:00,35.4324
2019-10-01 00:00:00,29.1649
2019-10-01 00:30:00,27.290766666666666
2019-10-01 01:00:00,5.699666666666667
2019-10-01 01:30:00,2.8586666666666667
2019-10-01 02:00:00,0.0
2019-10-01 02:30:00,0.0
2019-10-01 03:00:00,0.0
2019-10-01 03:30:00,0.0
2019-10-01 04:00:00,2.5713333333333335
2019-10-01 04:30:00,2.5713333333333335
2019-10-01 05:00:00,2.5713333333333335
2019-10-01 05:30:00,0.0
2019-10-01 06:00:00,0.0
2019-10-01 06:30:00,0.0
2019-10-01 07:00:00,0.0
2019-10-01 07:30:00,0.0
2019-10-01 08:00:00,0.0
2019-10-01 08:30:00,0.0
2019-10-01 09:00:00,0.0
2019-10-01 09:30:00,0.0
2019-10-01 10:00:00,0.0
2019-10-01 10:30:00,0.0
2019-10-01 11:00:00,0.0
2019-10-01 11:30:00,0.0
2019-10-01 12:00:00,6.839499999999999
2019-10-01 12:30:00,14.8239
2019-10-01 13:00:00,34.952264285714286
2019-10-01 13:30:00,84.94355555555556
2019-10-01 14:00:00,103.57418320860427
2019-10-01 14:30:00,147.52620057734663
2019-10-01 15:00:00,149.51158340562947
2019-10-01 15:30:00,144.99668340562945
2019-10-01 16:00:00,134.95348340562947
2019-10-01 16:30:00,132.09115007229613
2019-10-01 17:00:00,111.92065721515327
2019-10-01 17:30:00,94.23217388181993
2019-10-01 18:00:00,82.98761832626438
2019-10-01 18:30:00,83.26661832626438
2019-10-01 19:00:00,80.10839610404216
2019-10-01 19:30:00,61.38196782121388
2019-10-01 20:00:00,54.09308686883292
2019-10-01 20:30:00,39.14387058511664
2019-10-01 21:00:00,30.94234686716792
2019-10-01 21:30:00,19.086108771929823
2019-10-01 22:00:00,24.04277543859649
2019-10-01 22:30:00,30.409242105263157
2019-10-01 23:00:00,28.052708771929822
2019-10-01 23:30:00,20.968866666666667
2019-10-02 00:00:00,29.272066666666667
2019-10-02 00:30:00,34.44460238095238
2019-10-02 01:00:00,25.35286904761905
2019-10-02 01:30:00,13.475735714285715
2019-10-02 02:00:00,13.475735714285715
2019-10-02 02:30:00,8.888535714285716
2019-10-02 03:00:00,8.888535714285716
2019-10-02 03:30:00,11.654535714285714
2019-10-02 04:00:00,5.84025
2019-10-02 04:30:00,2.766
2019-10-02 05:00:00,2.766
2019-10-02 05:30:00,0.0
2019-10-02 06:00:00,0.0
2019-10-02 06:30:00,0.0
2019-10-02 07:00:00,0.0
2019-10-02 07:30:00,0.0
2019-10-02 08:00:00,0.0
2019-10-02 08:30:00,0.0
2019-10-02 09:00:00,0.0
2019-10-02 09:30:00,0.0
2019-10-02 10:00:00,0.0
2019-10-02 10:30:00,0.0
2019-10-02 11:00:00,0.0
2019-10-02 11:30:00,0.0
2019-10-02 12:00:00,2.5252
2019-10-02 12:30:00,11.034902415458937
2019-10-02 13:00:00,22.175444406800928
2019-10-02 13:30:00,49.27210590027821
2019-10-02 14:00:00,100.69719262086755
2019-10-02 14:30:00,142.1979408734406
2019-10-02 15:00:00,150.52237896867868
2019-10-02 15:30:00,142.67617896867867
2019-10-02 16:00:00,142.67617896867867
2019-10-02 16:30:00,136.710712302012
2019-10-02 17:00:00,128.03596785756756
2019-10-02 17:30:00,120.05175833375804
2019-10-02 18:00:00,112.72758373058345
2019-10-02 18:30:00,108.24524967574939
2019-10-02 19:00:00,105.2150353900351
2019-10-02 19:30:00,82.61072932942903
2019-10-02 20:00:00,72.28849090119061
2019-10-02 20:30:00,62.89415756785728
2019-10-02 21:00:00,65.92376745796717
2019-10-02 21:30:00,58.1373388865386
2019-10-02 22:00:00,46.77752221987193
2019-10-02 22:30:00,38.788736505586215
2019-10-02 23:00:00,37.367742181540805
2019-10-02 23:30:00,48.40205596600196
2019-10-03 00:00:00,47.971446825396825
2019-10-03 00:30:00,46.76230396825397
2019-10-03 01:00:00,31.108827777777776
2019-10-03 01:30:00,31.108827777777776
2019-10-03 02:00:00,13.263027777777777
2019-10-03 02:30:00,10.19336111111111
2019-10-03 03:00:00,9.949861111111112
2019-10-03 03:30:00,9.949861111111112
2019-10-03 04:00:00,7.885611111111111
2019-10-03 04:30:00,9.0825
2019-10-03 05:00:00,6.268
2019-10-03 05:30:00,6.268
2019-10-03 06:00:00,6.268
2019-10-03 06:30:00,6.268
2019-10-03 07:00:00,6.268
2019-10-03 07:30:00,0.0
2019-10-03 08:00:00,0.0
2019-10-03 08:30:00,0.0
2019-10-03 09:00:00,0.0
2019-10-03 09:30:00,0.0
2019-10-03 10:00:00,0.0
2019-10-03 10:30:00,0.0
2019-10-03 11:00:00,0.0
2019-10-03 11:30:00,2.722
2019-10-03 12:00:00,10.090523076923077
2019-10-03 12:30:00,15.103761172161171
2019-10-03 13:00:00,29.963989743589742
2019-10-03 13:30:00,56.93515085470085
2019-10-03 14:00:00,97.16203833301202
2019-10-03 14:30:00,156.37693329839234
2019-10-03 15:00:00,155.17293329839237
2019-10-03 15:30:00,150.86573329839234
2019-10-03 16:00:00,134.1023285364876
2019-10-03 16:30:00,117.31783329839236
2019-10-03 17:00:00,110.16076663172569
2019-10-03 17:30:00,99.62608806029712
2019-10-03 18:00:00,84.70938885394791
2019-10-03 18:30:00,84.58486577702483
2019-10-03 19:00:00,85.75316022146927
2019-10-03 19:30:00,79.60356022146928
2019-10-03 20:00:00,73.87065113056019
2019-10-03 20:30:00,67.77218959209866
2019-10-03 21:00:00,53.90627677158583
2019-10-03 21:30:00,50.52825477158583
2019-10-03 22:00:00,45.19883810491916
2019-10-03 22:30:00,41.81496310491916
2019-10-03 23:00:00,42.00574905263158
2019-10-03 23:30:00,46.60155723976609
2019-10-04 00:00:00,48.736105555555554
2019-10-04 00:30:00,50.85330555555556
2019-10-04 01:00:00,33.386138888888894
2019-10-04 01:30:00,21.31213888888889
2019-10-04 02:00:00,12.10688888888889
2019-10-04 02:30:00,12.10688888888889
2019-10-04 03:00:00,12.10688888888889
2019-10-04 03:30:00,6.252000000000001
2019-10-04 04:00:00,6.252000000000001
2019-10-04 04:30:00,6.252000000000001
2019-10-04 05:00:00,6.252000000000001
2019-10-04 05:30:00,6.252000000000001
2019-10-04 06:00:00,6.252000000000001
2019-10-04 06:30:00,6.252000000000001
2019-10-04 07:00:00,6.252000000000001
2019-10-04 07:30:00,6.252000000000001
2019-10-04 08:00:00,0.0
2019-10-04 08:30:00,0.0
2019-10-04 09:00:00,0.0
2019-10-04 09:30:00,0.0
2019-10-04 10:00:00,0.0
2019-10-04 10:30:00,0.0
2019-10-04 11:00:00,0.0
2019-10-04 11:30:00,4.0008
2019-10-04 12:00:00,9.647133333333333
2019-10-04 12:30:00,11.583633333333333
2019-10-04 13:00:00,29.378800207961973
2019-10-04 13:30:00,76.51514070569954
2019-10-04 14:00:00,104.60224479915509
2019-10-04 14:30:00,155.03654956105984
2019-10-04 15:00:00,155.03654956105984
2019-10-04 15:30:00,149.12034956105987
2019-10-04 16:00:00,136.41661622772654
2019-10-04 16:30:00,118.17444956105986
2019-10-04 17:00:00,110.48329956105985
2019-10-04 17:30:00,88.41764479915508
2019-10-04 18:00:00,88.41764479915508
2019-10-04 18:30:00,95.79419934460964
2019-10-04 19:00:00,96.19419934460964
2019-10-04 19:30:00,75.92653873854903
2019-10-04 20:00:00,76.69515412316441
2019-10-04 20:30:00,78.66198745649776
2019-10-04 21:00:00,81.67538745649775
2019-10-04 21:30:00,78.73597289067142
2019-10-04 22:00:00,76.84723645276293
2019-10-04 22:30:00,84.10547828282829
2019-10-04 23:00:00,79.64181161616162
2019-10-04 23:30:00,49.12804494949495
2019-10-05 00:00:00,25.206605555555555
2019-10-05 00:30:00,19.533805555555556
2019-10-05 01:00:00,19.533805555555556
2019-10-05 01:30:00,19.533805555555556
2019-10-05 02:00:00,18.253555555555558
2019-10-05 02:30:00,12.893555555555555
2019-10-05 03:00:00,6.874
2019-10-05 03:30:00,6.874
2019-10-05 04:00:00,0.0
2019-10-05 04:30:00,0.0
2019-10-05 05:00:00,0.0
2019-10-05 05:30:00,0.0
2019-10-05 06:00:00,0.0
2019-10-05 06:30:00,0.0
2019-10-05 07:00:00,0.0
2019-10-05 07:30:00,0.0
2019-10-05 08:00:00,0.0
2019-10-05 08:30:00,0.0
2019-10-05 09:00:00,0.0
2019-10-05 09:30:00,0.0
2019-10-05 10:00:00,0.0
2019-10-05 10:30:00,0.0
2019-10-05 11:00:00,0.0
2019-10-05 11:30:00,0.0
2019-10-05 12:00:00,0.0
2019-10-05 12:30:00,2.8465
2019-10-05 13:00:00,2.8465
2019-10-05 13:30:00,2.8465
2019-10-05 14:00:00,2.8465
2019-10-05 14:30:00,2.8465
2019-10-05 15:00:00,2.8465
2019-10-05 15:30:00,2.8465
2019-10-05 16:00:00,5.8575
2019-10-05 16:30:00,9.3575
2019-10-05 17:00:00,9.3575
2019-10-05 17:30:00,9.3575
2019-10-05 18:00:00,15.6997
2019-10-05 18:30:00,9.3532
2019-10-05 19:00:00,6.3422
2019-10-05 19:30:00,6.3422
2019-10-05 20:00:00,6.3422
2019-10-05 20:30:00,15.7118
2019-10-05 21:00:00,15.7118
2019-10-05 21:30:00,15.7118
2019-10-05 22:00:00,15.7118
2019-10-05 22:30:00,12.9158
2019-10-05 23:00:00,0.0
2019-10-05 23:30:00,0.0
2019-10-06 00:00:00,0.0
2019-10-06 00:30:00,0.0
2019-10-06 01:00:00,0.0
2019-10-06 01:30:00,0.0
2019-10-06 02:00:00,0.0
2019-10-06 02:30:00,0.0
2019-10-06 03:00:00,0.0
2019-10-06 03:30:00,0.0
2019-10-06 04:00:00,5.8265
2019-10-06 04:30:00,5.8265
2019-10-06 05:00:00,5.8265
2019-10-06 05:30:00,5.8265
2019-10-06 06:00:00,0.0
2019-10-06 06:30:00,0.0
2019-10-06 07:00:00,0.0
2019-10-06 07:30:00,0.0
2019-10-06 08:00:00,0.0
2019-10-06 08:30:00,0.0
2019-10-06 09:00:00,0.0
2019-10-06 09:30:00,0.0
2019-10-06 10:00:00,0.0
2019-10-06 10:30:00,0.0
2019-10-06 11:00:00,0.0
2019-10-06 11:30:00,0.0
2019-10-06 12:00:00,0.0
2019-10-06 12:30:00,0.0
2019-10-06 13:00:00,0.0
2019-10-06 13:30:00,0.0
2019-10-06 14:00:00,0.0
2019-10-06 14:30:00,0.0
2019-10-06 15:00:00,0.0
2019-10-06 15:30:00,0.0
2019-10-06 16:00:00,0.0
2019-10-06 16:30:00,0.0
2019-10-06 17:00:00,0.0
2019-10-06 17:30:00,5.7783999999999995
2019-10-06 18:00:00,5.7783999999999995
2019-10-06 18:30:00,5.7783999999999995
2019-10-06 19:00:00,5.7783999999999995
2019-10-06 19:30:00,5.7783999999999995
2019-10-06 20:00:00,0.0
2019-10-06 20:30:00,0.0
2019-10-06 21:00:00,0.0
2019-10-06 21:30:00,0.0
2019-10-06 22:00:00,3.2963999999999998
2019-10-06 22:30:00,3.2963999999999998
2019-10-06 23:00:00,3.2963999999999998
2019-10-06 23:30:00,3.2963999999999998
2019-10-07 00:00:00,3.2963999999999998
2019-10-07 00:30:00,0.0
2019-10-07 01:00:00,0.0
2019-10-07 01:30:00,5.438
2019-10-07 02:00:00,5.438
2019-10-07 02:30:00,5.438
2019-10-07 03:00:00,0.0
2019-10-07 03:30:00,0.0
2019-10-07 04:00:00,0.0
2019-10-07 04:30:00,0.0
2019-10-07 05:00:00,0.0
2019-10-07 05:30:00,0.0
2019-10-07 06:00:00,0.0
2019-10-07 06:30:00,0.0
2019-10-07 07:00:00,0.0
2019-10-07 07:30:00,0.0
2019-10-07 08:00:00,0.0
2019-10-07 08:30:00,0.0
2019-10-07 09:00:00,0.0
2019-10-07 09:30:00,0.0
2019-10-07 10:00:00,0.0
2019-10-07 10:30:00,0.0
2019-10-07 11:00:00,3.1646666666666667
2019-10-07 11:30:00,3.1646666666666667
2019-10-07 12:00:00,7.77952380952381
2019-10-07 12:30:00,17.12573593073593
2019-10-07 13:00:00,36.83163492063492
2019-10-07 13:30:00,70.97441774891774
2019-10-07 14:00:00,105.0076550038197
2019-10-07 14:30:00,147.26604862066037
2019-10-07 15:00:00,155.25777877939055
2019-10-07 15:30:00,152.46027877939053
2019-10-07 16:00:00,143.74944544605722
2019-10-07 16:30:00,122.53721211272388
2019-10-07 17:00:00,128.0157121127239
2019-10-07 17:30:00,110.5647954460572
2019-10-07 18:00:00,100.60565114591292
2019-10-07 18:30:00,85.79300215601393
2019-10-07 19:00:00,73.21977329598506
2019-10-07 19:30:00,77.2905561242679
2019-10-07 20:00:00,67.66246521517698
2019-10-07 20:30:00,79.37743664374841
2019-10-07 21:00:00,90.07307950089127
2019-10-07 21:30:00,73.7101628342246
2019-10-07 22:00:00,66.06916600882778
2019-10-07 22:30:00,67.67494542059248
2019-10-07 23:00:00,61.95305064935065
2019-10-07 23:30:00,71.62664155844156
2019-10-08 00:00:00,49.62607012987013
2019-10-08 00:30:00,41.6206606060606
2019-10-08 01:00:00,38.66493333333333
2019-10-08 01:30:00,21.94983333333333
2019-10-08 02:00:00,2.8415
2019-10-08 02:30:00,2.8415
2019-10-08 03:00:00,0.0
2019-10-08 03:30:00,0.0
2019-10-08 04:00:00,0.0
2019-10-08 04:30:00,0.0
2019-10-08 05:00:00,0.0
2019-10-08 05:30:00,2.861333333333333
2019-10-08 06:00:00,2.861333333333333
2019-10-08 06:30:00,2.861333333333333
2019-10-08 07:00:00,0.0
2019-10-08 07:30:00,0.0
2019-10-08 08:00:00,0.0
2019-10-08 08:30:00,0.0
2019-10-08 09:00:00,0.0
2019-10-08 09:30:00,0.0
2019-10-08 10:00:00,0.0
2019-10-08 10:30:00,0.0
2019-10-08 11:00:00,3.1486666666666667
2019-10-08 11:30:00,3.1486666666666667
2019-10-08 12:00:00,14.859684848484848
2019-10-08 12:30:00,22.415957575757577
2019-10-08 13:00:00,36.71132424242424
2019-10-08 13:30:00,83.6312757076257
2019-10-08 14:00:00,115.3130829851521
2019-10-08 14:30:00,150.8690752486431
2019-10-08 15:00:00,147.2724085819764
2019-10-08 15:30:00,137.88054191530975
2019-10-08 16:00:00,124.95827524864309
2019-10-08 16:30:00,122.71227524864308
2019-10-08 17:00:00,108.75248001054786
2019-10-08 17:30:00,95.50041182872967
2019-10-08 18:00:00,91.96521053002837
2019-10-08 18:30:00,86.26025497447282
2019-10-08 19:00:00,86.48825497447281
2019-10-08 19:30:00,80.26233830780615
2019-10-08 20:00:00,64.53286627983412
2019-10-08 20:30:00,54.9880457670136
2019-10-08 21:00:00,51.25912269009053
2019-10-08 21:30:00,37.534494118661954
2019-10-08 22:00:00,46.24445245199529
2019-10-08 22:30:00,44.77720735395607
2019-10-08 23:00:00,46.83891977225673
2019-10-08 23:30:00,38.00366977225673
2019-10-09 00:00:00,26.895384057971015
2019-10-09 00:30:00,16.53055072463768
2019-10-09 01:00:00,14.997884057971014
2019-10-09 01:30:00,14.997884057971014
2019-10-09 02:00:00,6.224666666666667
2019-10-09 02:30:00,6.224666666666667
2019-10-09 03:00:00,0.0
2019-10-09 03:30:00,0.0
2019-10-09 04:00:00,0.0
2019-10-09 04:30:00,2.7535
2019-10-09 05:00:00,2.7535
2019-10-09 05:30:00,2.7535
2019-10-09 06:00:00,2.7535
2019-10-09 06:30:00,0.0
2019-10-09 07:00:00,0.0
2019-10-09 07:30:00,0.0
2019-10-09 08:00:00,0.0
2019-10-09 08:30:00,0.0
2019-10-09 09:00:00,0.0
2019-10-09 09:30:00,0.0
2019-10-09 10:00:00,0.0
2019-10-09 10:30:00,0.0
2019-10-09 11:00:00,3.116
2019-10-09 11:30:00,3.116
2019-10-09 12:00:00,8.945
2019-10-09 12:30:00,15.813250549450549
2019-10-09 13:00:00,23.67245256965257
2019-10-09 13:30:00,68.10339724262666
2019-10-09 14:00:00,112.19148303461245
2019-10-09 14:30:00,146.6824004949299
2019-10-09 15:00:00,138.6444893838188
2019-10-09 15:30:00,132.09748938381878
2019-10-09 16:00:00,126.9934893838188
2019-10-09 16:30:00,122.65248938381879
2019-10-09 17:00:00,121.36948938381879
2019-10-09 17:30:00,109.33973541556483
2019-10-09 18:00:00,99.47921954254895
2019-10-09 18:30:00,84.57457307790249
2019-10-09 19:00:00,58.81890477953419
2019-10-09 19:30:00,50.17871141734083
2019-10-09 20:00:00,57.86414125417067
2019-10-09 20:30:00,55.3806027926322
2019-10-09 21:00:00,57.93365041167982
2019-10-09 21:30:00,62.807345649775066
2019-10-09 22:00:00,68.98723780663781
2019-10-09 22:30:00,69.25150447330448
2019-10-09 23:00:00,75.94992058441558
2019-10-09 23:30:00,73.46636502886003
2019-10-10 00:00:00,63.90018725108225
2019-10-10 00:30:00,53.74685132034632
2019-10-10 01:00:00,27.968782828282826
2019-10-10 01:30:00,22.898055555555555
2019-10-10 02:00:00,14.003722222222223
2019-10-10 02:30:00,9.23238888888889
2019-10-10 03:00:00,2.8435
2019-10-10 03:30:00,2.8435
2019-10-10 04:00:00,3.2119999999999997
2019-10-10 04:30:00,3.2119999999999997
2019-10-10 05:00:00,3.2119999999999997
2019-10-10 05:30:00,3.2119999999999997
2019-10-10 06:00:00,3.2119999999999997
2019-10-10 06:30:00,0.0
2019-10-10 07:00:00,0.0
2019-10-10 07:30:00,0.0
2019-10-10 08:00:00,0.0
2019-10-10 08:30:00,0.0
2019-10-10 09:00:00,0.0
2019-10-10 09:30:00,0.0
2019-10-10 10:00:00,0.0
2019-10-10 10:30:00,0.0
2019-10-10 11:00:00,3.1533333333333338
2019-10-10 11:30:00,3.1533333333333338
2019-10-10 12:00:00,5.742933333333333
2019-10-10 12:30:00,20.65294275362319
2019-10-10 13:00:00,37.40736472893183
2019-10-10 13:30:00,76.51008325762535
2019-10-10 14:00:00,116.3158068400663
2019-10-10 14:30:00,146.88233541470805
2019-10-10 15:00:00,149.72948541470805
2019-10-10 15:30:00,135.7881520813747
2019-10-10 16:00:00,130.69748541470804
2019-10-10 16:30:00,121.46523541470805
2019-10-10 17:00:00,114.23155684327946
2019-10-10 17:30:00,95.66790867749464
2019-10-10 18:00:00,84.69569915368511
2019-10-10 18:30:00,66.56791582035179
2019-10-10 19:00:00,63.87514158958255
2019-10-10 19:30:00,62.83485068049164
2019-10-10 20:00:00,53.29503016767113
2019-10-10 20:30:00,40.974930167671126
2019-10-10 21:00:00,36.866300686596645
2019-10-10 21:30:00,39.637900686596645
2019-10-10 22:00:00,47.286719734215694
2019-10-10 22:30:00,65.0670054485014
2019-10-10 23:00:00,67.10051338500935
2019-10-10 23:30:00,49.56098531483391
2019-10-11 00:00:00,41.72336568986569
2019-10-11 00:30:00,42.35853235653236
2019-10-11 01:00:00,41.40619902319902
2019-10-11 01:30:00,24.825626984126984
2019-10-11 02:00:00,14.713674603174603
2019-10-11 02:30:00,9.212722222222222
2019-10-11 03:00:00,9.212722222222222
2019-10-11 03:30:00,0.0
2019-10-11 04:00:00,0.0
2019-10-11 04:30:00,7.122
2019-10-11 05:00:00,7.122
2019-10-11 05:30:00,0.0
2019-10-11 06:00:00,0.0
2019-10-11 06:30:00,0.0
2019-10-11 07:00:00,0.0
2019-10-11 07:30:00,0.0
2019-10-11 08:00:00,0.0
2019-10-11 08:30:00,0.0
2019-10-11 09:00:00,0.0
2019-10-11 09:30:00,0.0
2019-10-11 10:00:00,0.0
2019-10-11 10:30:00,0.0
2019-10-11 11:00:00,3.158333333333333
2019-10-11 11:30:00,3.158333333333333
2019-10-11 12:00:00,3.158333333333333
2019-10-11 12:30:00,3.158333333333333
2019-10-11 13:00:00,14.153133333333333
2019-10-11 13:30:00,14.153133333333333
2019-10-11 14:00:00,12.422799999999999
2019-10-11 14:30:00,10.9948
2019-10-11 15:00:00,22.871044444444443
2019-10-11 15:30:00,22.51246666666667
2019-10-11 16:00:00,22.51246666666667
2019-10-11 16:30:00,30.565716666666667
2019-10-11 17:00:00,29.922383333333332
2019-10-11 17:30:00,29.020497619047617
2019-10-11 18:00:00,33.679497619047616
2019-10-11 18:30:00,31.384497619047618
2019-10-11 19:00:00,42.12566428571429
2019-10-11 19:30:00,39.48455317460317
2019-10-11 20:00:00,41.51068650793651
2019-10-11 20:30:00,35.46026984126984
2019-10-11 21:00:00,29.92379365079365
2019-10-11 21:30:00,33.649726984126985
2019-10-11 22:00:00,27.398726984126984
2019-10-11 22:30:00,28.59389365079365
2019-10-11 23:00:00,22.921560317460315
2019-10-11 23:30:00,24.201560317460316
2019-10-12 00:00:00,15.55929365079365
2019-10-12 00:30:00,8.3525
2019-10-12 01:00:00,0.0
2019-10-12 01:30:00,0.0
2019-10-12 02:00:00,0.0
2019-10-12 02:30:00,0.0
2019-10-12 03:00:00,0.0
2019-10-12 03:30:00,0.0
2019-10-12 04:00:00,0.0
2019-10-12 04:30:00,0.0
2019-10-12 05:00:00,0.0
2019-10-12 05:30:00,0.0
2019-10-12 06:00:00,0.0
2019-10-12 06:30:00,0.0
2019-10-12 07:00:00,0.0
2019-10-12 07:30:00,0.0
2019-10-12 08:00:00,0.0
2019-10-12 08:30:00,0.0
2019-10-12 09:00:00,0.0
2019-10-12 09:30:00,0.0
2019-10-12 10:00:00,0.0
2019-10-12 10:30:00,0.0
2019-10-12 11:00:00,0.0
2019-10-12 11:30:00,0.0
2019-10-12 12:00:00,0.0
2019-10-12 12:30:00,2.82475
2019-10-12 13:00:00,8.855113636363637
2019-10-12 13:30:00,12.276113636363636
2019-10-12 14:00:00,12.276113636363636
2019-10-12 14:30:00,12.276113636363636
2019-10-12 15:00:00,18.705827922077923
2019-10-12 15:30:00,18.705827922077923
2019-10-12 16:00:00,24.21432792207792
2019-10-12 16:30:00,21.389577922077923
2019-10-12 17:00:00,26.70257792207792
2019-10-12 17:30:00,23.281577922077922
2019-10-12 18:00:00,17.773077922077924
2019-10-12 18:30:00,11.742714285714285
2019-10-12 19:00:00,11.318380952380952
2019-10-12 19:30:00,11.318380952380952
2019-10-12 20:00:00,11.318380952380952
2019-10-12 20:30:00,6.429714285714286
2019-10-12 21:00:00,6.429714285714286
2019-10-12 21:30:00,6.429714285714286
2019-10-12 22:00:00,0.0
2019-10-12 22:30:00,0.0
2019-10-12 23:00:00,0.0
2019-10-12 23:30:00,4.868666666666667
2019-10-13 00:00:00,4.868666666666667
2019-10-13 00:30:00,11.125666666666667
2019-10-13 01:00:00,6.257
2019-10-13 01:30:00,0.0
2019-10-13 02:00:00,0.0
2019-10-13 02:30:00,0.0
2019-10-13 03:00:00,0.0
2019-10-13 03:30:00,0.0
2019-10-13 04:00:00,0.0
2019-10-13 04:30:00,0.0
2019-10-13 05:00:00,0.0
2019-10-13 05:30:00,0.0
2019-10-13 06:00:00,0.0
2019-10-13 06:30:00,0.0
2019-10-13 07:00:00,0.0
2019-10-13 07:30:00,0.0
2019-10-13 08:00:00,0.0
2019-10-13 08:30:00,0.0
2019-10-13 09:00:00,0.0
2019-10-13 09:30:00,0.0
2019-10-13 10:00:00,0.0
2019-10-13 10:30:00,0.0
2019-10-13 11:00:00,0.0
2019-10-13 11:30:00,0.0
2019-10-13 12:00:00,0.0
2019-10-13 12:30:00,0.0
2019-10-13 13:00:00,0.0
2019-10-13 13:30:00,0.0
2019-10-13 14:00:00,0.0
2019-10-13 14:30:00,0.0
2019-10-13 15:00:00,0.0
2019-10-13 15:30:00,0.0
2019-10-13 16:00:00,0.0
2019-10-13 16:30:00,0.0
2019-10-13 17:00:00,0.0
2019-10-13 17:30:00,3.095666666666667
2019-10-13 18:00:00,6.4038666666666675
2019-10-13 18:30:00,6.4038666666666675
2019-10-13 19:00:00,6.4038666666666675
2019-10-13 19:30:00,6.4038666666666675
2019-10-13 20:00:00,6.4038666666666675
2019-10-13 20:30:00,3.3082000000000003
2019-10-13 21:00:00,8.882866666666667
2019-10-13 21:30:00,15.237366666666667
2019-10-13 22:00:00,15.237366666666667
2019-10-13 22:30:00,15.9107
2019-10-13 23:00:00,12.6025
2019-10-13 23:30:00,6.248
2019-10-14 00:00:00,0.0
2019-10-14 00:30:00,0.0
2019-10-14 01:00:00,5.969333333333334
2019-10-14 01:30:00,5.969333333333334
2019-10-14 02:00:00,5.969333333333334
2019-10-14 02:30:00,0.0
2019-10-14 03:00:00,0.0
2019-10-14 03:30:00,0.0
2019-10-14 04:00:00,0.0
2019-10-14 04:30:00,0.0
2019-10-14 05:00:00,0.0
2019-10-14 05:30:00,0.0
2019-10-14 06:00:00,0.0
2019-10-14 06:30:00,0.0
2019-10-14 07:00:00,0.0
2019-10-14 07:30:00,0.0
2019-10-14 08:00:00,0.0
2019-10-14 08:30:00,0.0
2019-10-14 09:00:00,0.0
2019-10-14 09:30:00,0.0
2019-10-14 10:00:00,0.0
2019-10-14 10:30:00,0.0
2019-10-14 11:00:00,3.192
2019-10-14 11:30:00,3.192
2019-10-14 12:00:00,15.074818181818182
2019-10-14 12:30:00,15.074818181818182
2019-10-14 13:00:00,25.775218181818182
2019-10-14 13:30:00,53.87242612909966
2019-10-14 14:00:00,90.45625050749904
2019-10-14 14:30:00,140.05051898918074
2019-10-14 15:00:00,151.45147858514036
2019-10-14 15:30:00,143.24187858514034
2019-10-14 16:00:00,143.24187858514034
2019-10-14 16:30:00,136.23021191847369
2019-10-14 17:00:00,131.02135477561654
2019-10-14 17:30:00,121.71837750288927
2019-10-14 18:00:00,116.14968861400038
2019-10-14 18:30:00,113.75977194733372
2019-10-14 19:00:00,98.23319416955593
2019-10-14 19:30:00,88.70037598773776
2019-10-14 20:00:00,80.98300835537012
2019-10-14 20:30:00,71.12313422949599
2019-10-14 21:00:00,55.34003166539343
2019-10-14 21:30:00,46.924293570155335
2019-10-14 22:00:00,37.1943489623122
2019-10-14 22:30:00,35.0862239623122
2019-10-14 23:00:00,26.627253968253967
2019-10-14 23:30:00,22.505111111111113
2019-10-15 00:00:00,13.257166666666667
2019-10-15 00:30:00,13.257166666666667
2019-10-15 01:00:00,5.614
2019-10-15 01:30:00,5.614
2019-10-15 02:00:00,0.0
2019-10-15 02:30:00,0.0
2019-10-15 03:00:00,0.0
2019-10-15 03:30:00,0.0
2019-10-15 04:00:00,3.2433333333333336
2019-10-15 04:30:00,3.2433333333333336
2019-10-15 05:00:00,3.2433333333333336
2019-10-15 05:30:00,0.0
2019-10-15 06:00:00,0.0
2019-10-15 06:30:00,0.0
2019-10-15 07:00:00,0.0
2019-10-15 07:30:00,0.0
2019-10-15 08:00:00,0.0
2019-10-15 08:30:00,0.0
2019-10-15 09:00:00,0.0
2019-10-15 09:30:00,0.0
2019-10-15 10:00:00,0.0
2019-10-15 10:30:00,0.0
2019-10-15 11:00:00,3.1596666666666664
2019-10-15 11:30:00,3.1596666666666664
2019-10-15 12:00:00,8.857
2019-10-15 12:30:00,16.45053846153846
2019-10-15 13:00:00,27.28135750915751
2019-10-15 13:30:00,82.82306160049102
2019-10-15 14:00:00,96.63601381056164
2019-10-15 14:30:00,142.76887063870083
2019-10-15 15:00:00,151.39627063870083
2019-10-15 15:30:00,146.15577063870083
2019-10-15 16:00:00,139.94543730536748
2019-10-15 16:30:00,131.18410397203417
2019-10-15 17:00:00,122.98607540060559
2019-10-15 17:30:00,107.68377063870082
2019-10-15 18:00:00,94.12560635298654
2019-10-15 18:30:00,82.7697730196532
2019-10-15 19:00:00,72.99034465912484
2019-10-15 19:30:00,69.09494617427636
2019-10-15 20:00:00,62.651933187263374
2019-10-15 20:30:00,62.651933187263374
2019-10-15 21:00:00,36.427602418032606
2019-10-15 21:30:00,32.432430989461174
2019-10-15 22:00:00,41.001489812990584
2019-10-15 22:30:00,45.18193425743503
2019-10-15 23:00:00,44.17169896331738
2019-10-15 23:30:00,56.24957878787879
2019-10-16 00:00:00,35.72591212121212
2019-10-16 00:30:00,35.27021212121212
2019-10-16 01:00:00,19.486
2019-10-16 01:30:00,18.15566666666667
2019-10-16 02:00:00,18.15566666666667
2019-10-16 02:30:00,18.15566666666667
2019-10-16 03:00:00,6.146
2019-10-16 03:30:00,0.0
2019-10-16 04:00:00,0.0
2019-10-16 04:30:00,0.0
2019-10-16 05:00:00,0.0
2019-10-16 05:30:00,0.0
2019-10-16 06:00:00,0.0
2019-10-16 06:30:00,0.0
2019-10-16 07:00:00,0.0
2019-10-16 07:30:00,0.0
2019-10-16 08:00:00,0.0
2019-10-16 08:30:00,0.0
2019-10-16 09:00:00,0.0
2019-10-16 09:30:00,0.0
2019-10-16 10:00:00,0.0
2019-10-16 10:30:00,0.0
2019-10-16 11:00:00,0.0
2019-10-16 11:30:00,0.0
2019-10-16 12:00:00,2.6024000000000003
2019-10-16 12:30:00,11.64260202020202
2019-10-16 13:00:00,15.492230591630591
2019-10-16 13:30:00,57.456003607503604
2019-10-16 14:00:00,95.22508263987474
2019-10-16 14:30:00,146.8414595072884
2019-10-16 15:00:00,144.94145950728839
2019-10-16 15:30:00,139.31195950728838
2019-10-16 16:00:00,137.27725950728836
2019-10-16 16:30:00,139.7568309358598
2019-10-16 17:00:00,136.18797696760583
2019-10-16 17:30:00,128.21783411046297
2019-10-16 18:00:00,103.72493966601854
2019-10-16 18:30:00,90.01348411046298
2019-10-16 19:00:00,88.4948190310979
2019-10-16 19:30:00,95.27803721291608
2019-10-16 20:00:00,88.99503721291609
2019-10-16 20:30:00,85.74263611401499
2019-10-16 21:00:00,69.31109801877689
2019-10-16 21:30:00,49.095383733062604
2019-10-16 22:00:00,55.0943837330626
2019-10-16 22:30:00,45.50802936798324
2019-10-16 23:00:00,40.63557511961722
2019-10-16 23:30:00,34.214911111111114
2019-10-17 00:00:00,33.65291111111111
2019-10-17 00:30:00,27.49521111111111
2019-10-17 01:00:00,15.290111111111111
2019-10-17 01:30:00,15.290111111111111
2019-10-17 02:00:00,9.197111111111111
2019-10-17 02:30:00,9.197111111111111
2019-10-17 03:00:00,0.0
2019-10-17 03:30:00,0.0
2019-10-17 04:00:00,0.0
2019-10-17 04:30:00,0.0
2019-10-17 05:00:00,0.0
2019-10-17 05:30:00,0.0
2019-10-17 06:00:00,0.0
2019-10-17 06:30:00,0.0
2019-10-17 07:00:00,0.0
2019-10-17 07:30:00,0.0
2019-10-17 08:00:00,0.0
2019-10-17 08:30:00,0.0
2019-10-17 09:00:00,0.0
2019-10-17 09:30:00,0.0
2019-10-17 10:00:00,0.0
2019-10-17 10:30:00,0.0
2019-10-17 11:00:00,3.151
2019-10-17 11:30:00,3.151
2019-10-17 12:00:00,5.6814
2019-10-17 12:30:00,12.617887012987012
2019-10-17 13:00:00,28.112187012987015
2019-10-17 13:30:00,76.77986082251083
2019-10-17 14:00:00,101.94756813245235
2019-10-17 14:30:00,131.17369035467456
2019-10-17 15:00:00,144.75499511657932
2019-10-17 15:30:00,139.034661783246
2019-10-17 16:00:00,135.965061783246
2019-10-17 16:30:00,125.92186178324599
2019-10-17 17:00:00,117.849461783246
2019-10-17 17:30:00,102.08947844991266
2019-10-17 18:00:00,84.8221723893066
2019-10-17 18:30:00,56.431845405179615
2019-10-17 19:00:00,42.19728984962406
2019-10-17 19:30:00,55.88877873851295
2019-10-17 20:00:00,67.93346921470342
2019-10-17 20:30:00,55.243297786132
2019-10-17 21:00:00,52.97790730994152
2019-10-17 21:30:00,60.15585602789024
2019-10-17 22:00:00,69.03860602789024
2019-10-17 22:30:00,70.23660602789023
2019-10-17 23:00:00,60.058225075509284
2019-10-17 23:30:00,55.598432844932844
2019-10-18 00:00:00,29.875924908424906
2019-10-18 00:30:00,24.11678205128205
2019-10-18 01:00:00,12.855615384615383
2019-10-18 01:30:00,6.280615384615384
2019-10-18 02:00:00,6.280615384615384
2019-10-18 02:30:00,6.280615384615384
2019-10-18 03:00:00,9.093115384615384
2019-10-18 03:30:00,9.093115384615384
2019-10-18 04:00:00,2.8125
2019-10-18 04:30:00,2.8125
2019-10-18 05:00:00,0.0
2019-10-18 05:30:00,0.0
2019-10-18 06:00:00,0.0
2019-10-18 06:30:00,0.0
2019-10-18 07:00:00,0.0
2019-10-18 07:30:00,0.0
2019-10-18 08:00:00,0.0
2019-10-18 08:30:00,0.0
2019-10-18 09:00:00,0.0
2019-10-18 09:30:00,0.0
2019-10-18 10:00:00,0.0
2019-10-18 10:30:00,0.0
2019-10-18 11:00:00,3.1839999999999997
2019-10-18 11:30:00,3.1839999999999997
2019-10-18 12:00:00,3.1839999999999997
2019-10-18 12:30:00,27.083909090909092
2019-10-18 13:00:00,45.152352813852815
2019-10-18 13:30:00,82.15686058386058
2019-10-18 14:00:00,110.28808338328338
2019-10-18 14:30:00,161.89070982873335
2019-10-18 15:00:00,151.87690982873335
2019-10-18 15:30:00,146.22657649540002
2019-10-18 16:00:00,122.72340982873337
2019-10-18 16:30:00,114.56398125730479
2019-10-18 17:00:00,121.24398125730478
2019-10-18 17:30:00,109.46844792397145
2019-10-18 18:00:00,108.26314994417348
2019-10-18 18:30:00,87.06496812599165
2019-10-18 19:00:00,66.50890650983004
2019-10-18 19:30:00,74.39945196437549
2019-10-18 20:00:00,75.24560581052934
2019-10-18 20:30:00,75.17427247719601
2019-10-18 21:00:00,70.23436405228759
2019-10-18 21:30:00,60.99246405228758
2019-10-18 22:00:00,70.24813071895424
2019-10-18 22:30:00,53.89213071895425
2019-10-18 23:00:00,21.256999999999998
2019-10-18 23:30:00,38.287
2019-10-19 00:00:00,43.92509090909091
2019-10-19 00:30:00,30.985090909090907
2019-10-19 01:00:00,21.188924242424243
2019-10-19 01:30:00,14.783590909090908
2019-10-19 02:00:00,11.426590909090908
2019-10-19 02:30:00,11.426590909090908
2019-10-19 03:00:00,5.695090909090909
2019-10-19 03:30:00,5.695090909090909
2019-10-19 04:00:00,5.695090909090909
2019-10-19 04:30:00,5.695090909090909
2019-10-19 05:00:00,8.775590909090909
2019-10-19 05:30:00,3.0805
2019-10-19 06:00:00,3.0805
2019-10-19 06:30:00,5.901999999999999
2019-10-19 07:00:00,2.8215
2019-10-19 07:30:00,2.8215
2019-10-19 08:00:00,2.8215
2019-10-19 08:30:00,0.0
2019-10-19 09:00:00,0.0
2019-10-19 09:30:00,0.0
2019-10-19 10:00:00,0.0
2019-10-19 10:30:00,0.0
2019-10-19 11:00:00,0.0
2019-10-19 11:30:00,0.0
2019-10-19 12:00:00,0.0
2019-10-19 12:30:00,3.2257142857142855
2019-10-19 13:00:00,3.2257142857142855
2019-10-19 13:30:00,3.2257142857142855
2019-10-19 14:00:00,3.2257142857142855
2019-10-19 14:30:00,3.2257142857142855
2019-10-19 15:00:00,3.2257142857142855
2019-10-19 15:30:00,3.2257142857142855
2019-10-19 16:00:00,7.575666666666667
2019-10-19 16:30:00,1.8976666666666666
2019-10-19 17:00:00,1.8976666666666666
2019-10-19 17:30:00,1.8976666666666666
2019-10-19 18:00:00,1.8976666666666666
2019-10-19 18:30:00,11.124366666666667
2019-10-19 19:00:00,11.124366666666667
2019-10-19 19:30:00,14.187866666666668
2019-10-19 20:00:00,14.187866666666668
2019-10-19 20:30:00,11.347366666666668
2019-10-19 21:00:00,11.347366666666668
2019-10-19 21:30:00,11.347366666666668
2019-10-19 22:00:00,9.4497
2019-10-19 22:30:00,9.4497
2019-10-19 23:00:00,9.4497
2019-10-19 23:30:00,0.0
2019-10-20 00:00:00,0.0
2019-10-20 00:30:00,0.0
2019-10-20 01:00:00,0.0
2019-10-20 01:30:00,0.0
2019-10-20 02:00:00,0.0
2019-10-20 02:30:00,0.0
2019-10-20 03:00:00,0.0
2019-10-20 03:30:00,0.0
2019-10-20 04:00:00,0.0
2019-10-20 04:30:00,0.0
2019-10-20 05:00:00,0.0
2019-10-20 05:30:00,0.0
2019-10-20 06:00:00,0.0
2019-10-20 06:30:00,0.0
2019-10-20 07:00:00,0.0
2019-10-20 07:30:00,0.0
2019-10-20 08:00:00,0.0
2019-10-20 08:30:00,0.0
2019-10-20 09:00:00,0.0
2019-10-20 09:30:00,0.0
2019-10-20 10:00:00,0.0
2019-10-20 10:30:00,0.0
2019-10-20 11:00:00,0.0
2019-10-20 11:30:00,0.0
2019-10-20 12:00:00,0.0
2019-10-20 12:30:00,0.0
2019-10-20 13:00:00,0.0
2019-10-20 13:30:00,7.191333333333334
2019-10-20 14:00:00,7.191333333333334
2019-10-20 14:30:00,7.191333333333334
2019-10-20 15:00:00,0.0
2019-10-20 15:30:00,0.0
2019-10-20 16:00:00,0.0
2019-10-20 16:30:00,0.0
2019-10-20 17:00:00,0.0
2019-10-20 17:30:00,0.0
2019-10-20 18:00:00,3.0
2019-10-20 18:30:00,3.0
2019-10-20 19:00:00,3.0
2019-10-20 19:30:00,9.456399999999999
2019-10-20 20:00:00,9.456399999999999
2019-10-20 20:30:00,6.4563999999999995
2019-10-20 21:00:00,6.4563999999999995
2019-10-20 21:30:00,12.057288888888888
2019-10-20 22:00:00,5.600888888888889
2019-10-20 22:30:00,5.600888888888889
2019-10-20 23:00:00,5.600888888888889
2019-10-20 23:30:00,5.600888888888889
2019-10-21 00:00:00,5.600888888888889
2019-10-21 00:30:00,5.600888888888889
2019-10-21 01:00:00,5.600888888888889
2019-10-21 01:30:00,7.917603174603174
2019-10-21 02:00:00,2.3167142857142857
2019-10-21 02:30:00,2.3167142857142857
2019-10-21 03:00:00,2.3167142857142857
2019-10-21 03:30:00,2.3167142857142857
2019-10-21 04:00:00,2.3167142857142857
2019-10-21 04:30:00,2.3167142857142857
2019-10-21 05:00:00,2.3167142857142857
2019-10-21 05:30:00,2.3167142857142857
2019-10-21 06:00:00,2.3167142857142857
2019-10-21 06:30:00,2.3167142857142857
2019-10-21 07:00:00,2.3167142857142857
2019-10-21 07:30:00,2.3167142857142857
2019-10-21 08:00:00,2.3167142857142857
2019-10-21 08:30:00,0.0
2019-10-21 09:00:00,0.0
2019-10-21 09:30:00,0.0
2019-10-21 10:00:00,0.0
2019-10-21 10:30:00,0.0
2019-10-21 11:00:00,3.1460000000000004
2019-10-21 11:30:00,3.1460000000000004
2019-10-21 12:00:00,11.513443478260871
2019-10-21 12:30:00,20.818549538866932
2019-10-21 13:00:00,30.521932872200267
2019-10-21 13:30:00,82.15220509442248
2019-10-21 14:00:00,122.91347387912936
2019-10-21 14:30:00,153.56473047896228
2019-10-21 15:00:00,153.56473047896228
2019-10-21 15:30:00,144.20759714562894
2019-10-21 16:00:00,137.96809714562895
2019-10-21 16:30:00,129.59889714562894
2019-10-21 17:00:00,127.6085638122956
2019-10-21 17:30:00,120.53175428848608
2019-10-21 18:00:00,106.67022759295938
2019-10-21 18:30:00,97.7999887040705
2019-10-21 19:00:00,86.21723473581653
2019-10-21 19:30:00,83.47783473581653
2019-10-21 20:00:00,87.03103473581652
2019-10-21 20:30:00,92.79417759295939
2019-10-21 21:00:00,95.60754902153082
2019-10-21 21:30:00,89.03566568819748
2019-10-21 22:00:00,91.08586568819747
2019-10-21 22:30:00,73.09402096364099
2019-10-21 23:00:00,85.1531320747521
2019-10-21 23:30:00,64.61486929824561
2019-10-22 00:00:00,49.32942380952381
2019-10-22 00:30:00,35.2485
2019-10-22 01:00:00,18.83875
2019-10-22 01:30:00,18.83875
2019-10-22 02:00:00,5.95575
2019-10-22 02:30:00,10.911750000000001
2019-10-22 03:00:00,10.911750000000001
2019-10-22 03:30:00,10.911750000000001
2019-10-22 04:00:00,12.401333333333334
2019-10-22 04:30:00,7.445333333333334
2019-10-22 05:00:00,2.9233333333333333
2019-10-22 05:30:00,0.0
2019-10-22 06:00:00,0.0
2019-10-22 06:30:00,0.0
2019-10-22 07:00:00,0.0
2019-10-22 07:30:00,1.648
2019-10-22 08:00:00,0.0
2019-10-22 08:30:00,2.99
2019-10-22 09:00:00,0.0
2019-10-22 09:30:00,0.0
2019-10-22 10:00:00,0.0
2019-10-22 10:30:00,0.0
2019-10-22 11:00:00,3.1566666666666667
2019-10-22 11:30:00,3.1566666666666667
2019-10-22 12:00:00,5.755866666666667
2019-10-22 12:30:00,17.2913314439946
2019-10-22 13:00:00,30.0787496634563
2019-10-22 13:30:00,68.61818855234519
2019-10-22 14:00:00,120.71129567465185
2019-10-22 14:30:00,146.2121529072885
2019-10-22 15:00:00,148.7537529072885
2019-10-22 15:30:00,146.79308624062182
2019-10-22 16:00:00,127.77341957395517
2019-10-22 16:30:00,121.57387671681231
2019-10-22 17:00:00,118.2724767168123
2019-10-22 17:30:00,114.26226005014563
2019-10-22 18:00:00,88.02283544697103
2019-10-22 18:30:00,74.50811322474881
2019-10-22 19:00:00,76.21411920765479
2019-10-22 19:30:00,63.88050102583661
2019-10-22 20:00:00,60.35250102583661
2019-10-22 20:30:00,61.46163435916994
2019-10-22 21:00:00,63.849976239511825
2019-10-22 21:30:00,69.95797623951182
2019-10-22 22:00:00,76.35054992372235
2019-10-22 22:30:00,62.303919888071725
2019-10-22 23:00:00,48.62967871160114
2019-10-22 23:30:00,67.53097478511826
2019-10-23 00:00:00,53.33434145178493
2019-10-23 00:30:00,39.510132756132755
2019-10-23 01:00:00,34.54546608946609
2019-10-23 01:30:00,24.56835497835498
2019-10-23 02:00:00,30.796799422799424
2019-10-23 02:30:00,21.50346608946609
2019-10-23 03:00:00,21.50346608946609
2019-10-23 03:30:00,21.50346608946609
2019-10-23 04:00:00,15.154920634920634
2019-10-23 04:30:00,12.342920634920635
2019-10-23 05:00:00,12.342920634920635
2019-10-23 05:30:00,12.342920634920635
2019-10-23 06:00:00,12.342920634920635
2019-10-23 06:30:00,6.11447619047619
2019-10-23 07:00:00,6.11447619047619
2019-10-23 07:30:00,6.11447619047619
2019-10-23 08:00:00,6.11447619047619
2019-10-23 08:30:00,6.11447619047619
2019-10-23 09:00:00,6.11447619047619
2019-10-23 09:30:00,6.11447619047619
2019-10-23 10:00:00,0.0
2019-10-23 10:30:00,0.0
2019-10-23 11:00:00,3.095333333333333
2019-10-23 11:30:00,3.095333333333333
2019-10-23 12:00:00,9.133955555555556
2019-10-23 12:30:00,15.148411695906432
2019-10-23 13:00:00,31.208693182840552
2019-10-23 13:30:00,79.22047472359083
2019-10-23 14:00:00,102.8569977166796
2019-10-23 14:30:00,144.8505790366668
2019-10-23 15:00:00,143.83972189380967
2019-10-23 15:30:00,137.125555227143
2019-10-23 16:00:00,140.27288856047633
2019-10-23 16:30:00,140.27288856047633
2019-10-23 17:00:00,133.96636907995685
2019-10-23 17:30:00,122.55665479424256
2019-10-23 18:00:00,110.38503574662352
2019-10-23 18:30:00,93.25120140318917
2019-10-23 19:00:00,85.8374741304619
2019-10-23 19:30:00,68.11121305820083
2019-10-23 20:00:00,75.37953340452117
2019-10-23 20:30:00,87.91013340452118
2019-10-23 21:00:00,76.6575650284528
2019-10-23 21:30:00,65.01985074273851
2019-10-23 22:00:00,71.67220762759771
2019-10-23 22:30:00,63.695693273530736
2019-10-23 23:00:00,70.74155123706703
2019-10-23 23:30:00,63.54518315018315
2019-10-24 00:00:00,40.51718315018315
2019-10-24 00:30:00,28.08803076923077
2019-10-24 01:00:00,41.998030769230766
2019-10-24 01:30:00,16.99023076923077
2019-10-24 02:00:00,13.779564102564102
2019-10-24 02:30:00,7.203564102564102
2019-10-24 03:00:00,7.203564102564102
2019-10-24 03:30:00,6.287333333333333
2019-10-24 04:00:00,0.0
2019-10-24 04:30:00,0.0
2019-10-24 05:00:00,2.8015
2019-10-24 05:30:00,2.8015
2019-10-24 06:00:00,2.8015
2019-10-24 06:30:00,2.8015
2019-10-24 07:00:00,0.0
2019-10-24 07:30:00,0.0
2019-10-24 08:00:00,0.0
2019-10-24 08:30:00,0.0
2019-10-24 09:00:00,0.0
2019-10-24 09:30:00,0.0
2019-10-24 10:00:00,0.0
2019-10-24 10:30:00,0.0
2019-10-24 11:00:00,3.7567999999999997
2019-10-24 11:30:00,3.7567999999999997
2019-10-24 12:00:00,10.795538461538461
2019-10-24 12:30:00,13.653538461538462
2019-10-24 13:00:00,29.012015384615385
2019-10-24 13:30:00,64.64493821733822
2019-10-24 14:00:00,91.90964893352262
2019-10-24 14:30:00,153.234309162999
2019-10-24 15:00:00,149.93430916299903
2019-10-24 15:30:00,142.71390916299902
2019-10-24 16:00:00,129.3684758296657
2019-10-24 16:30:00,126.7232758296657
2019-10-24 17:00:00,110.00270440109426
2019-10-24 17:30:00,103.58137106776093
2019-10-24 18:00:00,99.7367794371693
2019-10-24 18:30:00,86.03274653118639
2019-10-24 19:00:00,83.14594653118638
2019-10-24 19:30:00,75.89054435558421
2019-10-24 20:00:00,70.17131358635345
2019-10-24 20:30:00,53.53550406254392
2019-10-24 21:00:00,64.73291047280033
2019-10-24 21:30:00,68.83024380613367
2019-10-24 22:00:00,60.39214380613367
2019-10-24 22:30:00,61.280768806133665
2019-10-24 23:00:00,65.43277338129707
2019-10-24 23:30:00,74.26166843711844
2019-10-25 00:00:00,57.14755732600733
2019-10-25 00:30:00,31.81501923076923
2019-10-25 01:00:00,24.63476923076923
2019-10-25 01:30:00,20.068369230769232
2019-10-25 02:00:00,10.57056923076923
2019-10-25 02:30:00,17.01514065934066
2019-10-25 03:00:00,17.01514065934066
2019-10-25 03:30:00,11.900371428571429
2019-10-25 04:00:00,11.900371428571429
2019-10-25 04:30:00,6.444571428571429
2019-10-25 05:00:00,6.444571428571429
2019-10-25 05:30:00,6.444571428571429
2019-10-25 06:00:00,0.0
2019-10-25 06:30:00,0.0
2019-10-25 07:00:00,0.0
2019-10-25 07:30:00,0.0
2019-10-25 08:00:00,0.0
2019-10-25 08:30:00,0.0
2019-10-25 09:00:00,0.0
2019-10-25 09:30:00,0.0
2019-10-25 10:00:00,0.0
2019-10-25 10:30:00,0.0
2019-10-25 11:00:00,0.0
2019-10-25 11:30:00,0.0
2019-10-25 12:00:00,0.0
2019-10-25 12:30:00,0.0
2019-10-25 13:00:00,2.3388
2019-10-25 13:30:00,7.6916
2019-10-25 14:00:00,12.4408
2019-10-25 14:30:00,22.430571929824563
2019-10-25 15:00:00,39.5444290726817
2019-10-25 15:30:00,45.60734573934837
2019-10-25 16:00:00,44.4923790726817
2019-10-25 16:30:00,49.43467113617377
2019-10-25 17:00:00,43.059504469507104
2019-10-25 17:30:00,43.59458780284044
2019-10-25 18:00:00,44.34848780284043
2019-10-25 18:30:00,41.53563065998329
2019-10-25 19:00:00,36.13860685045948
2019-10-25 19:30:00,34.60235685045948
2019-10-25 20:00:00,36.2874425647452
2019-10-25 20:30:00,36.2874425647452
2019-10-25 21:00:00,43.67308145363408
2019-10-25 21:30:00,44.578331453634085
2019-10-25 22:00:00,40.15866478696742
2019-10-25 22:30:00,34.30752192982456
2019-10-25 23:00:00,33.73732192982456
2019-10-25 23:30:00,33.73732192982456
2019-10-26 00:00:00,21.98555
2019-10-26 00:30:00,21.98555
2019-10-26 01:00:00,16.9628
2019-10-26 01:30:00,16.9628
2019-10-26 02:00:00,11.8228
2019-10-26 02:30:00,5.9108
2019-10-26 03:00:00,5.9108
2019-10-26 03:30:00,0.0
2019-10-26 04:00:00,0.0
2019-10-26 04:30:00,0.0
2019-10-26 05:00:00,0.0
2019-10-26 05:30:00,0.0
2019-10-26 06:00:00,0.0
2019-10-26 06:30:00,0.0
2019-10-26 07:00:00,0.0
2019-10-26 07:30:00,0.0
2019-10-26 08:00:00,0.0
2019-10-26 08:30:00,0.0
2019-10-26 09:00:00,0.0
2019-10-26 09:30:00,0.0
2019-10-26 10:00:00,0.0
2019-10-26 10:30:00,0.0
2019-10-26 11:00:00,0.0
2019-10-26 11:30:00,0.0
2019-10-26 12:00:00,0.0
2019-10-26 12:30:00,2.8565
2019-10-26 13:00:00,2.8565
2019-10-26 13:30:00,2.8565
2019-10-26 14:00:00,2.8565
2019-10-26 14:30:00,2.8565
2019-10-26 15:00:00,2.8565
2019-10-26 15:30:00,2.8565
2019-10-26 16:00:00,2.8565
2019-10-26 16:30:00,0.0
2019-10-26 17:00:00,0.0
2019-10-26 17:30:00,0.0
2019-10-26 18:00:00,0.0
2019-10-26 18:30:00,10.745030303030303
2019-10-26 19:00:00,10.745030303030303
2019-10-26 19:30:00,10.745030303030303
2019-10-26 20:00:00,11.364763636363637
2019-10-26 20:30:00,11.364763636363637
2019-10-26 21:00:00,17.752763636363635
2019-10-26 21:30:00,17.752763636363635
2019-10-26 22:00:00,17.752763636363635
2019-10-26 22:30:00,12.174363636363637
2019-10-26 23:00:00,12.174363636363637
2019-10-26 23:30:00,12.174363636363637
2019-10-27 00:00:00,6.388
2019-10-27 00:30:00,0.0
2019-10-27 01:00:00,0.0
2019-10-27 01:30:00,0.0
2019-10-27 02:00:00,0.0
2019-10-27 02:30:00,0.0
2019-10-27 03:00:00,0.0
2019-10-27 03:30:00,0.0
2019-10-27 04:00:00,4.2175
2019-10-27 04:30:00,4.2175
2019-10-27 05:00:00,4.2175
2019-10-27 05:30:00,4.2175
2019-10-27 06:00:00,0.0
2019-10-27 06:30:00,0.0
2019-10-27 07:00:00,0.0
2019-10-27 07:30:00,0.0
2019-10-27 08:00:00,0.0
2019-10-27 08:30:00,0.0
2019-10-27 09:00:00,0.0
2019-10-27 09:30:00,0.0
2019-10-27 10:00:00,0.0
2019-10-27 10:30:00,0.0
2019-10-27 11:00:00,0.0
2019-10-27 11:30:00,0.0
2019-10-27 12:00:00,0.0
2019-10-27 12:30:00,0.0
2019-10-27 13:00:00,0.0
2019-10-27 13:30:00,0.0
2019-10-27 14:00:00,0.0
2019-10-27 14:30:00,6.3105
2019-10-27 15:00:00,11.8085
2019-10-27 15:30:00,11.8085
2019-10-27 16:00:00,11.8085
2019-10-27 16:30:00,5.498
2019-10-27 17:00:00,2.494285714285714
2019-10-27 17:30:00,2.494285714285714
2019-10-27 18:00:00,19.012494805194805
2019-10-27 18:30:00,19.012494805194805
2019-10-27 19:00:00,19.012494805194805
2019-10-27 19:30:00,21.522494805194807
2019-10-27 20:00:00,16.265994805194804
2019-10-27 20:30:00,13.771709090909091
2019-10-27 21:00:00,19.65395909090909
2019-10-27 21:30:00,24.85395909090909
2019-10-27 22:00:00,24.85395909090909
2019-10-27 22:30:00,22.34395909090909
2019-10-27 23:00:00,15.778359090909092
2019-10-27 23:30:00,10.12345
2019-10-28 00:00:00,10.12345
2019-10-28 00:30:00,10.12345
2019-10-28 01:00:00,4.2412
2019-10-28 01:30:00,0.0
2019-10-28 02:00:00,0.0
2019-10-28 02:30:00,0.0
2019-10-28 03:00:00,6.272399999999999
2019-10-28 03:30:00,6.272399999999999
2019-10-28 04:00:00,6.272399999999999
2019-10-28 04:30:00,6.272399999999999
2019-10-28 05:00:00,6.272399999999999
2019-10-28 05:30:00,0.0
2019-10-28 06:00:00,0.0
2019-10-28 06:30:00,0.0
2019-10-28 07:00:00,0.0
2019-10-28 07:30:00,0.0
2019-10-28 08:00:00,0.0
2019-10-28 08:30:00,0.0
2019-10-28 09:00:00,0.0
2019-10-28 09:30:00,0.0
2019-10-28 10:00:00,0.0
2019-10-28 10:30:00,0.0
2019-10-28 11:00:00,3.1536666666666666
2019-10-28 11:30:00,3.1536666666666666
2019-10-28 12:00:00,15.346626666666666
2019-10-28 12:30:00,23.998126666666668
2019-10-28 13:00:00,38.34203142857143
2019-10-28 13:30:00,82.59397851285969
2019-10-28 14:00:00,121.78695671492079
2019-10-28 14:30:00,158.463426086777
2019-10-28 15:00:00,158.463426086777
2019-10-28 15:30:00,148.312726086777
2019-10-28 16:00:00,137.95239275344366
2019-10-28 16:30:00,130.88232132487224
2019-10-28 17:00:00,124.73649275344367
2019-10-28 17:30:00,115.19032608677699
2019-10-28 18:00:00,111.547026086777
2019-10-28 18:30:00,111.88353517768608
2019-10-28 19:00:00,115.47964917480009
2019-10-28 19:30:00,109.1237198818708
2019-10-28 20:00:00,103.08085624550716
2019-10-28 20:30:00,90.77730130045221
2019-10-28 21:00:00,78.99855258250349
2019-10-28 21:30:00,83.52108591583684
2019-10-28 22:00:00,66.28362054150527
2019-10-28 22:30:00,67.01458482721956
2019-10-28 23:00:00,88.96385149388622
2019-10-28 23:30:00,89.81824681552365
2019-10-29 00:00:00,61.44057515151515
2019-10-29 00:30:00,45.21699393939394
2019-10-29 01:00:00,32.894660606060604
2019-10-29 01:30:00,21.501060606060605
2019-10-29 02:00:00,11.287060606060605
2019-10-29 02:30:00,5.654727272727272
2019-10-29 03:00:00,5.654727272727272
2019-10-29 03:30:00,6.664
2019-10-29 04:00:00,9.639333333333333
2019-10-29 04:30:00,9.639333333333333
2019-10-29 05:00:00,9.639333333333333
2019-10-29 05:30:00,6.664
2019-10-29 06:00:00,0.0
2019-10-29 06:30:00,0.0
2019-10-29 07:00:00,0.0
2019-10-29 07:30:00,0.0
2019-10-29 08:00:00,0.0
2019-10-29 08:30:00,0.0
2019-10-29 09:00:00,0.0
2019-10-29 09:30:00,0.0
2019-10-29 10:00:00,0.0
2019-10-29 10:30:00,0.0
2019-10-29 11:00:00,3.157
2019-10-29 11:30:00,3.157
2019-10-29 12:00:00,5.7078
2019-10-29 12:30:00,16.685906060606058
2019-10-29 13:00:00,40.160799278499276
2019-10-29 13:30:00,70.46847811688312
2019-10-29 14:00:00,93.24526837329337
2019-10-29 14:30:00,132.60040304972804
2019-10-29 15:00:00,149.38046715229217
2019-10-29 15:30:00,142.15263381895883
2019-10-29 16:00:00,137.27343381895884
2019-10-29 16:30:00,126.81898302530803
2019-10-29 17:00:00,117.78428302530803
2019-10-29 17:30:00,99.32522746975246
2019-10-29 18:00:00,72.84043381895881
2019-10-29 18:30:00,66.21963583916084
2019-10-29 19:00:00,46.85600755633256
2019-10-29 19:30:00,39.465874222999226
2019-10-29 20:00:00,44.61831866744367
2019-10-29 20:30:00,60.11811317293817
2019-10-29 21:00:00,55.18386103618604
2019-10-29 21:30:00,53.25139217171717
2019-10-29 22:00:00,65.53321717171717
2019-10-29 22:30:00,79.48891717171718
2019-10-29 23:00:00,70.53484574314575
2019-10-29 23:30:00,69.14890634920636
2019-10-30 00:00:00,60.236334920634924
2019-10-30 00:30:00,37.465690476190474
2019-10-30 01:00:00,23.199061904761905
2019-10-30 01:30:00,18.351261904761905
2019-10-30 02:00:00,11.988761904761905
2019-10-30 02:30:00,0.0
2019-10-30 03:00:00,0.0
2019-10-30 03:30:00,0.0
2019-10-30 04:00:00,2.8275
2019-10-30 04:30:00,2.8275
2019-10-30 05:00:00,2.8275
2019-10-30 05:30:00,2.8275
2019-10-30 06:00:00,0.0
2019-10-30 06:30:00,0.0
2019-10-30 07:00:00,0.0
2019-10-30 07:30:00,0.0
2019-10-30 08:00:00,0.0
2019-10-30 08:30:00,0.0
2019-10-30 09:00:00,0.0
2019-10-30 09:30:00,0.0
2019-10-30 10:00:00,0.0
2019-10-30 10:30:00,3.7256
2019-10-30 11:00:00,3.7256
2019-10-30 11:30:00,3.7256
2019-10-30 12:00:00,6.1756
2019-10-30 12:30:00,21.840095604395604
2019-10-30 13:00:00,41.39270883283383
2019-10-30 13:30:00,75.97120718448218
2019-10-30 14:00:00,112.34176989301548
2019-10-30 14:30:00,154.93534528984088
2019-10-30 15:00:00,146.44204528984088
2019-10-30 15:30:00,139.65264528984088
2019-10-30 16:00:00,136.09111195650755
2019-10-30 16:30:00,130.6607452898409
2019-10-30 17:00:00,126.94817386126945
2019-10-30 17:30:00,126.94817386126945
2019-10-30 18:00:00,116.47960243269802
2019-10-30 18:30:00,108.16141253370812
2019-10-30 19:00:00,106.80498316307875
2019-10-30 19:30:00,97.22256657966217
2019-10-30 20:00:00,90.76765632325191
2019-10-30 20:30:00,86.84706657966217
2019-10-30 21:00:00,76.47499157966217
2019-10-30 21:30:00,79.68466538918598
2019-10-30 22:00:00,84.60533205585264
2019-10-30 22:30:00,78.9608898989899
2019-10-30 23:00:00,89.94712005772006
2019-10-30 23:30:00,73.58367561327562
2019-10-31 00:00:00,54.61683924963925
2019-10-31 00:30:00,41.80223015873016
2019-10-31 01:00:00,31.41073015873016
2019-10-31 01:30:00,31.41073015873016
2019-10-31 02:00:00,26.455396825396825
2019-10-31 02:30:00,11.451244444444445
2019-10-31 03:00:00,5.838444444444445
2019-10-31 03:30:00,0.0
2019-10-31 04:00:00,0.0
2019-10-31 04:30:00,5.0015
2019-10-31 05:00:00,2.8235
2019-10-31 05:30:00,2.8235
2019-10-31 06:00:00,2.8235
2019-10-31 06:30:00,0.0
2019-10-31 07:00:00,0.0
2019-10-31 07:30:00,0.0
2019-10-31 08:00:00,0.0
2019-10-31 08:30:00,0.0
2019-10-31 09:00:00,0.0
2019-10-31 09:30:00,0.0
2019-10-31 10:00:00,0.0
2019-10-31 10:30:00,0.0
2019-10-31 11:00:00,3.135666666666667
2019-10-31 11:30:00,3.135666666666667
2019-10-31 12:00:00,6.363166666666666
2019-10-31 12:30:00,14.404166666666667
2019-10-31 13:00:00,23.14243725490196
2019-10-31 13:30:00,76.5306934479034
2019-10-31 14:00:00,122.79837794752143
2019-10-31 14:30:00,155.04154506096356
2019-10-31 15:00:00,155.04154506096356
2019-10-31 15:30:00,152.71874506096356
2019-10-31 16:00:00,142.98579506096354
2019-10-31 16:30:00,135.75959506096353
2019-10-31 17:00:00,133.33245220382068
2019-10-31 17:30:00,123.64834506096355
2019-10-31 18:00:00,114.66459506096355
2019-10-31 18:30:00,107.13769253571103
2019-10-31 19:00:00,104.018889505408
2019-10-31 19:30:00,90.82279556601405
2019-10-31 20:00:00,85.98164405086254
2019-10-31 20:30:00,96.36634405086254
2019-10-31 21:00:00,67.87690742082592
2019-10-31 21:30:00,81.64603683259061
2019-10-31 22:00:00,87.55397016592394
2019-10-31 22:30:00,76.28024222474748
2019-10-31 23:00:00,88.61970889141415
2019-10-31 23:30:00,64.93305303030303
2019-11-01 00:00:00,44.03766666666667
2019-11-01 00:30:00,31.515
2019-11-01 01:00:00,19.228833333333334
2019-11-01 01:30:00,7.149333333333333
2019-11-01 02:00:00,3.2796
2019-11-01 02:30:00,0.0
2019-11-01 03:00:00,0.0
2019-11-01 03:30:00,0.0
2019-11-01 04:00:00,0.0
2019-11-01 04:30:00,0.0
2019-11-01 05:00:00,2.7945
2019-11-01 05:30:00,2.7945
2019-11-01 06:00:00,2.7945
2019-11-01 06:30:00,2.7945
2019-11-01 07:00:00,0.0
2019-11-01 07:30:00,0.0
2019-11-01 08:00:00,0.0
2019-11-01 08:30:00,0.0
2019-11-01 09:00:00,0.0
2019-11-01 09:30:00,0.0
2019-11-01 10:00:00,0.0
2019-11-01 10:30:00,0.0
2019-11-01 11:00:00,3.1229999999999998
2019-11-01 11:30:00,3.1229999999999998
2019-11-01 12:00:00,5.663399999999999
2019-11-01 12:30:00,8.110476923076924
2019-11-01 13:00:00,24.7880522008547
2019-11-01 13:30:00,55.24544426434676
2019-11-01 14:00:00,102.61827956025999
2019-11-01 14:30:00,139.49700512631975
2019-11-01 15:00:00,158.16055640837104
2019-11-01 15:30:00,157.32495640837104
2019-11-01 16:00:00,153.90408974170438
2019-11-01 16:30:00,133.7633230750377
2019-11-01 17:00:00,120.13622783694247
2019-11-01 17:30:00,112.38518021789484
2019-11-01 18:00:00,103.07693021789484
2019-11-01 18:30:00,91.67880035678374
2019-11-01 19:00:00,89.3677529178338
2019-11-01 19:30:00,93.19918625116713
2019-11-01 20:00:00,107.20668625116713
2019-11-01 20:30:00,106.60917086655175
2019-11-01 21:00:00,93.26612324750413
2019-11-01 21:30:00,75.14138148926237
2019-11-01 22:00:00,60.012018394024274
2019-11-01 22:30:00,53.89554173669468
2019-11-01 23:00:00,75.98355317460317
2019-11-01 23:30:00,59.94018650793651
2019-11-02 00:00:00,54.14856746031746
2019-11-02 00:30:00,31.604400793650797
2019-11-02 01:00:00,30.717400793650796
2019-11-02 01:30:00,21.395138888888887
2019-11-02 02:00:00,15.74913888888889
2019-11-02 02:30:00,15.74913888888889
2019-11-02 03:00:00,9.11738888888889
2019-11-02 03:30:00,3.0145
2019-11-02 04:00:00,3.0145
2019-11-02 04:30:00,5.7865
2019-11-02 05:00:00,5.7865
2019-11-02 05:30:00,2.772
2019-11-02 06:00:00,2.772
2019-11-02 06:30:00,6.685777777777777
2019-11-02 07:00:00,6.685777777777777
2019-11-02 07:30:00,6.685777777777777
2019-11-02 08:00:00,6.685777777777777
2019-11-02 08:30:00,6.685777777777777
2019-11-02 09:00:00,6.685777777777777
2019-11-02 09:30:00,6.685777777777777
2019-11-02 10:00:00,6.685777777777777
2019-11-02 10:30:00,6.685777777777777
2019-11-02 11:00:00,0.0
2019-11-02 11:30:00,0.0
2019-11-02 12:00:00,3.1275
2019-11-02 12:30:00,3.1275
2019-11-02 13:00:00,6.315785714285715
2019-11-02 13:30:00,12.016876623376623
2019-11-02 14:00:00,15.062876623376624
2019-11-02 14:30:00,15.062876623376624
2019-11-02 15:00:00,15.062876623376624
2019-11-02 15:30:00,15.062876623376624
2019-11-02 16:00:00,15.062876623376624
2019-11-02 16:30:00,11.874590909090909
2019-11-02 17:00:00,11.874590909090909
2019-11-02 17:30:00,18.29570202020202
2019-11-02 18:00:00,12.122202020202021
2019-11-02 18:30:00,18.122237734487733
2019-11-02 19:00:00,12.421146825396825
2019-11-02 19:30:00,12.421146825396825
2019-11-02 20:00:00,12.421146825396825
2019-11-02 20:30:00,12.421146825396825
2019-11-02 21:00:00,12.421146825396825
2019-11-02 21:30:00,12.421146825396825
2019-11-02 22:00:00,4.49375
2019-11-02 22:30:00,0.0
2019-11-02 23:00:00,0.0
2019-11-02 23:30:00,0.0
2019-11-03 00:00:00,2.89
2019-11-03 00:30:00,2.89
2019-11-03 01:00:00,2.89
2019-11-03 01:30:00,2.89
2019-11-03 02:00:00,0.0
2019-11-03 02:30:00,0.0
2019-11-03 03:00:00,0.0
2019-11-03 03:30:00,0.0
2019-11-03 04:00:00,0.0
2019-11-03 04:30:00,0.0
2019-11-03 05:00:00,0.0
2019-11-03 05:30:00,0.0
2019-11-03 06:00:00,0.0
2019-11-03 06:30:00,0.0
2019-11-03 07:00:00,0.0
2019-11-03 07:30:00,0.0
2019-11-03 08:00:00,0.0
2019-11-03 08:30:00,0.0
2019-11-03 09:00:00,0.0
2019-11-03 09:30:00,0.0
2019-11-03 10:00:00,0.0
2019-11-03 10:30:00,0.0
2019-11-03 11:00:00,0.0
2019-11-03 11:30:00,0.0
2019-11-03 12:00:00,0.0
2019-11-03 12:30:00,0.0
2019-11-03 13:00:00,0.0
2019-11-03 13:30:00,0.0
2019-11-03 14:00:00,6.5525
2019-11-03 14:30:00,6.5525
2019-11-03 15:00:00,6.5525
2019-11-03 15:30:00,6.5525
2019-11-03 16:00:00,6.5525
2019-11-03 16:30:00,6.5525
2019-11-03 17:00:00,12.351166666666668
2019-11-03 17:30:00,12.351166666666668
2019-11-03 18:00:00,5.798666666666667
2019-11-03 18:30:00,0.0
2019-11-03 19:00:00,6.3582
2019-11-03 19:30:00,6.3582
2019-11-03 20:00:00,12.1426
2019-11-03 20:30:00,12.1426
2019-11-03 21:00:00,12.1426
2019-11-03 21:30:00,12.1426
2019-11-03 22:00:00,18.4136
2019-11-03 22:30:00,12.6292
2019-11-03 23:00:00,15.9728
2019-11-03 23:30:00,15.9728
2019-11-04 00:00:00,3.3436
2019-11-04 00:30:00,3.3436
2019-11-04 01:00:00,3.3436
2019-11-04 01:30:00,0.0
2019-11-04 02:00:00,0.0
2019-11-04 02:30:00,0.0
2019-11-04 03:00:00,0.0
2019-11-04 03:30:00,0.0
2019-11-04 04:00:00,0.0
2019-11-04 04:30:00,0.0
2019-11-04 05:00:00,0.0
2019-11-04 05:30:00,0.0
2019-11-04 06:00:00,0.0
2019-11-04 06:30:00,0.0
2019-11-04 07:00:00,0.0
2019-11-04 07:30:00,0.0
2019-11-04 08:00:00,0.0
2019-11-04 08:30:00,0.0
2019-11-04 09:00:00,0.0
2019-11-04 09:30:00,0.0
2019-11-04 10:00:00,0.0
2019-11-04 10:30:00,0.0
2019-11-04 11:00:00,0.0
2019-11-04 11:30:00,0.0
2019-11-04 12:00:00,3.167666666666667
2019-11-04 12:30:00,3.167666666666667
2019-11-04 13:00:00,5.575666666666667
2019-11-04 13:30:00,10.444291666666667
2019-11-04 14:00:00,35.76284529304029
2019-11-04 14:30:00,84.80359160884703
2019-11-04 15:00:00,129.97457526897773
2019-11-04 15:30:00,152.45982091467192
2019-11-04 16:00:00,145.5518209146719
2019-11-04 16:30:00,148.54015032643662
2019-11-04 17:00:00,142.03455032643663
2019-11-04 17:30:00,133.3017408026271
2019-11-04 18:00:00,122.40607413596044
2019-11-04 18:30:00,122.40607413596044
2019-11-04 19:00:00,110.86369514436379
2019-11-04 19:30:00,107.41573958880824
2019-11-04 20:00:00,93.54007292214158
2019-11-04 20:30:00,94.92661993068857
2019-11-04 21:00:00,87.1876968537655
2019-11-04 21:30:00,89.85121471090837
2019-11-04 22:00:00,85.66032240321606
2019-11-04 22:30:00,67.26958073654939
2019-11-04 23:00:00,68.51183742104136
2019-11-04 23:30:00,87.75833987202176
2019-11-05 00:00:00,97.46720155072833
2019-11-05 00:30:00,101.02875710628388
2019-11-05 01:00:00,74.86250705959854
2019-11-05 01:30:00,52.95784039293188
2019-11-05 02:00:00,41.36549256684492
2019-11-05 02:30:00,17.532879233511586
2019-11-05 03:00:00,14.57421256684492
2019-11-05 03:30:00,5.952727272727273
2019-11-05 04:00:00,5.952727272727273
2019-11-05 04:30:00,0.0
2019-11-05 05:00:00,2.712
2019-11-05 05:30:00,2.712
2019-11-05 06:00:00,2.712
2019-11-05 06:30:00,2.712
2019-11-05 07:00:00,0.0
2019-11-05 07:30:00,0.0
2019-11-05 08:00:00,0.0
2019-11-05 08:30:00,0.0
2019-11-05 09:00:00,0.0
2019-11-05 09:30:00,0.0
2019-11-05 10:00:00,0.0
2019-11-05 10:30:00,0.0
2019-11-05 11:00:00,0.0
2019-11-05 11:30:00,0.0
2019-11-05 12:00:00,3.094333333333333
2019-11-05 12:30:00,3.094333333333333
2019-11-05 13:00:00,12.493833333333335
2019-11-05 13:30:00,18.047166666666666
2019-11-05 14:00:00,46.21166433239963
2019-11-05 14:30:00,87.95586876130405
2019-11-05 15:00:00,110.40995969697657
2019-11-05 15:30:00,137.97444620491308
2019-11-05 16:00:00,138.67716049062736
2019-11-05 16:30:00,134.85316049062737
2019-11-05 17:00:00,117.85186049062736
2019-11-05 17:30:00,101.36647001443689
2019-11-05 18:00:00,97.11611287157974
2019-11-05 18:30:00,74.58122398269086
2019-11-05 19:00:00,75.2305930303099
2019-11-05 19:30:00,58.83568430015117
2019-11-05 20:00:00,54.410343607510484
2019-11-05 20:30:00,52.04831027417715
2019-11-05 21:00:00,44.82861796648484
2019-11-05 21:30:00,52.086408442675314
2019-11-05 22:00:00,40.09907510934198
2019-11-05 22:30:00,56.53604569757728
2019-11-05 23:00:00,54.53712347535505
2019-11-05 23:30:00,50.54198061821219
2019-11-06 00:00:00,51.9879806182122
2019-11-06 00:30:00,42.32599523809524
2019-11-06 01:00:00,33.051095238095236
2019-11-06 01:30:00,32.99242857142857
2019-11-06 02:00:00,29.742428571428572
2019-11-06 02:30:00,23.633828571428573
2019-11-06 03:00:00,11.551066666666667
2019-11-06 03:30:00,5.798066666666667
2019-11-06 04:00:00,5.798066666666667
2019-11-06 04:30:00,5.798066666666667
2019-11-06 05:00:00,1.6990666666666667
2019-11-06 05:30:00,1.6990666666666667
2019-11-06 06:00:00,1.6990666666666667
2019-11-06 06:30:00,0.0
2019-11-06 07:00:00,0.0
2019-11-06 07:30:00,2.823
2019-11-06 08:00:00,2.823
2019-11-06 08:30:00,2.823
2019-11-06 09:00:00,2.823
2019-11-06 09:30:00,0.0
2019-11-06 10:00:00,0.0
2019-11-06 10:30:00,0.0
2019-11-06 11:00:00,0.0
2019-11-06 11:30:00,0.0
2019-11-06 12:00:00,3.1276666666666664
2019-11-06 12:30:00,3.1276666666666664
2019-11-06 13:00:00,5.692866666666666
2019-11-06 13:30:00,13.500533333333333
2019-11-06 14:00:00,27.966861403508773
2019-11-06 14:30:00,70.87448504522654
2019-11-06 15:00:00,116.26635220159957
2019-11-06 15:30:00,158.1500512079252
2019-11-06 16:00:00,153.7335512079252
2019-11-06 16:30:00,144.80261787459187
2019-11-06 17:00:00,130.42428454125854
2019-11-06 17:30:00,127.8039512079252
2019-11-06 18:00:00,119.7449512079252
2019-11-06 18:30:00,116.71323692221091
2019-11-06 19:00:00,113.7009512079252
2019-11-06 19:30:00,93.89480676348076
2019-11-06 20:00:00,88.0906613089353
2019-11-06 20:30:00,85.66643403620803
2019-11-06 21:00:00,77.81694452571853
2019-11-06 21:30:00,77.99119605197005
2019-11-06 22:00:00,74.18186638164038
2019-11-06 22:30:00,62.34908066735466
2019-11-06 23:00:00,66.51066890264877
2019-11-06 23:30:00,72.05172481940144
2019-11-07 00:00:00,80.4630418128655
2019-11-07 00:30:00,71.64948625730995
2019-11-07 01:00:00,55.25593888888889
2019-11-07 01:30:00,39.50987222222222
2019-11-07 02:00:00,12.39475
2019-11-07 02:30:00,12.39475
2019-11-07 03:00:00,12.39475
2019-11-07 03:30:00,0.0
2019-11-07 04:00:00,0.0
2019-11-07 04:30:00,0.0
2019-11-07 05:00:00,0.0
2019-11-07 05:30:00,0.0
2019-11-07 06:00:00,0.0
2019-11-07 06:30:00,2.7705
2019-11-07 07:00:00,2.7705
2019-11-07 07:30:00,2.7705
2019-11-07 08:00:00,2.7705
2019-11-07 08:30:00,0.0
2019-11-07 09:00:00,0.0
2019-11-07 09:30:00,0.0
2019-11-07 10:00:00,0.0
2019-11-07 10:30:00,0.0
2019-11-07 11:00:00,0.0
2019-11-07 11:30:00,0.0
2019-11-07 12:00:00,3.076333333333333
2019-11-07 12:30:00,3.076333333333333
2019-11-07 13:00:00,5.577533333333333
2019-11-07 13:30:00,13.229299999999999
2019-11-07 14:00:00,21.25099841269841
2019-11-07 14:30:00,66.92968784920635
2019-11-07 15:00:00,114.4915668992155
2019-11-07 15:30:00,146.53886040570902
2019-11-07 16:00:00,147.98552707237567
2019-11-07 16:30:00,145.07552707237568
2019-11-07 17:00:00,145.07552707237568
2019-11-07 17:30:00,138.71819373904233
2019-11-07 18:00:00,128.2690746914233
2019-11-07 18:30:00,110.93453421523283
2019-11-07 19:00:00,106.25803262793123
2019-11-07 19:30:00,79.78150390570902
2019-11-07 20:00:00,76.61600390570901
2019-11-07 20:30:00,75.69093420873932
2019-11-07 21:00:00,61.57912324192835
2019-11-07 21:30:00,66.68760895621406
2019-11-07 22:00:00,60.9549422895474
2019-11-07 22:30:00,41.66245062288073
2019-11-07 23:00:00,41.0289414958966
2019-11-07 23:30:00,61.07522188805346
2019-11-08 00:00:00,70.10505522138679
2019-11-08 00:30:00,52.13160158730159
2019-11-08 01:00:00,40.3116492063492
2019-11-08 01:30:00,27.49970476190476
2019-11-08 02:00:00,21.342871428571428
2019-11-08 02:30:00,6.5268
2019-11-08 03:00:00,6.5268
2019-11-08 03:30:00,6.5268
2019-11-08 04:00:00,6.5268
2019-11-08 04:30:00,0.0
2019-11-08 05:00:00,0.0
2019-11-08 05:30:00,0.0
2019-11-08 06:00:00,0.0
2019-11-08 06:30:00,0.0
2019-11-08 07:00:00,2.798
2019-11-08 07:30:00,2.798
2019-11-08 08:00:00,2.798
2019-11-08 08:30:00,2.798
2019-11-08 09:00:00,0.0
2019-11-08 09:30:00,0.0
2019-11-08 10:00:00,0.0
2019-11-08 10:30:00,0.0
2019-11-08 11:00:00,0.0
2019-11-08 11:30:00,0.0
2019-11-08 12:00:00,0.0
2019-11-08 12:30:00,0.0
2019-11-08 13:00:00,3.1895
2019-11-08 13:30:00,6.286642857142857
2019-11-08 14:00:00,11.678242857142855
2019-11-08 14:30:00,11.678242857142855
2019-11-08 15:00:00,14.279599999999999
2019-11-08 15:30:00,25.329933333333333
2019-11-08 16:00:00,33.964885714285714
2019-11-08 16:30:00,37.378485714285716
2019-11-08 17:00:00,36.37599047619047
2019-11-08 17:30:00,40.300847619047616
2019-11-08 18:00:00,50.773114285714286
2019-11-08 18:30:00,47.571780952380955
2019-11-08 19:00:00,39.13191428571429
2019-11-08 19:30:00,26.476861904761904
2019-11-08 20:00:00,32.26971904761905
2019-11-08 20:30:00,34.69940476190476
2019-11-08 21:00:00,36.55624761904762
2019-11-08 21:30:00,34.64391428571429
2019-11-08 22:00:00,34.29741428571428
2019-11-08 22:30:00,44.213414285714286
2019-11-08 23:00:00,41.46704761904762
2019-11-08 23:30:00,27.665490476190474
2019-11-09 00:00:00,37.58269047619048
2019-11-09 00:30:00,21.558357142857144
2019-11-09 01:00:00,24.340357142857144
2019-11-09 01:30:00,15.7347
2019-11-09 02:00:00,9.5312
2019-11-09 02:30:00,2.782
2019-11-09 03:00:00,0.0
2019-11-09 03:30:00,5.9355
2019-11-09 04:00:00,5.9355
2019-11-09 04:30:00,5.9355
2019-11-09 05:00:00,5.9355
2019-11-09 05:30:00,0.0
2019-11-09 06:00:00,0.0
2019-11-09 06:30:00,0.0
2019-11-09 07:00:00,0.0
2019-11-09 07:30:00,0.0
2019-11-09 08:00:00,0.0
2019-11-09 08:30:00,0.0
2019-11-09 09:00:00,0.0
2019-11-09 09:30:00,0.0
2019-11-09 10:00:00,0.0
2019-11-09 10:30:00,0.0
2019-11-09 11:00:00,0.0
2019-11-09 11:30:00,0.0
2019-11-09 12:00:00,0.0
2019-11-09 12:30:00,0.0
2019-11-09 13:00:00,0.0
2019-11-09 13:30:00,0.0
2019-11-09 14:00:00,0.0
2019-11-09 14:30:00,5.618428571428572
2019-11-09 15:00:00,5.618428571428572
2019-11-09 15:30:00,8.171761904761905
2019-11-09 16:00:00,8.171761904761905
2019-11-09 16:30:00,8.171761904761905
2019-11-09 17:00:00,5.618428571428572
2019-11-09 17:30:00,5.618428571428572
2019-11-09 18:00:00,6.506828571428572
2019-11-09 18:30:00,6.506828571428572
2019-11-09 19:00:00,7.956828571428572
2019-11-09 19:30:00,6.506828571428572
2019-11-09 20:00:00,7.924828571428572
2019-11-09 20:30:00,8.961095238095238
2019-11-09 21:00:00,8.961095238095238
2019-11-09 21:30:00,3.3426666666666667
2019-11-09 22:00:00,0.0
2019-11-09 22:30:00,0.0
2019-11-09 23:00:00,0.0
2019-11-09 23:30:00,0.0
2019-11-10 00:00:00,0.0
2019-11-10 00:30:00,0.0
2019-11-10 01:00:00,0.0
2019-11-10 01:30:00,0.0
2019-11-10 02:00:00,2.8035
2019-11-10 02:30:00,2.8035
2019-11-10 03:00:00,2.8035
2019-11-10 03:30:00,4.8255
2019-11-10 04:00:00,2.022
2019-11-10 04:30:00,2.022
2019-11-10 05:00:00,2.022
2019-11-10 05:30:00,2.022
2019-11-10 06:00:00,0.0
2019-11-10 06:30:00,0.0
2019-11-10 07:00:00,0.0
2019-11-10 07:30:00,0.0
2019-11-10 08:00:00,0.0
2019-11-10 08:30:00,0.0
2019-11-10 09:00:00,0.0
2019-11-10 09:30:00,0.0
2019-11-10 10:00:00,0.0
2019-11-10 10:30:00,0.0
2019-11-10 11:00:00,0.0
2019-11-10 11:30:00,0.0
2019-11-10 12:00:00,0.0
2019-11-10 12:30:00,0.0
2019-11-10 13:00:00,0.0
2019-11-10 13:30:00,0.0
2019-11-10 14:00:00,0.0
2019-11-10 14:30:00,0.0
2019-11-10 15:00:00,0.0
2019-11-10 15:30:00,0.0
2019-11-10 16:00:00,0.0
2019-11-10 16:30:00,0.0
2019-11-10 17:00:00,0.0
2019-11-10 17:30:00,0.0
2019-11-10 18:00:00,6.4955
2019-11-10 18:30:00,6.4955
2019-11-10 19:00:00,6.4955
2019-11-10 19:30:00,6.4955
2019-11-10 20:00:00,6.4955
2019-11-10 20:30:00,6.4955
2019-11-10 21:00:00,9.03075
2019-11-10 21:30:00,9.03075
2019-11-10 22:00:00,6.709250000000001
2019-11-10 22:30:00,9.683250000000001
2019-11-10 23:00:00,5.50925
2019-11-10 23:30:00,11.797916666666667
2019-11-11 00:00:00,18.367553030303032
2019-11-11 00:30:00,21.598886363636364
2019-11-11 01:00:00,12.774969696969697
2019-11-11 01:30:00,12.774969696969697
2019-11-11 02:00:00,6.569636363636364
2019-11-11 02:30:00,6.569636363636364
2019-11-11 03:00:00,6.569636363636364
2019-11-11 03:30:00,6.569636363636364
2019-11-11 04:00:00,6.569636363636364
2019-11-11 04:30:00,6.569636363636364
2019-11-11 05:00:00,6.569636363636364
2019-11-11 05:30:00,0.0
2019-11-11 06:00:00,0.0
2019-11-11 06:30:00,0.0
2019-11-11 07:00:00,0.0
2019-11-11 07:30:00,0.0
2019-11-11 08:00:00,0.0
2019-11-11 08:30:00,0.0
2019-11-11 09:00:00,0.0
2019-11-11 09:30:00,0.0
2019-11-11 10:00:00,0.0
2019-11-11 10:30:00,0.0
2019-11-11 11:00:00,0.0
2019-11-11 11:30:00,0.0
2019-11-11 12:00:00,0.0
2019-11-11 12:30:00,4.224095238095238
2019-11-11 13:00:00,6.711428571428572
2019-11-11 13:30:00,11.773195238095237
2019-11-11 14:00:00,29.22018918128655
2019-11-11 14:30:00,61.994470809788766
2019-11-11 15:00:00,99.19352017155308
2019-11-11 15:30:00,151.24225913683614
2019-11-11 16:00:00,151.24225913683614
2019-11-11 16:30:00,152.27311627969328
2019-11-11 17:00:00,147.3095162796933
2019-11-11 17:30:00,144.71294485112188
2019-11-11 18:00:00,142.28861151778852
2019-11-11 18:30:00,136.14986151778854
2019-11-11 19:00:00,117.77380596223298
2019-11-11 19:30:00,120.4148781844552
2019-11-11 20:00:00,106.35965336483038
2019-11-11 20:30:00,93.88288669816372
2019-11-11 21:00:00,79.93970278207979
2019-11-11 21:30:00,64.361330987208
2019-11-11 22:00:00,60.146580987208004
2019-11-11 22:30:00,54.776980987208006
2019-11-11 23:00:00,49.668182481138906
2019-11-11 23:30:00,43.56287597959092
2019-11-12 00:00:00,32.99466421488504
2019-11-12 00:30:00,40.26484974120083
2019-11-12 01:00:00,28.540749741200827
2019-11-12 01:30:00,27.718549741200828
2019-11-12 02:00:00,15.528740217391304
2019-11-12 02:30:00,0.0
2019-11-12 03:00:00,0.0
2019-11-12 03:30:00,0.0
2019-11-12 04:00:00,0.0
2019-11-12 04:30:00,0.0
2019-11-12 05:00:00,2.626
2019-11-12 05:30:00,2.626
2019-11-12 06:00:00,2.626
2019-11-12 06:30:00,0.0
2019-11-12 07:00:00,0.0
2019-11-12 07:30:00,0.0
2019-11-12 08:00:00,0.0
2019-11-12 08:30:00,0.0
2019-11-12 09:00:00,0.0
2019-11-12 09:30:00,0.0
2019-11-12 10:00:00,0.0
2019-11-12 10:30:00,0.0
2019-11-12 11:00:00,0.0
2019-11-12 11:30:00,0.0
2019-11-12 12:00:00,0.0
2019-11-12 12:30:00,3.101809523809524
2019-11-12 13:00:00,5.627809523809525
2019-11-12 13:30:00,19.45947821067821
2019-11-12 14:00:00,43.019989321789325
2019-11-12 14:30:00,67.15673987123986
2019-11-12 15:00:00,108.31168487590841
2019-11-12 15:30:00,140.63265491716993
2019-11-12 16:00:00,143.53758825050326
2019-11-12 16:30:00,137.12108825050328
2019-11-12 17:00:00,126.92778825050327
2019-11-12 17:30:00,122.84699936161438
2019-11-12 18:00:00,109.71822158383661
2019-11-12 18:30:00,100.74572952034454
2019-11-12 19:00:00,90.13678146839649
2019-11-12 19:30:00,81.51767035728538
2019-11-12 20:00:00,77.50193543665046
2019-11-12 20:30:00,75.02833543665047
2019-11-12 21:00:00,66.57521562313065
2019-11-12 21:30:00,62.06307276598779
2019-11-12 22:00:00,64.80481635573138
2019-11-12 22:30:00,64.80481635573138
2019-11-12 23:00:00,58.879673498588524
2019-11-12 23:30:00,46.020877700269196
2019-11-13 00:00:00,57.444787224078716
2019-11-13 00:30:00,52.237261236424395
2019-11-13 01:00:00,48.64563492063492
2019-11-13 01:30:00,38.65313492063492
2019-11-13 02:00:00,33.48542063492064
2019-11-13 02:30:00,15.387309523809524
2019-11-13 03:00:00,3.2331428571428575
2019-11-13 03:30:00,0.0
2019-11-13 04:00:00,0.0
2019-11-13 04:30:00,0.0
2019-11-13 05:00:00,0.0
2019-11-13 05:30:00,0.0
2019-11-13 06:00:00,0.0
2019-11-13 06:30:00,0.0
2019-11-13 07:00:00,0.0
2019-11-13 07:30:00,0.0
2019-11-13 08:00:00,0.0
2019-11-13 08:30:00,0.0
2019-11-13 09:00:00,2.722
2019-11-13 09:30:00,2.722
2019-11-13 10:00:00,2.722
2019-11-13 10:30:00,5.537629629629629
2019-11-13 11:00:00,2.8156296296296297
2019-11-13 11:30:00,2.8156296296296297
2019-11-13 12:00:00,2.8156296296296297
2019-11-13 12:30:00,2.8156296296296297
2019-11-13 13:00:00,8.219647020933976
2019-11-13 13:30:00,11.213347020933977
2019-11-13 14:00:00,29.417467935966656
2019-11-13 14:30:00,45.00929015818888
2019-11-13 15:00:00,88.26226206846815
2019-11-13 15:30:00,134.22692079560272
2019-11-13 16:00:00,141.3697624622694
2019-11-13 16:30:00,141.3697624622694
2019-11-13 17:00:00,141.3697624622694
2019-11-13 17:30:00,134.74076246226937
2019-11-13 18:00:00,122.33699579560272
2019-11-13 18:30:00,119.51455135115827
2019-11-13 19:00:00,104.54526563687256
2019-11-13 19:30:00,86.29844341465034
2019-11-13 20:00:00,83.90097674798368
2019-11-13 20:30:00,76.75557068737761
2019-11-13 21:00:00,88.96317068737761
2019-11-13 21:30:00,98.16917068737762
2019-11-13 22:00:00,88.28711940532634
2019-11-13 22:30:00,86.31325722045239
2019-11-13 23:00:00,84.78293350250367
2019-11-13 23:30:00,63.03550931949713
2019-11-14 00:00:00,50.81444586633809
2019-11-14 00:30:00,36.161895141700406
2019-11-14 01:00:00,37.53528461538462
2019-11-14 01:30:00,34.514184615384615
2019-11-14 02:00:00,27.878384615384615
2019-11-14 02:30:00,22.434384615384616
2019-11-14 03:00:00,22.434384615384616
2019-11-14 03:30:00,16.512784615384614
2019-11-14 04:00:00,1.8633846153846154
2019-11-14 04:30:00,1.8633846153846154
2019-11-14 05:00:00,1.8633846153846154
2019-11-14 05:30:00,0.0
2019-11-14 06:00:00,0.0
2019-11-14 06:30:00,3.61
2019-11-14 07:00:00,3.61
2019-11-14 07:30:00,3.61
2019-11-14 08:00:00,0.0
2019-11-14 08:30:00,0.0
2019-11-14 09:00:00,0.0
2019-11-14 09:30:00,0.0
2019-11-14 10:00:00,0.0
2019-11-14 10:30:00,0.0
2019-11-14 11:00:00,0.0
2019-11-14 11:30:00,0.0
2019-11-14 12:00:00,0.0
2019-11-14 12:30:00,0.0
2019-11-14 13:00:00,5.571885714285714
2019-11-14 13:30:00,19.312462637362636
2019-11-14 14:00:00,46.41166060606061
2019-11-14 14:30:00,77.83879631142851
2019-11-14 15:00:00,118.13010113726888
2019-11-14 15:30:00,149.9119147736325
2019-11-14 16:00:00,145.6039147736325
2019-11-14 16:30:00,110.517456255114
2019-11-14 17:00:00,110.517456255114
2019-11-14 17:30:00,110.517456255114
2019-11-14 18:00:00,110.517456255114
2019-11-14 18:30:00,110.517456255114
2019-11-14 19:00:00,106.983956255114
2019-11-14 19:30:00,101.52481736622511
2019-11-14 20:00:00,85.64360811991585
2019-11-14 20:30:00,80.43191837632612
2019-11-14 21:00:00,47.443109685017426
2019-11-14 21:30:00,33.164123238130976
2019-11-14 22:00:00,34.09957601590875
2019-11-14 22:30:00,51.55274268257542
2019-11-14 23:00:00,69.13766055839241
2019-11-14 23:30:00,61.583229027113234
2019-11-15 00:00:00,72.01884306220096
2019-11-15 00:30:00,71.2463606060606
2019-11-15 01:00:00,66.58033333333333
2019-11-15 01:30:00,34.8337
2019-11-15 02:00:00,18.338166666666666
2019-11-15 02:30:00,18.338166666666666
2019-11-15 03:00:00,18.338166666666666
2019-11-15 03:30:00,15.492666666666667
2019-11-15 04:00:00,12.363333333333333
2019-11-15 04:30:00,12.363333333333333
2019-11-15 05:00:00,15.139833333333334
2019-11-15 05:30:00,15.139833333333334
2019-11-15 06:00:00,15.139833333333334
2019-11-15 06:30:00,2.7765
2019-11-15 07:00:00,0.0
2019-11-15 07:30:00,0.0
2019-11-15 08:00:00,0.0
2019-11-15 08:30:00,0.0
2019-11-15 09:00:00,0.0
2019-11-15 09:30:00,0.0
2019-11-15 10:00:00,0.0
2019-11-15 10:30:00,0.0
2019-11-15 11:00:00,0.0
2019-11-15 11:30:00,0.0
2019-11-15 12:00:00,3.2159999999999997
2019-11-15 12:30:00,3.2159999999999997
2019-11-15 13:00:00,8.494
2019-11-15 13:30:00,12.662466666666667
2019-11-15 14:00:00,43.5869
2019-11-15 14:30:00,71.79344734592893
2019-11-15 15:00:00,107.54930960630357
2019-11-15 15:30:00,151.02068290522686
2019-11-15 16:00:00,148.15768290522686
2019-11-15 16:30:00,145.2330162385602
2019-11-15 17:00:00,142.3805162385602
2019-11-15 17:30:00,142.3805162385602
2019-11-15 18:00:00,133.0545162385602
2019-11-15 18:30:00,129.8112662385602
2019-11-15 19:00:00,122.58677417506814
2019-11-15 19:30:00,111.6808297306237
2019-11-15 20:00:00,106.10898052427449
2019-11-15 20:30:00,95.46739466568863
2019-11-15 21:00:00,92.59051141560538
2019-11-15 21:30:00,85.26734474893871
2019-11-15 22:00:00,82.70313321047718
2019-11-15 22:30:00,88.51146654381051
2019-11-15 23:00:00,85.55326654381051
2019-11-15 23:30:00,61.17603755221387
2019-11-16 00:00:00,52.432507727652464
2019-11-16 00:30:00,42.229575396825396
2019-11-16 01:00:00,33.891014285714284
2019-11-16 01:30:00,25.99884761904762
2019-11-16 02:00:00,14.927597619047619
2019-11-16 02:30:00,17.45659761904762
2019-11-16 03:00:00,14.83555
2019-11-16 03:30:00,8.47975
2019-11-16 04:00:00,8.47975
2019-11-16 04:30:00,5.95075
2019-11-16 05:00:00,0.0
2019-11-16 05:30:00,0.0
2019-11-16 06:00:00,0.0
2019-11-16 06:30:00,0.0
2019-11-16 07:00:00,0.0
2019-11-16 07:30:00,0.0
2019-11-16 08:00:00,0.0
2019-11-16 08:30:00,0.0
2019-11-16 09:00:00,0.0
2019-11-16 09:30:00,0.0
2019-11-16 10:00:00,0.0
2019-11-16 10:30:00,0.0
2019-11-16 11:00:00,0.0
2019-11-16 11:30:00,0.0
2019-11-16 12:00:00,0.0
2019-11-16 12:30:00,0.0
2019-11-16 13:00:00,0.0
2019-11-16 13:30:00,2.9
2019-11-16 14:00:00,2.9
2019-11-16 14:30:00,2.9
2019-11-16 15:00:00,2.9
2019-11-16 15:30:00,8.450545454545454
2019-11-16 16:00:00,8.450545454545454
2019-11-16 16:30:00,12.458745454545454
2019-11-16 17:00:00,12.458745454545454
2019-11-16 17:30:00,9.558745454545456
2019-11-16 18:00:00,9.558745454545456
2019-11-16 18:30:00,9.558745454545456
2019-11-16 19:00:00,9.558745454545456
2019-11-16 19:30:00,9.558745454545456
2019-11-16 20:00:00,9.558745454545456
2019-11-16 20:30:00,9.558745454545456
2019-11-16 21:00:00,4.0082
2019-11-16 21:30:00,4.0082
2019-11-16 22:00:00,4.0082
2019-11-16 22:30:00,10.2122
2019-11-16 23:00:00,10.2122
2019-11-16 23:30:00,10.2122
2019-11-17 00:00:00,10.2122
2019-11-17 00:30:00,10.2122
2019-11-17 01:00:00,10.2122
2019-11-17 01:30:00,10.2122
2019-11-17 02:00:00,10.2122
2019-11-17 02:30:00,6.204
2019-11-17 03:00:00,12.34
2019-11-17 03:30:00,12.34
2019-11-17 04:00:00,12.34
2019-11-17 04:30:00,12.34
2019-11-17 05:00:00,12.7345
2019-11-17 05:30:00,6.5985
2019-11-17 06:00:00,6.5985
2019-11-17 06:30:00,6.5985
2019-11-17 07:00:00,6.5985
2019-11-17 07:30:00,6.5985
2019-11-17 08:00:00,6.5985
2019-11-17 08:30:00,6.5985
2019-11-17 09:00:00,0.0
2019-11-17 09:30:00,0.0
2019-11-17 10:00:00,0.0
2019-11-17 10:30:00,0.0
2019-11-17 11:00:00,0.0
2019-11-17 11:30:00,0.0
2019-11-17 12:00:00,0.0
2019-11-17 12:30:00,0.0
2019-11-17 13:00:00,0.0
2019-11-17 13:30:00,0.0
2019-11-17 14:00:00,0.0
2019-11-17 14:30:00,0.0
2019-11-17 15:00:00,0.0
2019-11-17 15:30:00,0.0
2019-11-17 16:00:00,6.2878
2019-11-17 16:30:00,13.020466666666668
2019-11-17 17:00:00,13.020466666666668
2019-11-17 17:30:00,18.956466666666667
2019-11-17 18:00:00,18.956466666666667
2019-11-17 18:30:00,20.46045388888889
2019-11-17 19:00:00,18.956466666666667
2019-11-17 19:30:00,18.1418
2019-11-17 20:00:00,12.2058
2019-11-17 20:30:00,12.2058
2019-11-17 21:00:00,5.918
2019-11-17 21:30:00,0.0
2019-11-17 22:00:00,0.0
2019-11-17 22:30:00,0.0
2019-11-17 23:00:00,0.0
2019-11-17 23:30:00,6.470666666666666
2019-11-18 00:00:00,6.470666666666666
2019-11-18 00:30:00,11.114666666666666
2019-11-18 01:00:00,4.644
2019-11-18 01:30:00,0.0
2019-11-18 02:00:00,0.0
2019-11-18 02:30:00,6.45575
2019-11-18 03:00:00,6.45575
2019-11-18 03:30:00,6.45575
2019-11-18 04:00:00,6.45575
2019-11-18 04:30:00,6.45575
2019-11-18 05:00:00,6.45575
2019-11-18 05:30:00,6.45575
2019-11-18 06:00:00,6.45575
2019-11-18 06:30:00,0.0
2019-11-18 07:00:00,0.0
2019-11-18 07:30:00,0.0
2019-11-18 08:00:00,0.0
2019-11-18 08:30:00,0.0
2019-11-18 09:00:00,0.0
2019-11-18 09:30:00,0.0
2019-11-18 10:00:00,0.0
2019-11-18 10:30:00,0.0
2019-11-18 11:00:00,0.0
2019-11-18 11:30:00,0.0
2019-11-18 12:00:00,3.151
2019-11-18 12:30:00,3.151
2019-11-18 13:00:00,8.811252631578947
2019-11-18 13:30:00,11.640252631578948
2019-11-18 14:00:00,36.125381307478214
2019-11-18 14:30:00,84.72815945873872
2019-11-18 15:00:00,131.64903410894232
2019-11-18 15:30:00,150.39535982832098
2019-11-18 16:00:00,147.08785982832097
2019-11-18 16:30:00,140.50135982832097
2019-11-18 17:00:00,135.92135982832096
2019-11-18 17:30:00,128.9386931616543
2019-11-18 18:00:00,112.84295030451145
2019-11-18 18:30:00,101.418505860067
2019-11-18 19:00:00,91.94360824101939
2019-11-18 19:30:00,78.10636379657494
2019-11-18 20:00:00,75.27465470566585
2019-11-18 20:30:00,59.03012323713438
2019-11-18 21:00:00,55.34448687349802
2019-11-18 21:30:00,49.45990482221597
2019-11-18 22:00:00,41.826619107930256
2019-11-18 22:30:00,37.394107652821894
2019-11-18 23:00:00,63.17590569203758
2019-11-18 23:30:00,76.08440569203758
2019-11-19 00:00:00,95.20337347915243
2019-11-19 00:30:00,99.3638774891775
2019-11-19 01:00:00,84.38739567099567
2019-11-19 01:30:00,51.87770476190476
2019-11-19 02:00:00,25.68482380952381
2019-11-19 02:30:00,28.28902380952381
2019-11-19 03:00:00,22.48202380952381
2019-11-19 03:30:00,15.67292857142857
2019-11-19 04:00:00,7.914357142857143
2019-11-19 04:30:00,5.4693571428571435
2019-11-19 05:00:00,5.4693571428571435
2019-11-19 05:30:00,2.998857142857143
2019-11-19 06:00:00,2.998857142857143
2019-11-19 06:30:00,6.083857142857143
2019-11-19 07:00:00,6.083857142857143
2019-11-19 07:30:00,0.0
2019-11-19 08:00:00,2.27
2019-11-19 08:30:00,2.27
2019-11-19 09:00:00,0.0
2019-11-19 09:30:00,0.0
2019-11-19 10:00:00,0.0
2019-11-19 10:30:00,0.0
2019-11-19 11:00:00,0.0
2019-11-19 11:30:00,0.0
2019-11-19 12:00:00,3.094
2019-11-19 12:30:00,3.094
2019-11-19 13:00:00,5.5600000000000005
2019-11-19 13:30:00,26.199709235209234
2019-11-19 14:00:00,48.49449704739705
2019-11-19 14:30:00,75.95758454323455
2019-11-19 15:00:00,109.65705727050727
2019-11-19 15:30:00,149.67384573204572
2019-11-19 16:00:00,140.46574573204575
2019-11-19 16:30:00,133.57174573204574
2019-11-19 17:00:00,129.70403144633144
2019-11-19 17:30:00,113.7548885891886
2019-11-19 18:00:00,107.85374573204574
2019-11-19 18:30:00,98.21849573204574
2019-11-19 19:00:00,89.64705633810634
2019-11-19 19:30:00,89.41591492396492
2019-11-19 20:00:00,75.4787118936619
2019-11-19 20:30:00,69.91369118104119
2019-11-19 21:00:00,58.49841169386169
2019-11-19 21:30:00,73.17554502719503
2019-11-19 22:00:00,65.94000656565656
2019-11-19 22:30:00,62.63478434343434
2019-11-19 23:00:00,65.19351767676767
2019-11-19 23:30:00,66.39596767676767
2019-11-20 00:00:00,58.60262164502164
2019-11-20 00:30:00,60.005478787878786
2019-11-20 01:00:00,42.99601212121212
2019-11-20 01:30:00,29.808466666666668
2019-11-20 02:00:00,24.032466666666668
2019-11-20 02:30:00,2.97925
2019-11-20 03:00:00,2.97925
2019-11-20 03:30:00,2.97925
2019-11-20 04:00:00,2.97925
2019-11-20 04:30:00,2.97925
2019-11-20 05:00:00,2.97925
2019-11-20 05:30:00,5.75625
2019-11-20 06:00:00,5.75625
2019-11-20 06:30:00,2.777
2019-11-20 07:00:00,2.777
2019-11-20 07:30:00,0.0
2019-11-20 08:00:00,0.0
2019-11-20 08:30:00,0.0
2019-11-20 09:00:00,0.0
2019-11-20 09:30:00,0.0
2019-11-20 10:00:00,0.0
2019-11-20 10:30:00,0.0
2019-11-20 11:00:00,0.0
2019-11-20 11:30:00,0.0
2019-11-20 12:00:00,11.14928205128205
2019-11-20 12:30:00,11.14928205128205
2019-11-20 13:00:00,12.215948717948717
2019-11-20 13:30:00,17.748448717948715
2019-11-20 14:00:00,32.463575328592974
2019-11-20 14:30:00,72.90798534259858
2019-11-20 15:00:00,112.01660693197411
2019-11-20 15:30:00,154.65040817670462
2019-11-20 16:00:00,154.65040817670462
2019-11-20 16:30:00,154.65040817670462
2019-11-20 17:00:00,152.2519081767046
2019-11-20 17:30:00,145.70481293860936
2019-11-20 18:00:00,139.58461293860938
2019-11-20 18:30:00,117.20652136351781
2019-11-20 19:00:00,98.55620707780352
2019-11-20 19:30:00,88.45580323164967
2019-11-20 20:00:00,106.5142348555813
2019-11-20 20:30:00,107.54741667376311
2019-11-20 21:00:00,103.28261364346008
2019-11-20 21:30:00,102.07391694016337
2019-11-20 22:00:00,100.6299059511524
2019-11-20 22:30:00,83.93106624527005
2019-11-20 23:00:00,86.78801662087483
2019-11-20 23:30:00,77.1121832875415
2019-11-21 00:00:00,69.3579558365611
2019-11-21 00:30:00,65.85314397357028
2019-11-21 01:00:00,70.273258008658
2019-11-21 01:30:00,70.273258008658
2019-11-21 02:00:00,59.072078521478524
2019-11-21 02:30:00,29.529972294372293
2019-11-21 03:00:00,26.707122294372294
2019-11-21 03:30:00,21.453622294372295
2019-11-21 04:00:00,21.21726515151515
2019-11-21 04:30:00,9.11375
2019-11-21 05:00:00,3.79975
2019-11-21 05:30:00,3.79975
2019-11-21 06:00:00,5.7532499999999995
2019-11-21 06:30:00,5.7532499999999995
2019-11-21 07:00:00,7.647
2019-11-21 07:30:00,7.647
2019-11-21 08:00:00,4.9025
2019-11-21 08:30:00,11.259
2019-11-21 09:00:00,6.3565
2019-11-21 09:30:00,6.3565
2019-11-21 10:00:00,6.3565
2019-11-21 10:30:00,0.0
2019-11-21 11:00:00,0.0
2019-11-21 11:30:00,3.1136666666666666
2019-11-21 12:00:00,3.1136666666666666
2019-11-21 12:30:00,7.653809523809523
2019-11-21 13:00:00,10.194609523809524
2019-11-21 13:30:00,22.953992857142858
2019-11-21 14:00:00,43.701490814740815
2019-11-21 14:30:00,80.42268044791466
2019-11-21 15:00:00,138.09083561219484
2019-11-21 15:30:00,157.4177382703554
2019-11-21 16:00:00,154.5222382703554
2019-11-21 16:30:00,150.43290493702204
2019-11-21 17:00:00,147.55140493702206
2019-11-21 17:30:00,127.55832160368871
2019-11-21 18:00:00,122.8771216036887
2019-11-21 18:30:00,114.05215493702204
2019-11-21 19:00:00,97.40764382591094
2019-11-21 19:30:00,83.23962218088928
2019-11-21 20:00:00,74.65038985765696
2019-11-21 20:30:00,70.5607027947199
2019-11-21 21:00:00,68.04169846571557
2019-11-21 21:30:00,60.575826670843774
2019-11-21 22:00:00,49.96210286131997
2019-11-21 22:30:00,55.9404361946533
2019-11-21 23:00:00,42.143116750208854
2019-11-21 23:30:00,48.1755611946533
2019-11-22 00:00:00,41.74897055137844
2019-11-22 00:30:00,50.10105388471178
2019-11-22 01:00:00,40.97390476190476
2019-11-22 01:30:00,22.5366
2019-11-22 02:00:00,22.05493333333333
2019-11-22 02:30:00,21.892599999999998
2019-11-22 03:00:00,21.892599999999998
2019-11-22 03:30:00,11.6996
2019-11-22 04:00:00,6.194
2019-11-22 04:30:00,6.194
2019-11-22 05:00:00,6.194
2019-11-22 05:30:00,6.194
2019-11-22 06:00:00,6.194
2019-11-22 06:30:00,2.73
2019-11-22 07:00:00,2.73
2019-11-22 07:30:00,2.73
2019-11-22 08:00:00,2.73
2019-11-22 08:30:00,0.0
2019-11-22 09:00:00,0.0
2019-11-22 09:30:00,0.0
2019-11-22 10:00:00,0.0
2019-11-22 10:30:00,0.0
2019-11-22 11:00:00,0.0
2019-11-22 11:30:00,0.0
2019-11-22 12:00:00,0.0
2019-11-22 12:30:00,0.0
2019-11-22 13:00:00,2.9745
2019-11-22 13:30:00,8.67412049382716
2019-11-22 14:00:00,11.73262049382716
2019-11-22 14:30:00,16.251287160493828
2019-11-22 15:00:00,19.399963631082063
2019-11-22 15:30:00,19.399963631082063
2019-11-22 16:00:00,41.38813267870111
2019-11-22 16:30:00,41.38813267870111
2019-11-22 17:00:00,44.24913267870111
2019-11-22 17:30:00,54.564757678701106
2019-11-22 18:00:00,57.464103851540614
2019-11-22 18:30:00,60.65030385154061
2019-11-22 19:00:00,57.454303851540615
2019-11-22 19:30:00,63.80088321661998
2019-11-22 20:00:00,49.51413321661998
2019-11-22 20:30:00,46.957499883286644
2019-11-22 21:00:00,50.87649988328665
2019-11-22 21:30:00,48.71399988328665
2019-11-22 22:00:00,57.845333216619984
2019-11-22 22:30:00,55.25533321661998
2019-11-22 23:00:00,58.03033321661998
2019-11-22 23:30:00,40.713323412698415
2019-11-23 00:00:00,25.174434523809524
2019-11-23 00:30:00,16.947934523809522
2019-11-23 01:00:00,10.253934523809523
2019-11-23 01:30:00,4.117809523809524
2019-11-23 02:00:00,4.117809523809524
2019-11-23 02:30:00,0.0
2019-11-23 03:00:00,6.391
2019-11-23 03:30:00,6.391
2019-11-23 04:00:00,0.0
2019-11-23 04:30:00,0.0
2019-11-23 05:00:00,0.0
2019-11-23 05:30:00,0.0
2019-11-23 06:00:00,0.0
2019-11-23 06:30:00,0.0
2019-11-23 07:00:00,0.0
2019-11-23 07:30:00,0.0
2019-11-23 08:00:00,0.0
2019-11-23 08:30:00,0.0
2019-11-23 09:00:00,0.0
2019-11-23 09:30:00,0.0
2019-11-23 10:00:00,0.0
2019-11-23 10:30:00,0.0
2019-11-23 11:00:00,0.0
2019-11-23 11:30:00,0.0
2019-11-23 12:00:00,0.0
2019-11-23 12:30:00,0.0
2019-11-23 13:00:00,0.0
2019-11-23 13:30:00,0.0
2019-11-23 14:00:00,3.089
2019-11-23 14:30:00,3.089
2019-11-23 15:00:00,3.089
2019-11-23 15:30:00,3.089
2019-11-23 16:00:00,0.0
2019-11-23 16:30:00,0.0
2019-11-23 17:00:00,3.1773333333333333
2019-11-23 17:30:00,3.1773333333333333
2019-11-23 18:00:00,3.1773333333333333
2019-11-23 18:30:00,3.1773333333333333
2019-11-23 19:00:00,3.1773333333333333
2019-11-23 19:30:00,3.1773333333333333
2019-11-23 20:00:00,6.618399999999999
2019-11-23 20:30:00,6.618399999999999
2019-11-23 21:00:00,6.618399999999999
2019-11-23 21:30:00,6.618399999999999
2019-11-23 22:00:00,6.618399999999999
2019-11-23 22:30:00,0.0
2019-11-23 23:00:00,0.0
2019-11-23 23:30:00,0.0
2019-11-24 00:00:00,0.0
2019-11-24 00:30:00,0.0
2019-11-24 01:00:00,0.0
2019-11-24 01:30:00,0.0
2019-11-24 02:00:00,0.0
2019-11-24 02:30:00,0.0
2019-11-24 03:00:00,0.0
2019-11-24 03:30:00,0.0
2019-11-24 04:00:00,0.0
2019-11-24 04:30:00,0.0
2019-11-24 05:00:00,0.0
2019-11-24 05:30:00,0.0
2019-11-24 06:00:00,0.0
2019-11-24 06:30:00,0.0
2019-11-24 07:00:00,0.0
2019-11-24 07:30:00,0.0
2019-11-24 08:00:00,0.0
2019-11-24 08:30:00,0.0
2019-11-24 09:00:00,0.0
2019-11-24 09:30:00,0.0
2019-11-24 10:00:00,0.0
2019-11-24 10:30:00,0.0
2019-11-24 11:00:00,0.0
2019-11-24 11:30:00,0.0
2019-11-24 12:00:00,0.0
2019-11-24 12:30:00,0.0
2019-11-24 13:00:00,0.0
2019-11-24 13:30:00,0.0
2019-11-24 14:00:00,0.0
2019-11-24 14:30:00,0.0
2019-11-24 15:00:00,0.0
2019-11-24 15:30:00,0.0
2019-11-24 16:00:00,0.0
2019-11-24 16:30:00,0.0
2019-11-24 17:00:00,6.0008
2019-11-24 17:30:00,6.0008
2019-11-24 18:00:00,6.0008
2019-11-24 18:30:00,12.992799999999999
2019-11-24 19:00:00,12.992799999999999
2019-11-24 19:30:00,12.992799999999999
2019-11-24 20:00:00,12.992799999999999
2019-11-24 20:30:00,6.0008
2019-11-24 21:00:00,6.0008
2019-11-24 21:30:00,6.0008
2019-11-24 22:00:00,6.0008
2019-11-24 22:30:00,6.0008
2019-11-24 23:00:00,6.0008
2019-11-24 23:30:00,6.0008
2019-11-25 00:00:00,6.0008
2019-11-25 00:30:00,0.0
2019-11-25 01:00:00,0.0
2019-11-25 01:30:00,0.0
2019-11-25 02:00:00,0.0
2019-11-25 02:30:00,0.0
2019-11-25 03:00:00,0.0
2019-11-25 03:30:00,0.0
2019-11-25 04:00:00,0.0
2019-11-25 04:30:00,0.0
2019-11-25 05:00:00,0.0
2019-11-25 05:30:00,0.0
2019-11-25 06:00:00,0.0
2019-11-25 06:30:00,0.0
2019-11-25 07:00:00,0.0
2019-11-25 07:30:00,0.0
2019-11-25 08:00:00,0.0
2019-11-25 08:30:00,0.0
2019-11-25 09:00:00,0.0
2019-11-25 09:30:00,0.0
2019-11-25 10:00:00,0.0
2019-11-25 10:30:00,0.0
2019-11-25 11:00:00,0.0
2019-11-25 11:30:00,0.0
2019-11-25 12:00:00,0.0
2019-11-25 12:30:00,1.664
2019-11-25 13:00:00,2.79191
2019-11-25 13:30:00,23.42398777777778
2019-11-25 14:00:00,26.38732111111111
2019-11-25 14:30:00,72.85729838763575
2019-11-25 15:00:00,113.86469889541144
2019-11-25 15:30:00,147.2244666904293
2019-11-25 16:00:00,153.70791907138167
2019-11-25 16:30:00,153.70791907138167
2019-11-25 17:00:00,144.50951907138167
2019-11-25 17:30:00,142.29840796027054
2019-11-25 18:00:00,111.27805045233404
2019-11-25 18:30:00,102.87158378566737
2019-11-25 19:00:00,104.42343479576839
2019-11-25 19:30:00,92.83734352592711
2019-11-25 20:00:00,96.15984352592712
2019-11-25 20:30:00,82.15408768177127
2019-11-25 21:00:00,85.7957694999531
2019-11-25 21:30:00,75.90491235709595
2019-11-25 22:00:00,69.0820552142388
2019-11-25 22:30:00,76.05389648408007
2019-11-25 23:00:00,67.81399648408008
2019-11-25 23:30:00,58.99391805270753
2019-11-26 00:00:00,52.71332688729399
2019-11-26 00:30:00,30.83193932748538
2019-11-26 01:00:00,46.48973055555555
2019-11-26 01:30:00,27.10206388888889
2019-11-26 02:00:00,22.05506388888889
2019-11-26 02:30:00,10.548175
2019-11-26 03:00:00,13.279341666666667
2019-11-26 03:30:00,7.744541666666667
2019-11-26 04:00:00,7.744541666666667
2019-11-26 04:30:00,2.287875
2019-11-26 05:00:00,2.287875
2019-11-26 05:30:00,2.287875
2019-11-26 06:00:00,2.287875
2019-11-26 06:30:00,5.103375
2019-11-26 07:00:00,5.103375
2019-11-26 07:30:00,5.103375
2019-11-26 08:00:00,2.8155
2019-11-26 08:30:00,0.0
2019-11-26 09:00:00,0.0
2019-11-26 09:30:00,0.0
2019-11-26 10:00:00,0.0
2019-11-26 10:30:00,0.0
2019-11-26 11:00:00,0.0
2019-11-26 11:30:00,0.0
2019-11-26 12:00:00,4.1356
2019-11-26 12:30:00,4.1356
2019-11-26 13:00:00,6.516
2019-11-26 13:30:00,14.684933333333333
2019-11-26 14:00:00,34.065761616161616
2019-11-26 14:30:00,66.19601521093286
2019-11-26 15:00:00,92.73317089381207
2019-11-26 15:30:00,133.625751821773
2019-11-26 16:00:00,154.37017086939204
2019-11-26 16:30:00,155.0028375360587
2019-11-26 17:00:00,147.7008375360587
2019-11-26 17:30:00,140.3428375360587
2019-11-26 18:00:00,138.2364375360587
2019-11-26 18:30:00,126.17125340907458
2019-11-26 19:00:00,96.42467404399522
2019-11-26 19:30:00,70.24719338021455
2019-11-26 20:00:00,69.95259338021455
2019-11-26 20:30:00,66.80098428930546
2019-11-26 21:00:00,64.45378428930546
2019-11-26 21:30:00,61.11766890469008
2019-11-26 22:00:00,50.25631719750837
2019-11-26 22:30:00,46.92016640385758
2019-11-26 23:00:00,43.016623920197446
2019-11-26 23:30:00,25.058687645687645
2019-11-27 00:00:00,24.065354312354312
2019-11-27 00:30:00,28.02035431235431
2019-11-27 01:00:00,28.02035431235431
2019-11-27 01:30:00,20.116687645687644
2019-11-27 02:00:00,20.116687645687644
2019-11-27 02:30:00,16.695020979020978
2019-11-27 03:00:00,13.5052432012432
2019-11-27 03:30:00,6.465384615384615
2019-11-27 04:00:00,2.936
2019-11-27 04:30:00,6.619999999999999
2019-11-27 05:00:00,6.619999999999999
2019-11-27 05:30:00,6.619999999999999
2019-11-27 06:00:00,2.936
2019-11-27 06:30:00,2.936
2019-11-27 07:00:00,2.936
2019-11-27 07:30:00,0.0
2019-11-27 08:00:00,0.0
2019-11-27 08:30:00,0.0
2019-11-27 09:00:00,0.0
2019-11-27 09:30:00,0.0
2019-11-27 10:00:00,0.0
2019-11-27 10:30:00,0.0
2019-11-27 11:00:00,0.0
2019-11-27 11:30:00,0.0
2019-11-27 12:00:00,0.0
2019-11-27 12:30:00,0.0
2019-11-27 13:00:00,0.13105882352941178
2019-11-27 13:30:00,4.7738588235294115
2019-11-27 14:00:00,13.255668347338936
2019-11-27 14:30:00,36.24993330460389
2019-11-27 15:00:00,65.37129997127056
2019-11-27 15:30:00,89.49644588091647
2019-11-27 16:00:00,101.2962673094879
2019-11-27 16:30:00,125.61614782896842
2019-11-27 17:00:00,131.3426478289684
2019-11-27 17:30:00,139.1218478289684
2019-11-27 18:00:00,147.51254782896842
2019-11-27 18:30:00,134.4573478289684
2019-11-27 19:00:00,111.32555576547635
2019-11-27 19:30:00,93.21331767023825
2019-11-27 20:00:00,60.434201797222386
2019-11-27 20:30:00,50.61166846388905
2019-11-27 21:00:00,31.94327176059235
2019-11-27 21:30:00,33.560979603729606
2019-11-27 22:00:00,23.124916666666667
2019-11-27 22:30:00,19.89078333333333
2019-11-27 23:00:00,14.764116666666666
2019-11-27 23:30:00,14.764116666666666
2019-11-28 00:00:00,16.136833333333335
2019-11-28 00:30:00,16.136833333333335
2019-11-28 01:00:00,13.175833333333333
2019-11-28 01:30:00,6.4511666666666665
2019-11-28 02:00:00,6.4511666666666665
2019-11-28 02:30:00,6.4511666666666665
2019-11-28 03:00:00,6.4511666666666665
2019-11-28 03:30:00,6.4511666666666665
2019-11-28 04:00:00,6.4511666666666665
2019-11-28 04:30:00,6.4511666666666665
2019-11-28 05:00:00,6.4511666666666665
2019-11-28 05:30:00,6.4511666666666665
2019-11-28 06:00:00,0.0
2019-11-28 06:30:00,0.0
2019-11-28 07:00:00,0.0
2019-11-28 07:30:00,0.0
2019-11-28 08:00:00,0.0
2019-11-28 08:30:00,0.0
2019-11-28 09:00:00,0.0
2019-11-28 09:30:00,0.0
2019-11-28 10:00:00,0.0
2019-11-28 10:30:00,0.0
2019-11-28 11:00:00,0.0
2019-11-28 11:30:00,0.0
2019-11-28 12:00:00,0.0
2019-11-28 12:30:00,0.0
2019-11-28 13:00:00,0.0
2019-11-28 13:30:00,0.0
2019-11-28 14:00:00,0.0
2019-11-28 14:30:00,0.0
2019-11-28 15:00:00,0.0
2019-11-28 15:30:00,0.0
2019-11-28 16:00:00,0.0
2019-11-28 16:30:00,0.0
2019-11-28 17:00:00,0.0
2019-11-28 17:30:00,0.0
2019-11-28 18:00:00,0.0
2019-11-28 18:30:00,0.0
2019-11-28 19:00:00,6.461
2019-11-28 19:30:00,6.461
2019-11-28 20:00:00,6.461
2019-11-28 20:30:00,6.461
2019-11-28 21:00:00,0.0
2019-11-28 21:30:00,0.0
2019-11-28 22:00:00,7.0815
2019-11-28 22:30:00,7.0815
2019-11-28 23:00:00,7.0815
2019-11-28 23:30:00,7.0815
2019-11-29 00:00:00,0.0
2019-11-29 00:30:00,0.0
2019-11-29 01:00:00,0.0
2019-11-29 01:30:00,0.0
2019-11-29 02:00:00,0.0
2019-11-29 02:30:00,0.0
2019-11-29 03:00:00,0.0
2019-11-29 03:30:00,0.0
2019-11-29 04:00:00,0.0
2019-11-29 04:30:00,0.0
2019-11-29 05:00:00,0.0
2019-11-29 05:30:00,0.0
2019-11-29 06:00:00,0.0
2019-11-29 06:30:00,0.0
2019-11-29 07:00:00,0.0
2019-11-29 07:30:00,0.0
2019-11-29 08:00:00,0.0
2019-11-29 08:30:00,0.0
2019-11-29 09:00:00,0.0
2019-11-29 09:30:00,0.0
2019-11-29 10:00:00,0.0
2019-11-29 10:30:00,0.0
2019-11-29 11:00:00,0.0
2019-11-29 11:30:00,0.0
2019-11-29 12:00:00,0.0
2019-11-29 12:30:00,0.0
2019-11-29 13:00:00,0.0
2019-11-29 13:30:00,0.0
2019-11-29 14:00:00,0.0
2019-11-29 14:30:00,0.0
2019-11-29 15:00:00,5.328799999999999
2019-11-29 15:30:00,5.328799999999999
2019-11-29 16:00:00,5.328799999999999
2019-11-29 16:30:00,5.328799999999999
2019-11-29 17:00:00,12.496133333333333
2019-11-29 17:30:00,7.167333333333333
2019-11-29 18:00:00,7.167333333333333
2019-11-29 18:30:00,0.0
2019-11-29 19:00:00,0.0
2019-11-29 19:30:00,5.5192
2019-11-29 20:00:00,5.5192
2019-11-29 20:30:00,5.5192
2019-11-29 21:00:00,5.5192
2019-11-29 21:30:00,5.5192
2019-11-29 22:00:00,0.0
2019-11-29 22:30:00,0.0
2019-11-29 23:00:00,0.0
2019-11-29 23:30:00,0.0
2019-11-30 00:00:00,0.0
2019-11-30 00:30:00,0.0
2019-11-30 01:00:00,0.0
2019-11-30 01:30:00,0.0
2019-11-30 02:00:00,0.0
2019-11-30 02:30:00,0.0
2019-11-30 03:00:00,0.0
2019-11-30 03:30:00,0.0
2019-11-30 04:00:00,0.0
2019-11-30 04:30:00,0.0
2019-11-30 05:00:00,0.0
2019-11-30 05:30:00,0.0
2019-11-30 06:00:00,0.0
2019-11-30 06:30:00,0.0
2019-11-30 07:00:00,0.0
2019-11-30 07:30:00,0.0
2019-11-30 08:00:00,0.0
2019-11-30 08:30:00,0.0
2019-11-30 09:00:00,0.0
2019-11-30 09:30:00,0.0
2019-11-30 10:00:00,0.0
2019-11-30 10:30:00,0.0
2019-11-30 11:00:00,0.0
2019-11-30 11:30:00,0.0
2019-11-30 12:00:00,0.0
2019-11-30 12:30:00,0.0
2019-11-30 13:00:00,0.0
2019-11-30 13:30:00,0.0
2019-11-30 14:00:00,0.0
2019-11-30 14:30:00,0.0
2019-11-30 15:00:00,0.0
2019-11-30 15:30:00,0.0
2019-11-30 16:00:00,0.0
2019-11-30 16:30:00,0.0
2019-11-30 17:00:00,0.0
2019-11-30 17:30:00,0.0
2019-11-30 18:00:00,0.0
2019-11-30 18:30:00,0.0
2019-11-30 19:00:00,0.0
2019-11-30 19:30:00,0.0
2019-11-30 20:00:00,0.0
2019-11-30 20:30:00,0.0
2019-11-30 21:00:00,0.0
2019-11-30 21:30:00,0.0
2019-11-30 22:00:00,0.0
2019-11-30 22:30:00,0.0
2019-11-30 23:00:00,0.0
2019-11-30 23:30:00,0.0
2019-12-01 00:00:00,0.0
2019-12-01 00:30:00,0.0
2019-12-01 01:00:00,0.0
2019-12-01 01:30:00,0.0
2019-12-01 02:00:00,0.0
2019-12-01 02:30:00,0.0
2019-12-01 03:00:00,0.0
2019-12-01 03:30:00,0.0
2019-12-01 04:00:00,0.0
2019-12-01 04:30:00,0.0
2019-12-01 05:00:00,0.0
2019-12-01 05:30:00,0.0
2019-12-01 06:00:00,0.0
2019-12-01 06:30:00,0.0
2019-12-01 07:00:00,0.0
2019-12-01 07:30:00,0.0
2019-12-01 08:00:00,0.0
2019-12-01 08:30:00,0.0
2019-12-01 09:00:00,0.0
2019-12-01 09:30:00,0.0
2019-12-01 10:00:00,0.0
2019-12-01 10:30:00,0.0
2019-12-01 11:00:00,0.0
2019-12-01 11:30:00,0.0
2019-12-01 12:00:00,0.0
2019-12-01 12:30:00,0.0
2019-12-01 13:00:00,0.0
2019-12-01 13:30:00,0.0
2019-12-01 14:00:00,0.0
2019-12-01 14:30:00,0.0
2019-12-01 15:00:00,0.0
2019-12-01 15:30:00,0.0
2019-12-01 16:00:00,0.0
2019-12-01 16:30:00,0.0
2019-12-01 17:00:00,0.0
2019-12-01 17:30:00,0.0
2019-12-01 18:00:00,0.0
2019-12-01 18:30:00,0.0
2019-12-01 19:00:00,0.0
2019-12-01 19:30:00,0.0
2019-12-01 20:00:00,0.0
2019-12-01 20:30:00,0.0
2019-12-01 21:00:00,0.0
2019-12-01 21:30:00,5.5746912222222225
2019-12-01 22:00:00,5.5746912222222225
2019-12-01 22:30:00,5.5746912222222225
2019-12-01 23:00:00,5.5746912222222225
2019-12-01 23:30:00,5.5746912222222225
2019-12-02 00:00:00,0.0
2019-12-02 00:30:00,0.0
2019-12-02 01:00:00,0.0
2019-12-02 01:30:00,0.0
2019-12-02 02:00:00,0.0
2019-12-02 02:30:00,0.0
2019-12-02 03:00:00,0.0
2019-12-02 03:30:00,0.0
2019-12-02 04:00:00,0.0
2019-12-02 04:30:00,0.0
2019-12-02 05:00:00,0.0
2019-12-02 05:30:00,0.0
2019-12-02 06:00:00,0.0
2019-12-02 06:30:00,0.0
2019-12-02 07:00:00,0.0
2019-12-02 07:30:00,0.0
2019-12-02 08:00:00,0.0
2019-12-02 08:30:00,0.0
2019-12-02 09:00:00,0.0
2019-12-02 09:30:00,0.0
2019-12-02 10:00:00,0.0
2019-12-02 10:30:00,0.0
2019-12-02 11:00:00,0.0
2019-12-02 11:30:00,0.0
2019-12-02 12:00:00,3.135666666666667
2019-12-02 12:30:00,3.135666666666667
2019-12-02 13:00:00,5.250666666666667
2019-12-02 13:30:00,18.731911666666665
2019-12-02 14:00:00,32.10810257575758
2019-12-02 14:30:00,79.56642119047619
2019-12-02 15:00:00,116.43553063074353
2019-12-02 15:30:00,164.7559659691839
2019-12-02 16:00:00,162.6409659691839
2019-12-02 16:30:00,158.10456596918388
2019-12-02 17:00:00,158.10456596918388
2019-12-02 17:30:00,149.98603263585056
2019-12-02 18:00:00,134.87203263585056
2019-12-02 18:30:00,119.85670882632675
2019-12-02 19:00:00,104.02563049299341
2019-12-02 19:30:00,104.63685776572069
2019-12-02 20:00:00,90.92039109905403
2019-12-02 20:30:00,94.06353395619688
2019-12-02 21:00:00,90.50953395619688
2019-12-02 21:30:00,76.70269109905402
2019-12-02 22:00:00,85.62987424923718
2019-12-02 22:30:00,80.1862075825705
2019-12-02 23:00:00,98.35951710638003
2019-12-02 23:30:00,90.72702543971336
2019-12-03 00:00:00,85.22776428191692
2019-12-03 00:30:00,70.87962627022101
2019-12-03 01:00:00,45.16398528138528
2019-12-03 01:30:00,41.52107619047619
2019-12-03 02:00:00,22.765942857142857
2019-12-03 02:30:00,16.392466666666667
2019-12-03 03:00:00,5.322800000000001
2019-12-03 03:30:00,3.1
2019-12-03 04:00:00,3.1
2019-12-03 04:30:00,0.0
2019-12-03 05:00:00,0.0
2019-12-03 05:30:00,0.0
2019-12-03 06:00:00,0.0
2019-12-03 06:30:00,2.852
2019-12-03 07:00:00,2.852
2019-12-03 07:30:00,2.852
2019-12-03 08:00:00,0.0
2019-12-03 08:30:00,0.0
2019-12-03 09:00:00,0.0
2019-12-03 09:30:00,0.0
2019-12-03 10:00:00,0.0
2019-12-03 10:30:00,0.0
2019-12-03 11:00:00,0.0
2019-12-03 11:30:00,0.0
2019-12-03 12:00:00,3.161
2019-12-03 12:30:00,3.161
2019-12-03 13:00:00,7.513571428571429
2019-12-03 13:30:00,23.25659142857143
2019-12-03 14:00:00,39.93254406015038
2019-12-03 14:30:00,73.47591866332498
2019-12-03 15:00:00,114.19707889294915
2019-12-03 15:30:00,158.46732243222175
2019-12-03 16:00:00,155.68632243222177
2019-12-03 16:30:00,149.51008433698365
2019-12-03 17:00:00,145.02408433698366
2019-12-03 17:30:00,143.04528433698366
2019-12-03 18:00:00,129.12007005126938
2019-12-03 18:30:00,127.27007005126939
2019-12-03 19:00:00,107.77066211476145
2019-12-03 19:30:00,99.53999544809477
2019-12-03 20:00:00,103.41046211476144
2019-12-03 20:30:00,100.569916660216
2019-12-03 21:00:00,87.99267423597357
2019-12-03 21:30:00,75.72522918102851
2019-12-03 22:00:00,62.918926616925944
2019-12-03 22:30:00,48.12722185502118
2019-12-03 23:00:00,37.019221855021186
2019-12-03 23:30:00,57.575969223442236
2019-12-04 00:00:00,66.92891039991282
2019-12-04 00:30:00,73.08808583850931
2019-12-04 01:00:00,58.02559536231884
2019-12-04 01:30:00,32.159428695652174
2019-12-04 02:00:00,10.606442028985507
2019-12-04 02:30:00,10.606442028985507
2019-12-04 03:00:00,9.893833333333333
2019-12-04 03:30:00,0.0
2019-12-04 04:00:00,0.0
2019-12-04 04:30:00,0.0
2019-12-04 05:00:00,0.0
2019-12-04 05:30:00,0.0
2019-12-04 06:00:00,2.8115
2019-12-04 06:30:00,2.8115
2019-12-04 07:00:00,2.8115
2019-12-04 07:30:00,2.8115
2019-12-04 08:00:00,0.0
2019-12-04 08:30:00,0.0
2019-12-04 09:00:00,0.0
2019-12-04 09:30:00,0.0
2019-12-04 10:00:00,0.0
2019-12-04 10:30:00,0.0
2019-12-04 11:00:00,0.0
2019-12-04 11:30:00,0.0
2019-12-04 12:00:00,3.153
2019-12-04 12:30:00,3.153
2019-12-04 13:00:00,5.266
2019-12-04 13:30:00,22.06770392156863
2019-12-04 14:00:00,31.861870588235295
2019-12-04 14:30:00,58.586240285204994
2019-12-04 15:00:00,123.46533972759266
2019-12-04 15:30:00,158.07036476936378
2019-12-04 16:00:00,152.58086476936376
2019-12-04 16:30:00,153.51397588047487
2019-12-04 17:00:00,144.00647588047488
2019-12-04 17:30:00,136.80247588047487
2019-12-04 18:00:00,122.40745207095107
2019-12-04 18:30:00,120.52965207095107
2019-12-04 19:00:00,120.52965207095107
2019-12-04 19:30:00,108.37660762650663
2019-12-04 20:00:00,96.22017404064803
2019-12-04 20:30:00,104.67923378090778
2019-12-04 21:00:00,100.43230044757445
2019-12-04 21:30:00,96.027914000688
2019-12-04 22:00:00,83.28931007911937
2019-12-04 22:30:00,80.98292436483365
2019-12-04 23:00:00,65.67552436483365
2019-12-04 23:30:00,61.466825835421886
2019-12-05 00:00:00,59.12682583542189
2019-12-05 00:30:00,46.33332583542189
2019-12-05 01:00:00,40.866483730158734
2019-12-05 01:30:00,11.354839285714286
2019-12-05 02:00:00,13.714839285714286
2019-12-05 02:30:00,11.354839285714286
2019-12-05 03:00:00,11.354839285714286
2019-12-05 03:30:00,5.171125
2019-12-05 04:00:00,0.0
2019-12-05 04:30:00,0.0
2019-12-05 05:00:00,0.0
2019-12-05 05:30:00,0.0
2019-12-05 06:00:00,0.0
2019-12-05 06:30:00,0.0
2019-12-05 07:00:00,0.0
2019-12-05 07:30:00,2.76
2019-12-05 08:00:00,2.76
2019-12-05 08:30:00,0.0
2019-12-05 09:00:00,0.0
2019-12-05 09:30:00,0.0
2019-12-05 10:00:00,0.0
2019-12-05 10:30:00,0.0
2019-12-05 11:00:00,0.0
2019-12-05 11:30:00,0.0
2019-12-05 12:00:00,0.0
2019-12-05 12:30:00,3.8044
2019-12-05 13:00:00,6.898899999999999
2019-12-05 13:30:00,20.00515
2019-12-05 14:00:00,49.353063430127044
2019-12-05 14:30:00,96.7941229265693
2019-12-05 15:00:00,138.79798628133048
2019-12-05 15:30:00,163.29350086008506
2019-12-05 16:00:00,163.29350086008506
2019-12-05 16:30:00,155.76616752675173
2019-12-05 17:00:00,145.92806752675173
2019-12-05 17:30:00,122.25065086008506
2019-12-05 18:00:00,111.88393657437076
2019-12-05 18:30:00,84.72586514579933
2019-12-05 19:00:00,76.47056355849776
2019-12-05 19:30:00,79.56154432772853
2019-12-05 20:00:00,82.55470504201423
2019-12-05 20:30:00,79.42709898140818
2019-12-05 21:00:00,82.98424183855103
2019-12-05 21:30:00,83.0845303000895
2019-12-05 22:00:00,75.6667281022873
2019-12-05 22:30:00,75.62179476895396
2019-12-05 23:00:00,72.05079476895396
2019-12-05 23:30:00,67.54535471047443
2019-12-06 00:00:00,74.28255471047443
2019-12-06 00:30:00,75.5672451866649
2019-12-06 01:00:00,78.9212451866649
2019-12-06 01:30:00,64.38746185333157
2019-12-06 02:00:00,61.685231084100806
2019-12-06 02:30:00,53.82936151888342
2019-12-06 03:00:00,35.271825804597704
2019-12-06 03:30:00,35.271825804597704
2019-12-06 04:00:00,22.3098908045977
2019-12-06 04:30:00,14.730189655172413
2019-12-06 05:00:00,10.4275
2019-12-06 05:30:00,10.4275
2019-12-06 06:00:00,10.4275
2019-12-06 06:30:00,6.9335
2019-12-06 07:00:00,6.9335
2019-12-06 07:30:00,6.9335
2019-12-06 08:00:00,3.9415
2019-12-06 08:30:00,0.0
2019-12-06 09:00:00,0.0
2019-12-06 09:30:00,0.0
2019-12-06 10:00:00,0.0
2019-12-06 10:30:00,0.0
2019-12-06 11:00:00,0.0
2019-12-06 11:30:00,0.0
2019-12-06 12:00:00,0.0
2019-12-06 12:30:00,0.0
2019-12-06 13:00:00,3.948
2019-12-06 13:30:00,11.114190476190476
2019-12-06 14:00:00,11.114190476190476
2019-12-06 14:30:00,10.851079365079364
2019-12-06 15:00:00,14.703432306255834
2019-12-06 15:30:00,27.573575163398694
2019-12-06 16:00:00,34.76957516339869
2019-12-06 16:30:00,35.26424183006536
2019-12-06 17:00:00,41.41857766966436
2019-12-06 17:30:00,37.74857766966436
2019-12-06 18:00:00,41.34075948784618
2019-12-06 18:30:00,34.45929282117951
2019-12-06 19:00:00,25.256149964036652
2019-12-06 19:30:00,25.256149964036652
2019-12-06 20:00:00,25.256149964036652
2019-12-06 20:30:00,25.256149964036652
2019-12-06 21:00:00,38.68000551959221
2019-12-06 21:30:00,41.98029123387792
2019-12-06 22:00:00,44.744291233877924
2019-12-06 22:30:00,38.14695790054459
2019-12-06 23:00:00,38.14695790054459
2019-12-06 23:30:00,26.770067585630745
2019-12-07 00:00:00,26.770067585630745
2019-12-07 00:30:00,26.770067585630745
2019-12-07 01:00:00,16.400948538011697
2019-12-07 01:30:00,12.896726315789474
2019-12-07 02:00:00,9.509526315789474
2019-12-07 02:30:00,2.933
2019-12-07 03:00:00,2.933
2019-12-07 03:30:00,0.0
2019-12-07 04:00:00,0.0
2019-12-07 04:30:00,0.0
2019-12-07 05:00:00,0.0
2019-12-07 05:30:00,0.0
2019-12-07 06:00:00,0.0
2019-12-07 06:30:00,0.0
2019-12-07 07:00:00,0.0
2019-12-07 07:30:00,0.0
2019-12-07 08:00:00,0.0
2019-12-07 08:30:00,0.0
2019-12-07 09:00:00,0.0
2019-12-07 09:30:00,0.0
2019-12-07 10:00:00,0.0
2019-12-07 10:30:00,0.0
2019-12-07 11:00:00,0.0
2019-12-07 11:30:00,0.0
2019-12-07 12:00:00,0.0
2019-12-07 12:30:00,0.0
2019-12-07 13:00:00,0.0
2019-12-07 13:30:00,0.0
2019-12-07 14:00:00,0.0
2019-12-07 14:30:00,0.0
2019-12-07 15:00:00,3.7851111111111115
2019-12-07 15:30:00,3.7851111111111115
2019-12-07 16:00:00,3.7851111111111115
2019-12-07 16:30:00,3.7851111111111115
2019-12-07 17:00:00,6.884611111111111
2019-12-07 17:30:00,11.039611111111112
2019-12-07 18:00:00,11.039611111111112
2019-12-07 18:30:00,11.039611111111112
2019-12-07 19:00:00,7.940111111111111
2019-12-07 19:30:00,7.1561111111111115
2019-12-07 20:00:00,7.1561111111111115
2019-12-07 20:30:00,7.1561111111111115
2019-12-07 21:00:00,7.1561111111111115
2019-12-07 21:30:00,7.1561111111111115
2019-12-07 22:00:00,7.1561111111111115
2019-12-07 22:30:00,7.1561111111111115
2019-12-07 23:00:00,7.1561111111111115
2019-12-07 23:30:00,7.1561111111111115
2019-12-08 00:00:00,3.371
2019-12-08 00:30:00,3.371
2019-12-08 01:00:00,3.371
2019-12-08 01:30:00,3.371
2019-12-08 02:00:00,3.371
2019-12-08 02:30:00,3.371
2019-12-08 03:00:00,3.371
2019-12-08 03:30:00,0.0
2019-12-08 04:00:00,3.028888888888889
2019-12-08 04:30:00,3.028888888888889
2019-12-08 05:00:00,3.028888888888889
2019-12-08 05:30:00,3.028888888888889
2019-12-08 06:00:00,3.028888888888889
2019-12-08 06:30:00,3.028888888888889
2019-12-08 07:00:00,3.028888888888889
2019-12-08 07:30:00,3.028888888888889
2019-12-08 08:00:00,3.028888888888889
2019-12-08 08:30:00,0.0
2019-12-08 09:00:00,0.0
2019-12-08 09:30:00,0.0
2019-12-08 10:00:00,0.0
2019-12-08 10:30:00,0.0
2019-12-08 11:00:00,0.0
2019-12-08 11:30:00,0.0
2019-12-08 12:00:00,0.0
2019-12-08 12:30:00,0.0
2019-12-08 13:00:00,0.0
2019-12-08 13:30:00,0.0
2019-12-08 14:00:00,0.0
2019-12-08 14:30:00,0.0
2019-12-08 15:00:00,0.0
2019-12-08 15:30:00,0.0
2019-12-08 16:00:00,0.0
2019-12-08 16:30:00,0.0
2019-12-08 17:00:00,0.0
2019-12-08 17:30:00,0.0
2019-12-08 18:00:00,4.072
2019-12-08 18:30:00,4.072
2019-12-08 19:00:00,0.0
2019-12-08 19:30:00,0.0
2019-12-08 20:00:00,0.0
2019-12-08 20:30:00,3.6885
2019-12-08 21:00:00,3.6885
2019-12-08 21:30:00,10.883590909090909
2019-12-08 22:00:00,7.093590909090909
2019-12-08 22:30:00,7.093590909090909
2019-12-08 23:00:00,7.093590909090909
2019-12-08 23:30:00,7.093590909090909
2019-12-09 00:00:00,10.04670202020202
2019-12-09 00:30:00,6.35820202020202
2019-12-09 01:00:00,6.35820202020202
2019-12-09 01:30:00,6.35820202020202
2019-12-09 02:00:00,6.35820202020202
2019-12-09 02:30:00,6.35820202020202
2019-12-09 03:00:00,2.9531111111111112
2019-12-09 03:30:00,2.9531111111111112
2019-12-09 04:00:00,2.9531111111111112
2019-12-09 04:30:00,0.0
2019-12-09 05:00:00,0.0
2019-12-09 05:30:00,0.0
2019-12-09 06:00:00,0.0
2019-12-09 06:30:00,0.0
2019-12-09 07:00:00,0.0
2019-12-09 07:30:00,0.0
2019-12-09 08:00:00,0.0
2019-12-09 08:30:00,0.0
2019-12-09 09:00:00,0.0
2019-12-09 09:30:00,0.0
2019-12-09 10:00:00,0.0
2019-12-09 10:30:00,0.0
2019-12-09 11:00:00,0.0
2019-12-09 11:30:00,0.0
2019-12-09 12:00:00,0.0
2019-12-09 12:30:00,0.0
2019-12-09 13:00:00,3.9326666666666665
2019-12-09 13:30:00,7.461555555555556
2019-12-09 14:00:00,26.66547222222222
2019-12-09 14:30:00,53.453876817042605
2019-12-09 15:00:00,97.67903177491627
2019-12-09 15:30:00,147.83677108627563
2019-12-09 16:00:00,148.8928282291328
2019-12-09 16:30:00,144.56149489579943
2019-12-09 17:00:00,132.66149489579945
2019-12-09 17:30:00,119.70879489579944
2019-12-09 18:00:00,101.66852267357721
2019-12-09 18:30:00,91.08916076881532
2019-12-09 19:00:00,81.07195441960896
2019-12-09 19:30:00,77.28473299103753
2019-12-09 20:00:00,52.6426996577042
2019-12-09 20:30:00,48.257532991037536
2019-12-09 21:00:00,48.140382991037534
2019-12-09 21:30:00,51.47895441960897
2019-12-09 22:00:00,65.89960820112157
2019-12-09 22:30:00,81.03855105826443
2019-12-09 23:00:00,80.47100380551717
2019-12-09 23:30:00,76.74400380551717
2019-12-10 00:00:00,66.04281667101425
2019-12-10 00:30:00,81.38281667101425
2019-12-10 01:00:00,66.84425038028743
2019-12-10 01:30:00,59.462478951716
2019-12-10 02:00:00,42.92247159240865
2019-12-10 02:30:00,35.061471592408644
2019-12-10 03:00:00,31.114677389510096
2019-12-10 03:30:00,20.45529072284343
2019-12-10 04:00:00,20.45529072284343
2019-12-10 04:30:00,17.116719294272
2019-12-10 05:00:00,20.736719294272
2019-12-10 05:30:00,16.871180832733536
2019-12-10 06:00:00,10.776721062618595
2019-12-10 06:30:00,0.0
2019-12-10 07:00:00,0.0
2019-12-10 07:30:00,0.0
2019-12-10 08:00:00,0.0
2019-12-10 08:30:00,0.0
2019-12-10 09:00:00,0.0
2019-12-10 09:30:00,0.0
2019-12-10 10:00:00,0.0
2019-12-10 10:30:00,0.0
2019-12-10 11:00:00,0.0
2019-12-10 11:30:00,0.0
2019-12-10 12:00:00,0.0
2019-12-10 12:30:00,0.0
2019-12-10 13:00:00,8.328171428571428
2019-12-10 13:30:00,13.808298412698413
2019-12-10 14:00:00,28.927131746031748
2019-12-10 14:30:00,58.86664991645781
2019-12-10 15:00:00,127.18689277360068
2019-12-10 15:30:00,159.68539674185465
2019-12-10 16:00:00,153.7718134085213
2019-12-10 16:30:00,141.31814674185463
2019-12-10 17:00:00,124.41540864661654
2019-12-10 17:30:00,106.61040864661653
2019-12-10 18:00:00,96.48123404344194
2019-12-10 18:30:00,74.39525785296574
2019-12-10 19:00:00,64.49166499582289
2019-12-10 19:30:00,62.28308166248956
2019-12-10 20:00:00,50.83858721804511
2019-12-10 20:30:00,54.54921221804511
2019-12-10 21:00:00,51.49061697994988
2019-12-10 21:30:00,49.84061697994987
2019-12-10 22:00:00,54.01898061631351
2019-12-10 22:30:00,57.211185378218275
2019-12-10 23:00:00,49.91893537821827
2019-12-10 23:30:00,61.898324267107164
2019-12-11 00:00:00,60.91987514430014
2019-12-11 00:30:00,51.810375144300146
2019-12-11 01:00:00,49.41629181096681
2019-12-11 01:30:00,49.41629181096681
2019-12-11 02:00:00,46.16479181096681
2019-12-11 02:30:00,45.72220847763348
2019-12-11 03:00:00,45.72220847763348
2019-12-11 03:30:00,41.543844841269845
2019-12-11 04:00:00,30.44771785714286
2019-12-11 04:30:00,23.079259523809522
2019-12-11 05:00:00,19.630009523809523
2019-12-11 05:30:00,13.544938095238095
2019-12-11 06:00:00,3.4921714285714285
2019-12-11 06:30:00,0.0
2019-12-11 07:00:00,0.0
2019-12-11 07:30:00,0.0
2019-12-11 08:00:00,0.0
2019-12-11 08:30:00,0.0
2019-12-11 09:00:00,0.0
2019-12-11 09:30:00,0.0
2019-12-11 10:00:00,0.0
2019-12-11 10:30:00,0.0
2019-12-11 11:00:00,0.0
2019-12-11 11:30:00,1.6827272727272728
2019-12-11 12:00:00,1.6827272727272728
2019-12-11 12:30:00,1.6827272727272728
2019-12-11 13:00:00,3.0307272727272725
2019-12-11 13:30:00,19.21779545600598
2019-12-11 14:00:00,38.953868156697105
2019-12-11 14:30:00,66.16966541499436
2019-12-11 15:00:00,124.32031598854361
2019-12-11 15:30:00,155.58427422671068
2019-12-11 16:00:00,155.58427422671068
2019-12-11 16:30:00,155.58427422671068
2019-12-11 17:00:00,149.49290409684056
2019-12-11 17:30:00,131.09083743017388
2019-12-11 18:00:00,124.21540885874532
2019-12-11 18:30:00,124.67090885874532
2019-12-11 19:00:00,115.40972631906277
2019-12-11 19:30:00,110.63886268269914
2019-12-11 20:00:00,104.5673927526292
2019-12-11 20:30:00,100.75379275262921
2019-12-11 21:00:00,97.34984037167683
2019-12-11 21:30:00,97.63909311892958
2019-12-11 22:00:00,90.29113323370369
2019-12-11 22:30:00,84.17826339243385
2019-12-11 23:00:00,79.01904511758005
2019-12-11 23:30:00,70.88039160880811
2019-12-12 00:00:00,81.59050925586693
2019-12-12 00:30:00,66.7632316017316
2019-12-12 01:00:00,59.854631601731604
2019-12-12 01:30:00,36.569314285714285
2019-12-12 02:00:00,28.877314285714284
2019-12-12 02:30:00,23.870980952380954
2019-12-12 03:00:00,8.805914285714286
2019-12-12 03:30:00,5.590714285714285
2019-12-12 04:00:00,5.590714285714285
2019-12-12 04:30:00,0.0
2019-12-12 05:00:00,2.764
2019-12-12 05:30:00,9.2212
2019-12-12 06:00:00,9.2212
2019-12-12 06:30:00,9.2212
2019-12-12 07:00:00,6.4572
2019-12-12 07:30:00,6.4572
2019-12-12 08:00:00,0.0
2019-12-12 08:30:00,1.07
2019-12-12 09:00:00,0.0
2019-12-12 09:30:00,0.0
2019-12-12 10:00:00,0.0
2019-12-12 10:30:00,0.0
2019-12-12 11:00:00,0.0
2019-12-12 11:30:00,3.1313333333333335
2019-12-12 12:00:00,3.1313333333333335
2019-12-12 12:30:00,3.1313333333333335
2019-12-12 13:00:00,5.553333333333333
2019-12-12 13:30:00,11.417833333333334
2019-12-12 14:00:00,28.969092424242422
2019-12-12 14:30:00,57.992433694083694
2019-12-12 15:00:00,114.890604556503
2019-12-12 15:30:00,156.77246039641474
2019-12-12 16:00:00,161.5288889678433
2019-12-12 16:30:00,150.6937889678433
2019-12-12 17:00:00,143.81395563450997
2019-12-12 17:30:00,124.2617889678433
2019-12-12 18:00:00,112.23508658689093
2019-12-12 18:30:00,110.34175325355758
2019-12-12 19:00:00,95.11172150752584
2019-12-12 19:30:00,88.17756241661675
2019-12-12 20:00:00,87.5253441626485
2019-12-12 20:30:00,77.1690350717394
2019-12-12 21:00:00,63.58073810204244
2019-12-12 21:30:00,72.16410348665782
2019-12-12 22:00:00,57.04919872475306
2019-12-12 22:30:00,59.75119872475306
2019-12-12 23:00:00,53.18218681999115
2019-12-12 23:30:00,45.35444788441692
2019-12-13 00:00:00,35.4161096491228
2019-12-13 00:30:00,33.224085555555554
2019-12-13 01:00:00,28.95215
2019-12-13 01:30:00,22.8904
2019-12-13 02:00:00,15.1524
2019-12-13 02:30:00,5.595066666666667
2019-12-13 03:00:00,2.9346666666666668
2019-12-13 03:30:00,0.0
2019-12-13 04:00:00,0.0
2019-12-13 04:30:00,0.0
2019-12-13 05:00:00,2.795
2019-12-13 05:30:00,2.795
2019-12-13 06:00:00,2.795
2019-12-13 06:30:00,2.795
2019-12-13 07:00:00,0.0
2019-12-13 07:30:00,0.0
2019-12-13 08:00:00,0.0
2019-12-13 08:30:00,0.0
2019-12-13 09:00:00,0.0
2019-12-13 09:30:00,0.0
2019-12-13 10:00:00,0.0
2019-12-13 10:30:00,0.0
2019-12-13 11:00:00,0.0
2019-12-13 11:30:00,0.0
2019-12-13 12:00:00,3.1203333333333334
2019-12-13 12:30:00,3.1203333333333334
2019-12-13 13:00:00,5.617533333333334
2019-12-13 13:30:00,16.396708333333333
2019-12-13 14:00:00,32.39070452991453
2019-12-13 14:30:00,59.7754247985348
2019-12-13 15:00:00,110.26318039000215
2019-12-13 15:30:00,150.50610031746032
2019-12-13 16:00:00,150.50610031746032
2019-12-13 16:30:00,147.9321003174603
2019-12-13 17:00:00,143.2186003174603
2019-12-13 17:30:00,135.85993365079364
2019-12-13 18:00:00,129.48021936507936
2019-12-13 18:30:00,121.29845746031747
2019-12-13 19:00:00,105.66127015873016
2019-12-13 19:30:00,110.26761626984127
2019-12-13 20:00:00,105.48201626984127
2019-12-13 20:30:00,101.98179832112332
2019-12-13 21:00:00,89.91820344932844
2019-12-13 21:30:00,68.91202075702076
2019-12-13 22:00:00,52.19524852924853
2019-12-13 22:30:00,47.23155789432789
2019-12-13 23:00:00,47.23155789432789
2019-12-13 23:30:00,51.08738142373966
2019-12-14 00:00:00,34.50450567210567
2019-12-14 00:30:00,31.991416783216785
2019-12-14 01:00:00,36.31465011655012
2019-12-14 01:30:00,35.74465011655012
2019-12-14 02:00:00,35.74465011655012
2019-12-14 02:30:00,20.063916783216783
2019-12-14 03:00:00,14.54030909090909
2019-12-14 03:30:00,2.757
2019-12-14 04:00:00,2.757
2019-12-14 04:30:00,2.757
2019-12-14 05:00:00,0.0
2019-12-14 05:30:00,0.0
2019-12-14 06:00:00,6.173347685185186
2019-12-14 06:30:00,6.173347685185186
2019-12-14 07:00:00,6.173347685185186
2019-12-14 07:30:00,6.173347685185186
2019-12-14 08:00:00,6.173347685185186
2019-12-14 08:30:00,6.173347685185186
2019-12-14 09:00:00,0.0
2019-12-14 09:30:00,0.0
2019-12-14 10:00:00,0.0
2019-12-14 10:30:00,0.0
2019-12-14 11:00:00,0.0
2019-12-14 11:30:00,0.0
2019-12-14 12:00:00,0.0
2019-12-14 12:30:00,0.0
2019-12-14 13:00:00,2.5452000000000004
2019-12-14 13:30:00,5.4777000000000005
2019-12-14 14:00:00,5.4777000000000005
2019-12-14 14:30:00,5.4777000000000005
2019-12-14 15:00:00,8.4547
2019-12-14 15:30:00,5.9094999999999995
2019-12-14 16:00:00,9.922833333333333
2019-12-14 16:30:00,16.211333333333332
2019-12-14 17:00:00,19.48347619047619
2019-12-14 17:30:00,16.55097619047619
2019-12-14 18:00:00,16.55097619047619
2019-12-14 18:30:00,10.262476190476189
2019-12-14 19:00:00,6.249142857142857
2019-12-14 19:30:00,6.249142857142857
2019-12-14 20:00:00,9.081642857142857
2019-12-14 20:30:00,2.8325
2019-12-14 21:00:00,2.8325
2019-12-14 21:30:00,2.8325
2019-12-14 22:00:00,6.0628
2019-12-14 22:30:00,6.0628
2019-12-14 23:00:00,6.0628
2019-12-14 23:30:00,6.0628
2019-12-15 00:00:00,6.0628
2019-12-15 00:30:00,0.0
2019-12-15 01:00:00,2.858
2019-12-15 01:30:00,2.858
2019-12-15 02:00:00,9.376666666666667
2019-12-15 02:30:00,6.518666666666667
2019-12-15 03:00:00,6.518666666666667
2019-12-15 03:30:00,0.0
2019-12-15 04:00:00,0.0
2019-12-15 04:30:00,0.0
2019-12-15 05:00:00,0.0
2019-12-15 05:30:00,0.0
2019-12-15 06:00:00,0.0
2019-12-15 06:30:00,0.0
2019-12-15 07:00:00,0.0
2019-12-15 07:30:00,0.0
2019-12-15 08:00:00,0.0
2019-12-15 08:30:00,0.0
2019-12-15 09:00:00,0.0
2019-12-15 09:30:00,0.0
2019-12-15 10:00:00,0.0
2019-12-15 10:30:00,0.0
2019-12-15 11:00:00,0.0
2019-12-15 11:30:00,0.0
2019-12-15 12:00:00,0.0
2019-12-15 12:30:00,0.0
2019-12-15 13:00:00,0.0
2019-12-15 13:30:00,0.0
2019-12-15 14:00:00,0.0
2019-12-15 14:30:00,0.0
2019-12-15 15:00:00,2.998
2019-12-15 15:30:00,2.998
2019-12-15 16:00:00,2.998
2019-12-15 16:30:00,2.998
2019-12-15 17:00:00,2.998
2019-12-15 17:30:00,2.998
2019-12-15 18:00:00,2.998
2019-12-15 18:30:00,7.4093333333333335
2019-12-15 19:00:00,4.411333333333333
2019-12-15 19:30:00,4.411333333333333
2019-12-15 20:00:00,4.411333333333333
2019-12-15 20:30:00,4.411333333333333
2019-12-15 21:00:00,6.771833333333333
2019-12-15 21:30:00,8.459
2019-12-15 22:00:00,15.169
2019-12-15 22:30:00,15.169
2019-12-15 23:00:00,12.808499999999999
2019-12-15 23:30:00,0.0
2019-12-16 00:00:00,0.0
2019-12-16 00:30:00,0.0
2019-12-16 01:00:00,0.0
2019-12-16 01:30:00,0.0
2019-12-16 02:00:00,0.0
2019-12-16 02:30:00,0.0
2019-12-16 03:00:00,0.0
2019-12-16 03:30:00,0.0
2019-12-16 04:00:00,0.0
2019-12-16 04:30:00,5.2045
2019-12-16 05:00:00,5.2045
2019-12-16 05:30:00,5.2045
2019-12-16 06:00:00,5.2045
2019-12-16 06:30:00,0.0
2019-12-16 07:00:00,0.0
2019-12-16 07:30:00,0.0
2019-12-16 08:00:00,0.0
2019-12-16 08:30:00,0.0
2019-12-16 09:00:00,0.0
2019-12-16 09:30:00,0.0
2019-12-16 10:00:00,0.0
2019-12-16 10:30:00,0.0
2019-12-16 11:00:00,0.0
2019-12-16 11:30:00,0.0
2019-12-16 12:00:00,3.0660000000000003
2019-12-16 12:30:00,3.0660000000000003
2019-12-16 13:00:00,7.2724
2019-12-16 13:30:00,12.080185714285715
2019-12-16 14:00:00,30.403167000835424
2019-12-16 14:30:00,66.45552710184552
2019-12-16 15:00:00,102.69619221757775
2019-12-16 15:30:00,149.5675038547366
2019-12-16 16:00:00,149.5675038547366
2019-12-16 16:30:00,148.67581154704428
2019-12-16 17:00:00,147.1035807778135
2019-12-16 17:30:00,141.85784744448017
2019-12-16 18:00:00,141.85784744448017
2019-12-16 18:30:00,130.9800696667024
2019-12-16 19:00:00,119.13624030162305
2019-12-16 19:30:00,112.91029030162304
2019-12-16 20:00:00,123.95627919051194
2019-12-16 20:30:00,113.4355328701656
2019-12-16 21:00:00,115.81278741562015
2019-12-16 21:30:00,121.01366910060185
2019-12-16 22:00:00,93.07410243393518
2019-12-16 22:30:00,97.99768576726851
2019-12-16 23:00:00,102.15028640829415
2019-12-16 23:30:00,92.251213668753
2019-12-17 00:00:00,97.89086072757652
2019-12-17 00:30:00,72.58650985038354
2019-12-17 01:00:00,60.67805772005772
2019-12-17 01:30:00,35.10486984126984
2019-12-17 02:00:00,28.561755555555557
2019-12-17 02:30:00,17.025555555555556
2019-12-17 03:00:00,17.025555555555556
2019-12-17 03:30:00,11.377555555555556
2019-12-17 04:00:00,8.685555555555556
2019-12-17 04:30:00,0.0
2019-12-17 05:00:00,0.0
2019-12-17 05:30:00,0.0
2019-12-17 06:00:00,0.0
2019-12-17 06:30:00,2.7739999999999996
2019-12-17 07:00:00,2.7739999999999996
2019-12-17 07:30:00,2.7739999999999996
2019-12-17 08:00:00,0.0
2019-12-17 08:30:00,0.0
2019-12-17 09:00:00,0.0
2019-12-17 09:30:00,0.0
2019-12-17 10:00:00,0.0
2019-12-17 10:30:00,0.0
2019-12-17 11:00:00,0.0
2019-12-17 11:30:00,0.0
2019-12-17 12:00:00,3.0846666666666667
2019-12-17 12:30:00,3.0846666666666667
2019-12-17 13:00:00,17.373490763157896
2019-12-17 13:30:00,22.22839155680869
2019-12-17 14:00:00,32.27950629754943
2019-12-17 14:30:00,60.82583770205501
2019-12-17 15:00:00,111.48397537863282
2019-12-17 15:30:00,149.86130930696592
2019-12-17 16:00:00,146.46884902918814
2019-12-17 16:30:00,142.82377486252147
2019-12-17 17:00:00,142.7050520847437
2019-12-17 17:30:00,138.0010520847437
2019-12-17 18:00:00,109.90111875141037
2019-12-17 18:30:00,107.40661572561672
2019-12-17 19:00:00,103.43211572561671
2019-12-17 19:30:00,82.31125418715519
2019-12-17 20:00:00,76.08081198513497
2019-12-17 20:30:00,60.39470159552459
2019-12-17 21:00:00,62.92754575136874
2019-12-17 21:30:00,56.46820656618356
2019-12-17 22:00:00,52.403213724303214
2019-12-17 22:30:00,34.28040268336754
2019-12-17 23:00:00,34.28040268336754
2019-12-17 23:30:00,34.28040268336754
2019-12-18 00:00:00,39.11810959771223
2019-12-18 00:30:00,39.05893290598291
2019-12-18 01:00:00,29.444688461538462
2019-12-18 01:30:00,26.450474175824176
2019-12-18 02:00:00,16.318185714285715
2019-12-18 02:30:00,10.458685714285714
2019-12-18 03:00:00,6.452285714285714
2019-12-18 03:30:00,6.452285714285714
2019-12-18 04:00:00,6.452285714285714
2019-12-18 04:30:00,6.452285714285714
2019-12-18 05:00:00,0.0
2019-12-18 05:30:00,2.6235
2019-12-18 06:00:00,2.6235
2019-12-18 06:30:00,2.6235
2019-12-18 07:00:00,2.6235
2019-12-18 07:30:00,0.0
2019-12-18 08:00:00,0.0
2019-12-18 08:30:00,0.0
2019-12-18 09:00:00,0.0
2019-12-18 09:30:00,0.0
2019-12-18 10:00:00,0.0
2019-12-18 10:30:00,0.0
2019-12-18 11:00:00,0.0
2019-12-18 11:30:00,0.0
2019-12-18 12:00:00,0.0
2019-12-18 12:30:00,0.0
2019-12-18 13:00:00,6.993877192982456
2019-12-18 13:30:00,11.79945411605938
2019-12-18 14:00:00,30.15136522717049
2019-12-18 14:30:00,49.21236371201898
2019-12-18 15:00:00,110.98781513592186
2019-12-18 15:30:00,142.02843514525892
2019-12-18 16:00:00,156.43162605434983
2019-12-18 16:30:00,148.11255938768318
2019-12-18 17:00:00,146.3058927210165
2019-12-18 17:30:00,141.7238927210165
2019-12-18 18:00:00,136.97222605434985
2019-12-18 18:30:00,125.85210758393137
2019-12-18 19:00:00,114.7416290125028
2019-12-18 19:30:00,115.3617290125028
2019-12-18 20:00:00,100.98740916013296
2019-12-18 20:30:00,111.11927582679962
2019-12-18 21:00:00,111.71877582679961
2019-12-18 21:30:00,108.13768491770871
2019-12-18 22:00:00,102.63078015580395
2019-12-18 22:30:00,84.97591962948816
2019-12-18 23:00:00,87.1036599628215
2019-12-18 23:30:00,72.42402957066463
2019-12-19 00:00:00,50.45063025396826
2019-12-19 00:30:00,57.41696358730159
2019-12-19 01:00:00,31.937505809523813
2019-12-19 01:30:00,9.890333333333334
2019-12-19 02:00:00,0.0
2019-12-19 02:30:00,0.0
2019-12-19 03:00:00,0.0
2019-12-19 03:30:00,0.0
2019-12-19 04:00:00,0.0
2019-12-19 04:30:00,0.0
2019-12-19 05:00:00,0.0
2019-12-19 05:30:00,0.0
2019-12-19 06:00:00,0.0
2019-12-19 06:30:00,0.0
2019-12-19 07:00:00,0.0
2019-12-19 07:30:00,0.0
2019-12-19 08:00:00,0.0
2019-12-19 08:30:00,0.0
2019-12-19 09:00:00,0.0
2019-12-19 09:30:00,0.0
2019-12-19 10:00:00,0.0
2019-12-19 10:30:00,0.0
2019-12-19 11:00:00,0.0
2019-12-19 11:30:00,0.0
2019-12-19 12:00:00,0.0
2019-12-19 12:30:00,3.0523333333333333
2019-12-19 13:00:00,9.834423558897242
2019-12-19 13:30:00,14.981469013442698
2019-12-19 14:00:00,33.04397670575039
2019-12-19 14:30:00,71.69936170575039
2019-12-19 15:00:00,123.34067236155657
2019-12-19 15:30:00,151.89083665062148
2019-12-19 16:00:00,151.89083665062148
2019-12-19 16:30:00,146.3426080791929
2019-12-19 17:00:00,139.96034141252625
2019-12-19 17:30:00,122.80700807919291
2019-12-19 18:00:00,115.33267474585958
2019-12-19 18:30:00,103.24275807919291
2019-12-19 19:00:00,77.06971341829825
2019-12-19 19:30:00,75.351618180203
2019-12-19 20:00:00,86.46386543295026
2019-12-19 20:30:00,78.87052440730923
2019-12-19 21:00:00,77.68556986185469
2019-12-19 21:30:00,89.73787755416238
2019-12-19 22:00:00,78.36847517321
2019-12-19 22:30:00,83.04912780478895
2019-12-19 23:00:00,87.84796113812229
2019-12-19 23:30:00,99.07135002701116
2019-12-20 00:00:00,93.74076179171705
2019-12-20 00:30:00,87.35095740575214
2019-12-20 01:00:00,62.5727345987346
2019-12-20 01:30:00,50.446901265401266
2019-12-20 02:00:00,37.9699845987346
2019-12-20 02:30:00,23.71722435897436
2019-12-20 03:00:00,18.70922435897436
2019-12-20 03:30:00,12.627557692307693
2019-12-20 04:00:00,6.29725
2019-12-20 04:30:00,0.0
2019-12-20 05:00:00,0.0
2019-12-20 05:30:00,0.0
2019-12-20 06:00:00,0.0
2019-12-20 06:30:00,0.0
2019-12-20 07:00:00,0.0
2019-12-20 07:30:00,0.0
2019-12-20 08:00:00,0.0
2019-12-20 08:30:00,0.0
2019-12-20 09:00:00,0.0
2019-12-20 09:30:00,0.0
2019-12-20 10:00:00,0.0
2019-12-20 10:30:00,0.0
2019-12-20 11:00:00,0.0
2019-12-20 11:30:00,0.0
2019-12-20 12:00:00,0.0
2019-12-20 12:30:00,0.0
2019-12-20 13:00:00,3.1385
2019-12-20 13:30:00,6.503357142857142
2019-12-20 14:00:00,9.300857142857144
2019-12-20 14:30:00,14.649257142857142
2019-12-20 15:00:00,11.510757142857143
2019-12-20 15:30:00,18.87362380952381
2019-12-20 16:00:00,18.87362380952381
2019-12-20 16:30:00,35.3287315018315
2019-12-20 17:00:00,31.35511072261072
2019-12-20 17:30:00,31.41911072261072
2019-12-20 18:00:00,37.57116841491841
2019-12-20 18:30:00,32.69816841491841
2019-12-20 19:00:00,32.69816841491841
2019-12-20 19:30:00,37.55216841491841
2019-12-20 20:00:00,37.55216841491841
2019-12-20 20:30:00,43.167501748251745
2019-12-20 21:00:00,43.167501748251745
2019-12-20 21:30:00,41.037201748251746
2019-12-20 22:00:00,40.207951748251745
2019-12-20 22:30:00,35.46831538461538
2019-12-20 23:00:00,24.196141025641026
2019-12-20 23:30:00,4.138307692307692
2019-12-21 00:00:00,4.138307692307692
2019-12-21 00:30:00,0.0
2019-12-21 01:00:00,0.0
2019-12-21 01:30:00,0.0
2019-12-21 02:00:00,0.0
2019-12-21 02:30:00,0.0
2019-12-21 03:00:00,0.0
2019-12-21 03:30:00,0.0
2019-12-21 04:00:00,0.0
2019-12-21 04:30:00,0.0
2019-12-21 05:00:00,0.0
2019-12-21 05:30:00,0.0
2019-12-21 06:00:00,0.0
2019-12-21 06:30:00,0.0
2019-12-21 07:00:00,0.0
2019-12-21 07:30:00,0.0
2019-12-21 08:00:00,0.0
2019-12-21 08:30:00,0.0
2019-12-21 09:00:00,0.0
2019-12-21 09:30:00,0.0
2019-12-21 10:00:00,0.0
2019-12-21 10:30:00,0.0
2019-12-21 11:00:00,0.0
2019-12-21 11:30:00,0.0
2019-12-21 12:00:00,0.0
2019-12-21 12:30:00,6.424363636363637
2019-12-21 13:00:00,6.424363636363637
2019-12-21 13:30:00,6.424363636363637
2019-12-21 14:00:00,6.424363636363637
2019-12-21 14:30:00,6.424363636363637
2019-12-21 15:00:00,6.424363636363637
2019-12-21 15:30:00,6.424363636363637
2019-12-21 16:00:00,7.9123636363636365
2019-12-21 16:30:00,6.424363636363637
2019-12-21 17:00:00,6.424363636363637
2019-12-21 17:30:00,6.424363636363637
2019-12-21 18:00:00,0.0
2019-12-21 18:30:00,0.0
2019-12-21 19:00:00,6.488
2019-12-21 19:30:00,6.488
2019-12-21 20:00:00,9.4625
2019-12-21 20:30:00,9.4625
2019-12-21 21:00:00,9.4625
2019-12-21 21:30:00,9.4625
2019-12-21 22:00:00,6.488
2019-12-21 22:30:00,6.488
2019-12-21 23:00:00,0.0
2019-12-21 23:30:00,0.0
2019-12-22 00:00:00,0.0
2019-12-22 00:30:00,0.0
2019-12-22 01:00:00,0.0
2019-12-22 01:30:00,0.0
2019-12-22 02:00:00,0.0
2019-12-22 02:30:00,0.0
2019-12-22 03:00:00,0.0
2019-12-22 03:30:00,0.0
2019-12-22 04:00:00,0.0
2019-12-22 04:30:00,0.0
2019-12-22 05:00:00,0.0
2019-12-22 05:30:00,0.0
2019-12-22 06:00:00,0.0
2019-12-22 06:30:00,0.0
2019-12-22 07:00:00,0.0
2019-12-22 07:30:00,0.0
2019-12-22 08:00:00,0.0
2019-12-22 08:30:00,0.0
2019-12-22 09:00:00,0.0
2019-12-22 09:30:00,0.0
2019-12-22 10:00:00,0.0
2019-12-22 10:30:00,0.0
2019-12-22 11:00:00,0.0
2019-12-22 11:30:00,0.0
2019-12-22 12:00:00,0.0
2019-12-22 12:30:00,0.0
2019-12-22 13:00:00,0.0
2019-12-22 13:30:00,0.0
2019-12-22 14:00:00,0.0
2019-12-22 14:30:00,0.0
2019-12-22 15:00:00,0.0
2019-12-22 15:30:00,0.0
2019-12-22 16:00:00,0.0
2019-12-22 16:30:00,0.0
2019-12-22 17:00:00,0.0
2019-12-22 17:30:00,0.0
2019-12-22 18:00:00,0.0
2019-12-22 18:30:00,0.0
2019-12-22 19:00:00,0.0
2019-12-22 19:30:00,0.0
2019-12-22 20:00:00,0.0
2019-12-22 20:30:00,0.0
2019-12-22 21:00:00,0.0
2019-12-22 21:30:00,0.0
2019-12-22 22:00:00,0.0
2019-12-22 22:30:00,0.0
2019-12-22 23:00:00,0.0
2019-12-22 23:30:00,0.0
2019-12-23 00:00:00,0.0
2019-12-23 00:30:00,0.0
2019-12-23 01:00:00,0.0
2019-12-23 01:30:00,0.0
2019-12-23 02:00:00,0.0
2019-12-23 02:30:00,0.0
2019-12-23 03:00:00,0.0
2019-12-23 03:30:00,0.0
2019-12-23 04:00:00,0.0
2019-12-23 04:30:00,0.0
2019-12-23 05:00:00,0.0
2019-12-23 05:30:00,0.0
2019-12-23 06:00:00,0.0
2019-12-23 06:30:00,0.0
2019-12-23 07:00:00,0.0
2019-12-23 07:30:00,0.0
2019-12-23 08:00:00,0.0
2019-12-23 08:30:00,0.0
2019-12-23 09:00:00,0.0
2019-12-23 09:30:00,0.0
2019-12-23 10:00:00,0.0
2019-12-23 10:30:00,0.0
2019-12-23 11:00:00,0.0
2019-12-23 11:30:00,0.0
2019-12-23 12:00:00,0.0
2019-12-23 12:30:00,5.253152810457516
2019-12-23 13:00:00,5.253152810457516
2019-12-23 13:30:00,12.221652810457517
2019-12-23 14:00:00,17.342220737807942
2019-12-23 14:30:00,45.148856262838464
2019-12-23 15:00:00,83.00173370600073
2019-12-23 15:30:00,127.6948175690675
2019-12-23 16:00:00,152.096498561131
2019-12-23 16:30:00,154.04406998970242
2019-12-23 17:00:00,152.20756998970242
2019-12-23 17:30:00,150.55196983097227
2019-12-23 18:00:00,141.97385443414686
2019-12-23 18:30:00,138.99710443414688
2019-12-23 19:00:00,120.9396234817659
2019-12-23 19:30:00,115.87530602144845
2019-12-23 20:00:00,93.8066393547818
2019-12-23 20:30:00,99.69351248442992
2019-12-23 21:00:00,74.58042202772975
2019-12-23 21:30:00,66.08429536106308
2019-12-23 22:00:00,66.08429536106308
2019-12-23 22:30:00,81.81752393249165
2019-12-23 23:00:00,81.26933345630118
2019-12-23 23:30:00,73.6601543479912
2019-12-24 00:00:00,59.81979720513405
2019-12-24 00:30:00,46.211805977063875
2019-12-24 01:00:00,28.771467965367965
2019-12-24 01:30:00,18.5140012987013
2019-12-24 02:00:00,0.0
2019-12-24 02:30:00,0.0
2019-12-24 03:00:00,0.0
2019-12-24 03:30:00,0.0
2019-12-24 04:00:00,0.0
2019-12-24 04:30:00,0.0
2019-12-24 05:00:00,0.0
2019-12-24 05:30:00,0.0
2019-12-24 06:00:00,0.0
2019-12-24 06:30:00,0.0
2019-12-24 07:00:00,0.0
2019-12-24 07:30:00,0.0
2019-12-24 08:00:00,0.0
2019-12-24 08:30:00,0.0
2019-12-24 09:00:00,0.0
2019-12-24 09:30:00,0.0
2019-12-24 10:00:00,0.0
2019-12-24 10:30:00,0.0
2019-12-24 11:00:00,0.0
2019-12-24 11:30:00,0.0
2019-12-24 12:00:00,0.0
2019-12-24 12:30:00,1.674
2019-12-24 13:00:00,5.393
2019-12-24 13:30:00,16.277444444444445
2019-12-24 14:00:00,19.12715873015873
2019-12-24 14:30:00,36.38840873015873
2019-12-24 15:00:00,62.18449719169719
2019-12-24 15:30:00,112.11925433455433
2019-12-24 16:00:00,118.19660498390498
2019-12-24 16:30:00,109.49822403152403
2019-12-24 17:00:00,125.9378906981907
2019-12-24 17:30:00,121.5265653013653
2019-12-24 18:00:00,100.5400541902542
2019-12-24 18:30:00,95.21443752358752
2019-12-24 19:00:00,75.60983038073039
2019-12-24 19:30:00,57.958449428349425
2019-12-24 20:00:00,30.001697047397048
2019-12-24 20:30:00,26.970197047397047
2019-12-24 21:00:00,15.403897047397049
2019-12-24 21:30:00,18.183222222222224
2019-12-24 22:00:00,15.025666666666666
2019-12-24 22:30:00,19.241666666666667
2019-12-24 23:00:00,8.907833333333333
2019-12-24 23:30:00,0.0
2019-12-25 00:00:00,0.0
2019-12-25 00:30:00,0.0
2019-12-25 01:00:00,0.0
2019-12-25 01:30:00,0.0
2019-12-25 02:00:00,0.0
2019-12-25 02:30:00,0.0
2019-12-25 03:00:00,0.0
2019-12-25 03:30:00,0.0
2019-12-25 04:00:00,0.0
2019-12-25 04:30:00,0.0
2019-12-25 05:00:00,0.0
2019-12-25 05:30:00,0.0
2019-12-25 06:00:00,0.0
2019-12-25 06:30:00,0.0
2019-12-25 07:00:00,0.0
2019-12-25 07:30:00,0.0
2019-12-25 08:00:00,0.0
2019-12-25 08:30:00,0.0
2019-12-25 09:00:00,0.0
2019-12-25 09:30:00,0.0
2019-12-25 10:00:00,0.0
2019-12-25 10:30:00,0.0
2019-12-25 11:00:00,0.0
2019-12-25 11:30:00,0.0
2019-12-25 12:00:00,0.0
2019-12-25 12:30:00,0.0
2019-12-25 13:00:00,0.0
2019-12-25 13:30:00,0.0
2019-12-25 14:00:00,0.0
2019-12-25 14:30:00,0.0
2019-12-25 15:00:00,0.0
2019-12-25 15:30:00,0.0
2019-12-25 16:00:00,0.0
2019-12-25 16:30:00,0.0
2019-12-25 17:00:00,0.0
2019-12-25 17:30:00,0.0
2019-12-25 18:00:00,0.0
2019-12-25 18:30:00,0.0
2019-12-25 19:00:00,0.0
2019-12-25 19:30:00,0.0
2019-12-25 20:00:00,0.0
2019-12-25 20:30:00,0.0
2019-12-25 21:00:00,0.0
2019-12-25 21:30:00,0.0
2019-12-25 22:00:00,0.0
2019-12-25 22:30:00,0.0
2019-12-25 23:00:00,0.0
2019-12-25 23:30:00,0.0
2019-12-26 00:00:00,0.0
2019-12-26 00:30:00,0.0
2019-12-26 01:00:00,0.0
2019-12-26 01:30:00,0.0
2019-12-26 02:00:00,0.0
2019-12-26 02:30:00,0.0
2019-12-26 03:00:00,0.0
2019-12-26 03:30:00,0.0
2019-12-26 04:00:00,0.0
2019-12-26 04:30:00,0.0
2019-12-26 05:00:00,0.0
2019-12-26 05:30:00,0.0
2019-12-26 06:00:00,0.0
2019-12-26 06:30:00,0.0
2019-12-26 07:00:00,0.0
2019-12-26 07:30:00,0.0
2019-12-26 08:00:00,0.0
2019-12-26 08:30:00,0.0
2019-12-26 09:00:00,0.0
2019-12-26 09:30:00,0.0
2019-12-26 10:00:00,0.0
2019-12-26 10:30:00,0.0
2019-12-26 11:00:00,0.0
2019-12-26 11:30:00,0.0
2019-12-26 12:00:00,0.0
2019-12-26 12:30:00,6.515666666666667
2019-12-26 13:00:00,6.515666666666667
2019-12-26 13:30:00,6.515666666666667
2019-12-26 14:00:00,6.515666666666667
2019-12-26 14:30:00,6.515666666666667
2019-12-26 15:00:00,8.045333333333334
2019-12-26 15:30:00,1.5296666666666667
2019-12-26 16:00:00,1.5296666666666667
2019-12-26 16:30:00,1.5296666666666667
2019-12-26 17:00:00,1.5296666666666667
2019-12-26 17:30:00,1.5296666666666667
2019-12-26 18:00:00,0.0
2019-12-26 18:30:00,0.0
2019-12-26 19:00:00,5.578
2019-12-26 19:30:00,11.8145
2019-12-26 20:00:00,11.8145
2019-12-26 20:30:00,11.8145
2019-12-26 21:00:00,6.2365
2019-12-26 21:30:00,0.0
2019-12-26 22:00:00,0.0
2019-12-26 22:30:00,0.0
2019-12-26 23:00:00,0.0
2019-12-26 23:30:00,0.0
2019-12-27 00:00:00,0.0
2019-12-27 00:30:00,0.0
2019-12-27 01:00:00,0.0
2019-12-27 01:30:00,0.0
2019-12-27 02:00:00,0.0
2019-12-27 02:30:00,0.0
2019-12-27 03:00:00,0.0
2019-12-27 03:30:00,0.0
2019-12-27 04:00:00,0.0
2019-12-27 04:30:00,0.0
2019-12-27 05:00:00,0.0
2019-12-27 05:30:00,0.0
2019-12-27 06:00:00,0.0
2019-12-27 06:30:00,0.0
2019-12-27 07:00:00,0.0
2019-12-27 07:30:00,0.0
2019-12-27 08:00:00,0.0
2019-12-27 08:30:00,0.0
2019-12-27 09:00:00,0.0
2019-12-27 09:30:00,0.0
2019-12-27 10:00:00,0.0
2019-12-27 10:30:00,0.0
2019-12-27 11:00:00,0.0
2019-12-27 11:30:00,0.0
2019-12-27 12:00:00,0.0
2019-12-27 12:30:00,0.0
2019-12-27 13:00:00,0.0
2019-12-27 13:30:00,8.946925
2019-12-27 14:00:00,11.995078846153845
2019-12-27 14:30:00,38.00809868742368
2019-12-27 15:00:00,63.74576049881491
2019-12-27 15:30:00,85.91587716548158
2019-12-27 16:00:00,95.51262716548158
2019-12-27 16:30:00,102.10579207776227
2019-12-27 17:00:00,112.06805874442894
2019-12-27 17:30:00,131.41999525236545
2019-12-27 18:00:00,120.11835715712735
2019-12-27 18:30:00,102.59883096665116
2019-12-27 19:00:00,100.19277541109561
2019-12-27 19:30:00,82.67528652220672
2019-12-27 20:00:00,63.76906985554005
2019-12-27 20:30:00,60.85443505700526
2019-12-27 21:00:00,49.99788743795764
2019-12-27 21:30:00,40.43895291414811
2019-12-27 22:00:00,46.392064025259224
2019-12-27 22:30:00,42.80206402525923
2019-12-27 23:00:00,43.10979735859256
2019-12-27 23:30:00,25.244939515455304
2019-12-28 00:00:00,11.076231578947368
2019-12-28 00:30:00,11.076231578947368
2019-12-28 01:00:00,11.076231578947368
2019-12-28 01:30:00,4.852631578947369
2019-12-28 02:00:00,3.008
2019-12-28 02:30:00,0.0
2019-12-28 03:00:00,0.0
2019-12-28 03:30:00,0.0
2019-12-28 04:00:00,0.0
2019-12-28 04:30:00,0.0
2019-12-28 05:00:00,0.0
2019-12-28 05:30:00,0.0
2019-12-28 06:00:00,0.0
2019-12-28 06:30:00,0.0
2019-12-28 07:00:00,0.0
2019-12-28 07:30:00,0.0
2019-12-28 08:00:00,0.0
2019-12-28 08:30:00,0.0
2019-12-28 09:00:00,0.0
2019-12-28 09:30:00,0.0
2019-12-28 10:00:00,0.0
2019-12-28 10:30:00,0.0
2019-12-28 11:00:00,0.0
2019-12-28 11:30:00,0.0
2019-12-28 12:00:00,0.0
2019-12-28 12:30:00,0.0
2019-12-28 13:00:00,0.0
2019-12-28 13:30:00,0.0
2019-12-28 14:00:00,0.0
2019-12-28 14:30:00,0.0
2019-12-28 15:00:00,0.0
2019-12-28 15:30:00,3.14025
2019-12-28 16:00:00,3.14025
2019-12-28 16:30:00,8.94975
2019-12-28 17:00:00,15.38575
2019-12-28 17:30:00,15.38575
2019-12-28 18:00:00,15.38575
2019-12-28 18:30:00,15.38575
2019-12-28 19:00:00,8.94975
2019-12-28 19:30:00,5.8095
2019-12-28 20:00:00,5.8095
2019-12-28 20:30:00,5.8095
2019-12-28 21:00:00,5.8095
2019-12-28 21:30:00,5.8095
2019-12-28 22:00:00,5.8095
2019-12-28 22:30:00,0.0
2019-12-28 23:00:00,0.0
2019-12-28 23:30:00,0.0
2019-12-29 00:00:00,0.0
2019-12-29 00:30:00,6.271333333333334
2019-12-29 01:00:00,6.271333333333334
2019-12-29 01:30:00,12.981333333333334
2019-12-29 02:00:00,6.71
2019-12-29 02:30:00,6.71
2019-12-29 03:00:00,6.71
2019-12-29 03:30:00,0.0
2019-12-29 04:00:00,0.0
2019-12-29 04:30:00,0.0
2019-12-29 05:00:00,0.0
2019-12-29 05:30:00,0.0
2019-12-29 06:00:00,0.0
2019-12-29 06:30:00,0.0
2019-12-29 07:00:00,0.0
2019-12-29 07:30:00,0.0
2019-12-29 08:00:00,0.0
2019-12-29 08:30:00,0.0
2019-12-29 09:00:00,0.0
2019-12-29 09:30:00,0.0
2019-12-29 10:00:00,0.0
2019-12-29 10:30:00,0.0
2019-12-29 11:00:00,0.0
2019-12-29 11:30:00,0.0
2019-12-29 12:00:00,0.0
2019-12-29 12:30:00,0.0
2019-12-29 13:00:00,0.0
2019-12-29 13:30:00,0.0
2019-12-29 14:00:00,0.0
2019-12-29 14:30:00,0.0
2019-12-29 15:00:00,0.0
2019-12-29 15:30:00,0.0
2019-12-29 16:00:00,0.0
2019-12-29 16:30:00,0.0
2019-12-29 17:00:00,0.0
2019-12-29 17:30:00,0.0
2019-12-29 18:00:00,0.0
2019-12-29 18:30:00,0.0
2019-12-29 19:00:00,0.0
2019-12-29 19:30:00,0.0
2019-12-29 20:00:00,0.0
2019-12-29 20:30:00,0.0
2019-12-29 21:00:00,0.0
2019-12-29 21:30:00,0.0
2019-12-29 22:00:00,0.0
2019-12-29 22:30:00,0.0
2019-12-29 23:00:00,0.0
2019-12-29 23:30:00,6.2625
2019-12-30 00:00:00,6.2625
2019-12-30 00:30:00,6.2625
2019-12-30 01:00:00,6.2625
2019-12-30 01:30:00,0.0
2019-12-30 02:00:00,0.0
2019-12-30 02:30:00,0.0
2019-12-30 03:00:00,0.0
2019-12-30 03:30:00,0.0
2019-12-30 04:00:00,0.0
2019-12-30 04:30:00,0.0
2019-12-30 05:00:00,0.0
2019-12-30 05:30:00,0.0
2019-12-30 06:00:00,0.0
2019-12-30 06:30:00,0.0
2019-12-30 07:00:00,0.0
2019-12-30 07:30:00,0.0
2019-12-30 08:00:00,0.0
2019-12-30 08:30:00,0.0
2019-12-30 09:00:00,0.0
2019-12-30 09:30:00,0.0
2019-12-30 10:00:00,0.0
2019-12-30 10:30:00,0.0
2019-12-30 11:00:00,0.0
2019-12-30 11:30:00,0.0
2019-12-30 12:00:00,0.0
2019-12-30 12:30:00,0.0
2019-12-30 13:00:00,0.0
2019-12-30 13:30:00,14.442380952380953
2019-12-30 14:00:00,27.972257875457874
2019-12-30 14:30:00,40.393519413919414
2019-12-30 15:00:00,70.33170664335664
2019-12-30 15:30:00,132.63067768146885
2019-12-30 16:00:00,144.42691657035775
2019-12-30 16:30:00,153.92649992882934
2019-12-30 17:00:00,149.30223326216267
2019-12-30 17:30:00,150.33023326216266
2019-12-30 18:00:00,136.102366595496
2019-12-30 18:30:00,116.73191421454362
2019-12-30 19:00:00,125.91393008755949
2019-12-30 19:30:00,101.9537300875595
2019-12-30 20:00:00,93.40627453200395
2019-12-30 20:30:00,94.59024291917234
2019-12-30 21:00:00,93.97754148172089
2019-12-30 21:30:00,109.87152243410185
2019-12-30 22:00:00,115.68085576743519
2019-12-30 22:30:00,108.0010652912447
2019-12-30 23:00:00,93.64936657329599
2019-12-30 23:30:00,81.66225546218487
2019-12-31 00:00:00,67.40738781512604
2019-12-31 00:30:00,47.396721148459385
2019-12-31 01:00:00,22.6351
2019-12-31 01:30:00,16.3507
2019-12-31 02:00:00,15.2906
2019-12-31 02:30:00,8.812
2019-12-31 03:00:00,0.0
2019-12-31 03:30:00,0.0
2019-12-31 04:00:00,5.4196
2019-12-31 04:30:00,5.4196
2019-12-31 05:00:00,5.4196
2019-12-31 05:30:00,5.4196
2019-12-31 06:00:00,5.4196
2019-12-31 06:30:00,0.0
2019-12-31 07:00:00,0.0
2019-12-31 07:30:00,0.0
2019-12-31 08:00:00,0.0
2019-12-31 08:30:00,0.0
2019-12-31 09:00:00,0.0
2019-12-31 09:30:00,0.0
2019-12-31 10:00:00,0.0
2019-12-31 10:30:00,0.0
2019-12-31 11:00:00,0.0
2019-12-31 11:30:00,0.0
2019-12-31 12:00:00,0.0
2019-12-31 12:30:00,0.0
2019-12-31 13:00:00,0.0
2019-12-31 13:30:00,7.716999999999999
2019-12-31 14:00:00,18.8237
2019-12-31 14:30:00,38.68631111111111
2019-12-31 15:00:00,59.5709857031857
2019-12-31 15:30:00,78.38033570318571
2019-12-31 16:00:00,80.3485857031857
2019-12-31 16:30:00,91.40892141747142
2019-12-31 17:00:00,107.58720713175713
2019-12-31 17:30:00,114.47690713175713
2019-12-31 18:00:00,106.00770713175713
2019-12-31 18:30:00,101.85742141747141
2019-12-31 19:00:00,90.53253252858252
2019-12-31 19:30:00,80.56608252858253
2019-12-31 20:00:00,75.71264681429682
2019-12-31 20:30:00,50.3813452991453
2019-12-31 21:00:00,55.9003452991453
2019-12-31 21:30:00,56.932088888888885
2019-12-31 22:00:00,48.213407936507934
2019-12-31 22:30:00,39.514474603174605
2019-12-31 23:00:00,22.16880793650794
2019-12-31 23:30:00,12.257585714285714
2020-01-01 00:00:00,9.195466666666668
2020-01-01 00:30:00,9.195466666666668
2020-01-01 01:00:00,8.726666666666667
2020-01-01 01:30:00,2.74
2020-01-01 02:00:00,2.74
2020-01-01 02:30:00,2.74
2020-01-01 03:00:00,0.0
2020-01-01 03:30:00,0.0
2020-01-01 04:00:00,0.0
2020-01-01 04:30:00,0.0
2020-01-01 05:00:00,0.0
2020-01-01 05:30:00,0.0
2020-01-01 06:00:00,0.0
2020-01-01 06:30:00,0.0
2020-01-01 07:00:00,0.0
2020-01-01 07:30:00,0.0
2020-01-01 08:00:00,0.0
2020-01-01 08:30:00,0.0
2020-01-01 09:00:00,0.0
2020-01-01 09:30:00,0.0
2020-01-01 10:00:00,0.0
2020-01-01 10:30:00,0.0
2020-01-01 11:00:00,0.0
2020-01-01 11:30:00,0.0
2020-01-01 12:00:00,0.0
2020-01-01 12:30:00,0.0
2020-01-01 13:00:00,0.0
2020-01-01 13:30:00,0.0
2020-01-01 14:00:00,0.0
2020-01-01 14:30:00,0.0
2020-01-01 15:00:00,0.0
2020-01-01 15:30:00,0.0
2020-01-01 16:00:00,0.0
2020-01-01 16:30:00,0.0
2020-01-01 17:00:00,0.0
2020-01-01 17:30:00,0.0
2020-01-01 18:00:00,0.0
2020-01-01 18:30:00,0.0
2020-01-01 19:00:00,0.0
2020-01-01 19:30:00,0.0
2020-01-01 20:00:00,5.6896
2020-01-01 20:30:00,5.6896
2020-01-01 21:00:00,5.6896
2020-01-01 21:30:00,5.6896
2020-01-01 22:00:00,5.6896
2020-01-01 22:30:00,0.0
2020-01-01 23:00:00,0.0
2020-01-01 23:30:00,0.0
2020-01-02 00:00:00,0.0
2020-01-02 00:30:00,0.0
2020-01-02 01:00:00,0.0
2020-01-02 01:30:00,0.0
2020-01-02 02:00:00,0.0
2020-01-02 02:30:00,0.0
2020-01-02 03:00:00,0.0
2020-01-02 03:30:00,0.0
2020-01-02 04:00:00,0.0
2020-01-02 04:30:00,0.0
2020-01-02 05:00:00,0.0
2020-01-02 05:30:00,0.0
2020-01-02 06:00:00,0.0
2020-01-02 06:30:00,0.0
2020-01-02 07:00:00,0.0
2020-01-02 07:30:00,0.0
2020-01-02 08:00:00,0.0
2020-01-02 08:30:00,0.0
2020-01-02 09:00:00,0.0
2020-01-02 09:30:00,0.0
2020-01-02 10:00:00,0.0
2020-01-02 10:30:00,0.0
2020-01-02 11:00:00,0.0
2020-01-02 11:30:00,0.0
2020-01-02 12:00:00,0.0
2020-01-02 12:30:00,0.0
2020-01-02 13:00:00,5.559111111111111
2020-01-02 13:30:00,10.650957264957265
2020-01-02 14:00:00,23.982367365967367
2020-01-02 14:30:00,39.23986736596736
2020-01-02 15:00:00,43.0005626040626
2020-01-02 15:30:00,87.22693066051596
2020-01-02 16:00:00,94.60493066051596
2020-01-02 16:30:00,131.67297510496041
2020-01-02 17:00:00,138.43902272400803
2020-01-02 17:30:00,126.62604494623024
2020-01-02 18:00:00,122.19737827956358
2020-01-02 18:30:00,110.34310605734134
2020-01-02 19:00:00,126.71055843829373
2020-01-02 19:30:00,104.1147251049604
2020-01-02 20:00:00,98.7481456177809
2020-01-02 20:30:00,78.38753133206663
2020-01-02 21:00:00,70.79258688762218
2020-01-02 21:30:00,61.83758688762218
2020-01-02 22:00:00,57.13835062388592
2020-01-02 22:30:00,35.58785062388592
2020-01-02 23:00:00,46.77301729055259
2020-01-02 23:30:00,39.98256729055259
2020-01-03 00:00:00,34.11503787878788
2020-01-03 00:30:00,35.694871212121214
2020-01-03 01:00:00,25.239916666666666
2020-01-03 01:30:00,25.239916666666666
2020-01-03 02:00:00,24.842916666666667
2020-01-03 02:30:00,3.758166666666667
2020-01-03 03:00:00,2.6075
2020-01-03 03:30:00,2.6075
2020-01-03 04:00:00,0.0
2020-01-03 04:30:00,0.0
2020-01-03 05:00:00,0.0
2020-01-03 05:30:00,0.0
2020-01-03 06:00:00,0.0
2020-01-03 06:30:00,0.0
2020-01-03 07:00:00,0.0
2020-01-03 07:30:00,0.0
2020-01-03 08:00:00,0.0
2020-01-03 08:30:00,0.0
2020-01-03 09:00:00,0.0
2020-01-03 09:30:00,0.0
2020-01-03 10:00:00,0.0
2020-01-03 10:30:00,0.0
2020-01-03 11:00:00,0.0
2020-01-03 11:30:00,0.0
2020-01-03 12:00:00,0.0
2020-01-03 12:30:00,0.0
2020-01-03 13:00:00,0.0
2020-01-03 13:30:00,0.0
2020-01-03 14:00:00,0.0
2020-01-03 14:30:00,3.0805
2020-01-03 15:00:00,3.0805
2020-01-03 15:30:00,3.0805
2020-01-03 16:00:00,8.8525
2020-01-03 16:30:00,9.158
2020-01-03 17:00:00,14.616
2020-01-03 17:30:00,18.5524
2020-01-03 18:00:00,18.77465
2020-01-03 18:30:00,13.00265
2020-01-03 19:00:00,18.03865
2020-01-03 19:30:00,18.03865
2020-01-03 20:00:00,17.615392857142858
2020-01-03 20:30:00,17.615392857142858
2020-01-03 21:00:00,17.615392857142858
2020-01-03 21:30:00,20.516059523809524
2020-01-03 22:00:00,19.67180952380952
2020-01-03 22:30:00,19.67180952380952
2020-01-03 23:00:00,16.771142857142856
2020-01-03 23:30:00,11.137142857142855
2020-01-04 00:00:00,6.1011428571428565
2020-01-04 00:30:00,8.770642857142857
2020-01-04 01:00:00,8.770642857142857
2020-01-04 01:30:00,8.770642857142857
2020-01-04 02:00:00,8.770642857142857
2020-01-04 02:30:00,6.1011428571428565
2020-01-04 03:00:00,0.0
2020-01-04 03:30:00,0.0
2020-01-04 04:00:00,0.0
2020-01-04 04:30:00,0.0
2020-01-04 05:00:00,0.0
2020-01-04 05:30:00,0.0
2020-01-04 06:00:00,0.0
2020-01-04 06:30:00,0.0
2020-01-04 07:00:00,0.0
2020-01-04 07:30:00,0.0
2020-01-04 08:00:00,0.0
2020-01-04 08:30:00,0.0
2020-01-04 09:00:00,0.0
2020-01-04 09:30:00,0.0
2020-01-04 10:00:00,0.0
2020-01-04 10:30:00,0.0
2020-01-04 11:00:00,0.0
2020-01-04 11:30:00,0.0
2020-01-04 12:00:00,0.0
2020-01-04 12:30:00,0.0
2020-01-04 13:00:00,0.0
2020-01-04 13:30:00,0.0
2020-01-04 14:00:00,0.0
2020-01-04 14:30:00,0.0
2020-01-04 15:00:00,3.094
2020-01-04 15:30:00,3.094
2020-01-04 16:00:00,3.094
2020-01-04 16:30:00,3.094
2020-01-04 17:00:00,0.0
2020-01-04 17:30:00,0.0
2020-01-04 18:00:00,0.0
2020-01-04 18:30:00,0.0
2020-01-04 19:00:00,0.0
2020-01-04 19:30:00,0.0
2020-01-04 20:00:00,0.0
2020-01-04 20:30:00,2.7975
2020-01-04 21:00:00,2.7975
2020-01-04 21:30:00,2.7975
2020-01-04 22:00:00,2.7975
2020-01-04 22:30:00,0.0
2020-01-04 23:00:00,0.0
2020-01-04 23:30:00,0.0
2020-01-05 00:00:00,0.0
2020-01-05 00:30:00,0.0
2020-01-05 01:00:00,0.0
2020-01-05 01:30:00,0.0
2020-01-05 02:00:00,0.0
2020-01-05 02:30:00,0.0
2020-01-05 03:00:00,0.0
2020-01-05 03:30:00,0.0
2020-01-05 04:00:00,0.0
2020-01-05 04:30:00,0.0
2020-01-05 05:00:00,0.0
2020-01-05 05:30:00,0.0
2020-01-05 06:00:00,0.0
2020-01-05 06:30:00,0.0
2020-01-05 07:00:00,0.0
2020-01-05 07:30:00,0.0
2020-01-05 08:00:00,0.0
2020-01-05 08:30:00,0.0
2020-01-05 09:00:00,0.0
2020-01-05 09:30:00,0.0
2020-01-05 10:00:00,0.0
2020-01-05 10:30:00,0.0
2020-01-05 11:00:00,0.0
2020-01-05 11:30:00,0.0
2020-01-05 12:00:00,0.0
2020-01-05 12:30:00,0.0
2020-01-05 13:00:00,0.0
2020-01-05 13:30:00,0.0
2020-01-05 14:00:00,0.0
2020-01-05 14:30:00,0.0
2020-01-05 15:00:00,0.0
2020-01-05 15:30:00,1.006
2020-01-05 16:00:00,2.494
2020-01-05 16:30:00,0.0
2020-01-05 17:00:00,0.0
2020-01-05 17:30:00,0.0
2020-01-05 18:00:00,0.0
2020-01-05 18:30:00,0.0
2020-01-05 19:00:00,0.0
2020-01-05 19:30:00,0.0
2020-01-05 20:00:00,6.01
2020-01-05 20:30:00,6.01
2020-01-05 21:00:00,11.847999999999999
2020-01-05 21:30:00,11.847999999999999
2020-01-05 22:00:00,5.838
2020-01-05 22:30:00,5.838
2020-01-05 23:00:00,5.838
2020-01-05 23:30:00,5.838
2020-01-06 00:00:00,6.715714285714285
2020-01-06 00:30:00,6.715714285714285
2020-01-06 01:00:00,6.715714285714285
2020-01-06 01:30:00,6.715714285714285
2020-01-06 02:00:00,6.715714285714285
2020-01-06 02:30:00,6.715714285714285
2020-01-06 03:00:00,6.715714285714285
2020-01-06 03:30:00,0.0
2020-01-06 04:00:00,0.0
2020-01-06 04:30:00,0.0
2020-01-06 05:00:00,0.0
2020-01-06 05:30:00,0.0
2020-01-06 06:00:00,0.0
2020-01-06 06:30:00,0.0
2020-01-06 07:00:00,0.0
2020-01-06 07:30:00,0.0
2020-01-06 08:00:00,0.0
2020-01-06 08:30:00,0.0
2020-01-06 09:00:00,0.0
2020-01-06 09:30:00,0.0
2020-01-06 10:00:00,0.0
2020-01-06 10:30:00,0.0
2020-01-06 11:00:00,0.0
2020-01-06 11:30:00,0.0
2020-01-06 12:00:00,0.0
2020-01-06 12:30:00,4.146636363636364
2020-01-06 13:00:00,12.241819696969696
2020-01-06 13:30:00,21.549858199643495
2020-01-06 14:00:00,50.98888301167357
2020-01-06 14:30:00,92.75255710130942
2020-01-06 15:00:00,141.54786038201564
2020-01-06 15:30:00,169.2264439990522
2020-01-06 16:00:00,163.88562177683
2020-01-06 16:30:00,156.19602177682998
2020-01-06 17:00:00,153.60402177683
2020-01-06 17:30:00,138.57697415778236
2020-01-06 18:00:00,119.28775987206808
2020-01-06 18:30:00,101.51265272921094
2020-01-06 19:00:00,89.13841030496852
2020-01-06 19:30:00,98.9013372890955
2020-01-06 20:00:00,101.18120395576216
2020-01-06 20:30:00,95.74733526889348
2020-01-06 21:00:00,93.36650193556014
2020-01-06 21:30:00,91.24466860222681
2020-01-06 22:00:00,86.75668619900911
2020-01-06 22:30:00,85.5794004847234
2020-01-06 23:00:00,74.29585258556374
2020-01-06 23:30:00,68.88287824463119
2020-01-07 00:00:00,76.02158412698412
2020-01-07 00:30:00,78.19080634920635
2020-01-07 01:00:00,53.84965634920635
2020-01-07 01:30:00,33.66862301587302
2020-01-07 02:00:00,17.838194444444444
2020-01-07 02:30:00,12.05125
2020-01-07 03:00:00,2.9995
2020-01-07 03:30:00,2.9995
2020-01-07 04:00:00,2.9995
2020-01-07 04:30:00,0.0
2020-01-07 05:00:00,2.7146666666666666
2020-01-07 05:30:00,2.7146666666666666
2020-01-07 06:00:00,2.7146666666666666
2020-01-07 06:30:00,0.0
2020-01-07 07:00:00,0.0
2020-01-07 07:30:00,0.0
2020-01-07 08:00:00,0.0
2020-01-07 08:30:00,0.0
2020-01-07 09:00:00,0.0
2020-01-07 09:30:00,0.0
2020-01-07 10:00:00,0.0
2020-01-07 10:30:00,0.0
2020-01-07 11:00:00,0.0
2020-01-07 11:30:00,0.0
2020-01-07 12:00:00,0.0
2020-01-07 12:30:00,3.8103529411764705
2020-01-07 13:00:00,8.911130718954247
2020-01-07 13:30:00,21.228019607843137
2020-01-07 14:00:00,43.180333496732025
2020-01-07 14:30:00,96.71716878694984
2020-01-07 15:00:00,148.14700561234667
2020-01-07 15:30:00,156.17583894568
2020-01-07 16:00:00,153.32833894568
2020-01-07 16:30:00,150.50433894568002
2020-01-07 17:00:00,136.12067227901335
2020-01-07 17:30:00,123.2176278345689
2020-01-07 18:00:00,100.99235799329905
2020-01-07 18:30:00,95.37413054290222
2020-01-07 19:00:00,80.09898054290223
2020-01-07 19:30:00,83.01195197147366
2020-01-07 20:00:00,73.06218833511002
2020-01-07 20:30:00,84.22523595415764
2020-01-07 21:00:00,70.3070881411863
2020-01-07 21:30:00,46.310617585630744
2020-01-07 22:00:00,47.50968306182122
2020-01-07 22:30:00,49.56393306182122
2020-01-07 23:00:00,49.84005806182122
2020-01-07 23:30:00,81.64730806182122
2020-01-08 00:00:00,75.55147857142858
2020-01-08 00:30:00,69.78927857142857
2020-01-08 01:00:00,51.463945238095235
2020-01-08 01:30:00,37.07458809523809
2020-01-08 02:00:00,34.21758809523809
2020-01-08 02:30:00,15.295916666666667
2020-01-08 03:00:00,12.29325
2020-01-08 03:30:00,6.1445
2020-01-08 04:00:00,5.9365000000000006
2020-01-08 04:30:00,5.9365000000000006
2020-01-08 05:00:00,5.9365000000000006
2020-01-08 05:30:00,11.051166666666667
2020-01-08 06:00:00,5.1146666666666665
2020-01-08 06:30:00,5.1146666666666665
2020-01-08 07:00:00,0.0
2020-01-08 07:30:00,0.0
2020-01-08 08:00:00,0.0
2020-01-08 08:30:00,0.0
2020-01-08 09:00:00,0.0
2020-01-08 09:30:00,0.0
2020-01-08 10:00:00,0.0
2020-01-08 10:30:00,0.0
2020-01-08 11:00:00,0.0
2020-01-08 11:30:00,0.0
2020-01-08 12:00:00,0.0
2020-01-08 12:30:00,3.463368421052632
2020-01-08 13:00:00,5.399035087719299
2020-01-08 13:30:00,14.656232057416268
2020-01-08 14:00:00,43.26975110503531
2020-01-08 14:30:00,78.4644892002734
2020-01-08 15:00:00,137.90401382990305
2020-01-08 15:30:00,167.38992165818587
2020-01-08 16:00:00,165.4542549915192
2020-01-08 16:30:00,147.48776202855623
2020-01-08 17:00:00,142.08776202855623
2020-01-08 17:30:00,132.9790286952229
2020-01-08 18:00:00,118.28538583808005
2020-01-08 18:30:00,103.50031440950862
2020-01-08 19:00:00,91.28916355092277
2020-01-08 19:30:00,77.81799688425609
2020-01-08 20:00:00,86.55782863028784
2020-01-08 20:30:00,86.55782863028784
2020-01-08 21:00:00,90.39807473418394
2020-01-08 21:30:00,75.47211282942204
2020-01-08 22:00:00,71.8399825036075
2020-01-08 22:30:00,72.06071583694084
2020-01-08 23:00:00,77.0023825036075
2020-01-08 23:30:00,75.46749083694084
2020-01-09 00:00:00,63.89211305916306
2020-01-09 00:30:00,42.704001948051946
2020-01-09 01:00:00,31.446185281385283
2020-01-09 01:30:00,41.731385281385286
2020-01-09 02:00:00,41.731385281385286
2020-01-09 02:30:00,14.035542857142858
2020-01-09 03:00:00,12.3154
2020-01-09 03:30:00,6.1472
2020-01-09 04:00:00,0.0
2020-01-09 04:30:00,0.0
2020-01-09 05:00:00,0.0
2020-01-09 05:30:00,0.0
2020-01-09 06:00:00,2.754
2020-01-09 06:30:00,2.754
2020-01-09 07:00:00,2.754
2020-01-09 07:30:00,2.754
2020-01-09 08:00:00,0.0
2020-01-09 08:30:00,0.0
2020-01-09 09:00:00,0.0
2020-01-09 09:30:00,0.0
2020-01-09 10:00:00,0.0
2020-01-09 10:30:00,0.0
2020-01-09 11:00:00,3.067
2020-01-09 11:30:00,3.067
2020-01-09 12:00:00,3.067
2020-01-09 12:30:00,7.010176470588236
2020-01-09 13:00:00,5.9475098039215695
2020-01-09 13:30:00,14.589452661064426
2020-01-09 14:00:00,36.284517129928894
2020-01-09 14:30:00,72.53022504848093
2020-01-09 15:00:00,122.01209108612406
2020-01-09 15:30:00,147.80327589004563
2020-01-09 16:00:00,151.77417000769267
2020-01-09 16:30:00,144.10827000769268
2020-01-09 17:00:00,129.58992715054984
2020-01-09 17:30:00,117.99969857912126
2020-01-09 18:00:00,114.37036524578792
2020-01-09 18:30:00,100.80748191245459
2020-01-09 19:00:00,104.18681524578793
2020-01-09 19:30:00,96.88142635689904
2020-01-09 20:00:00,98.31752635689904
2020-01-09 20:30:00,99.15066188803456
2020-01-09 21:00:00,94.32722259693351
2020-01-09 21:30:00,101.02812259693351
2020-01-09 22:00:00,85.21095593026685
2020-01-09 22:30:00,93.89966545407637
2020-01-09 23:00:00,89.29225368937048
2020-01-09 23:30:00,78.07917672858618
2020-01-10 00:00:00,67.0952669246646
2020-01-10 00:30:00,60.09518333333334
2020-01-10 01:00:00,43.40806666666667
2020-01-10 01:30:00,30.61748095238095
2020-01-10 02:00:00,23.191038095238095
2020-01-10 02:30:00,14.322738095238096
2020-01-10 03:00:00,14.322738095238096
2020-01-10 03:30:00,2.7915
2020-01-10 04:00:00,0.0
2020-01-10 04:30:00,0.0
2020-01-10 05:00:00,2.804
2020-01-10 05:30:00,2.804
2020-01-10 06:00:00,2.804
2020-01-10 06:30:00,2.804
2020-01-10 07:00:00,0.0
2020-01-10 07:30:00,0.0
2020-01-10 08:00:00,0.0
2020-01-10 08:30:00,0.0
2020-01-10 09:00:00,0.0
2020-01-10 09:30:00,0.0
2020-01-10 10:00:00,0.0
2020-01-10 10:30:00,0.0
2020-01-10 11:00:00,0.0
2020-01-10 11:30:00,0.0
2020-01-10 12:00:00,0.0
2020-01-10 12:30:00,4.0937777777777775
2020-01-10 13:00:00,6.253777777777778
2020-01-10 13:30:00,13.626747474747475
2020-01-10 14:00:00,30.74141702741703
2020-01-10 14:30:00,71.0684886433044
2020-01-10 15:00:00,108.33924286408363
2020-01-10 15:30:00,139.26597089438667
2020-01-10 16:00:00,159.10436250277826
2020-01-10 16:30:00,151.66402916944494
2020-01-10 17:00:00,140.61350261388938
2020-01-10 17:30:00,128.1030359472227
2020-01-10 18:00:00,126.97809309007985
2020-01-10 18:30:00,109.88100578849256
2020-01-10 19:00:00,103.60345275818952
2020-01-10 19:30:00,92.62770275818951
2020-01-10 20:00:00,95.52400275818952
2020-01-10 20:30:00,83.66736639455316
2020-01-10 21:00:00,77.44165310783987
2020-01-10 21:30:00,73.3893753300621
2020-01-10 22:00:00,69.20470866339542
2020-01-10 22:30:00,36.708137509549275
2020-01-10 23:00:00,46.27411381673881
2020-01-10 23:30:00,62.30123881673882
2020-01-11 00:00:00,54.39573881673881
2020-01-11 00:30:00,49.80611976911977
2020-01-11 01:00:00,42.56882323232323
2020-01-11 01:30:00,16.62632323232323
2020-01-11 02:00:00,23.36732323232323
2020-01-11 02:30:00,23.36732323232323
2020-01-11 03:00:00,12.491777777777777
2020-01-11 03:30:00,6.1899999999999995
2020-01-11 04:00:00,0.0
2020-01-11 04:30:00,0.0
2020-01-11 05:00:00,2.817
2020-01-11 05:30:00,2.817
2020-01-11 06:00:00,2.817
2020-01-11 06:30:00,2.817
2020-01-11 07:00:00,0.0
2020-01-11 07:30:00,0.0
2020-01-11 08:00:00,0.0
2020-01-11 08:30:00,0.0
2020-01-11 09:00:00,0.0
2020-01-11 09:30:00,0.0
2020-01-11 10:00:00,0.0
2020-01-11 10:30:00,0.0
2020-01-11 11:00:00,0.0
2020-01-11 11:30:00,0.0
2020-01-11 12:00:00,0.0
2020-01-11 12:30:00,0.0
2020-01-11 13:00:00,0.0
2020-01-11 13:30:00,0.0
2020-01-11 14:00:00,0.0
2020-01-11 14:30:00,1.674
2020-01-11 15:00:00,0.0
2020-01-11 15:30:00,3.409
2020-01-11 16:00:00,3.409
2020-01-11 16:30:00,3.409
2020-01-11 17:00:00,8.263
2020-01-11 17:30:00,10.886
2020-01-11 18:00:00,11.824000000000002
2020-01-11 18:30:00,11.824000000000002
2020-01-11 19:00:00,11.824000000000002
2020-01-11 19:30:00,11.824000000000002
2020-01-11 20:00:00,11.824000000000002
2020-01-11 20:30:00,14.918500000000002
2020-01-11 21:00:00,15.199833333333334
2020-01-11 21:30:00,9.167833333333334
2020-01-11 22:00:00,9.167833333333334
2020-01-11 22:30:00,3.0455
2020-01-11 23:00:00,3.0455
2020-01-11 23:30:00,9.022071428571428
2020-01-12 00:00:00,15.336642857142856
2020-01-12 00:30:00,12.291142857142855
2020-01-12 01:00:00,12.291142857142855
2020-01-12 01:30:00,12.291142857142855
2020-01-12 02:00:00,12.291142857142855
2020-01-12 02:30:00,12.291142857142855
2020-01-12 03:00:00,6.314571428571428
2020-01-12 03:30:00,0.0
2020-01-12 04:00:00,0.0
2020-01-12 04:30:00,0.0
2020-01-12 05:00:00,0.0
2020-01-12 05:30:00,0.0
2020-01-12 06:00:00,0.0
2020-01-12 06:30:00,0.0
2020-01-12 07:00:00,0.0
2020-01-12 07:30:00,0.0
2020-01-12 08:00:00,0.0
2020-01-12 08:30:00,0.0
2020-01-12 09:00:00,0.0
2020-01-12 09:30:00,0.0
2020-01-12 10:00:00,0.0
2020-01-12 10:30:00,0.0
2020-01-12 11:00:00,0.0
2020-01-12 11:30:00,0.0
2020-01-12 12:00:00,0.0
2020-01-12 12:30:00,0.0
2020-01-12 13:00:00,0.0
2020-01-12 13:30:00,0.0
2020-01-12 14:00:00,0.0
2020-01-12 14:30:00,0.0
2020-01-12 15:00:00,0.0
2020-01-12 15:30:00,5.416571428571428
2020-01-12 16:00:00,5.416571428571428
2020-01-12 16:30:00,5.416571428571428
2020-01-12 17:00:00,5.416571428571428
2020-01-12 17:30:00,5.416571428571428
2020-01-12 18:00:00,5.416571428571428
2020-01-12 18:30:00,5.416571428571428
2020-01-12 19:00:00,0.0
2020-01-12 19:30:00,0.0
2020-01-12 20:00:00,0.0
2020-01-12 20:30:00,5.9375
2020-01-12 21:00:00,5.9375
2020-01-12 21:30:00,5.9375
2020-01-12 22:00:00,5.9375
2020-01-12 22:30:00,12.690833333333334
2020-01-12 23:00:00,12.690833333333334
2020-01-12 23:30:00,12.690833333333334
2020-01-13 00:00:00,5.9375
2020-01-13 00:30:00,0.0
2020-01-13 01:00:00,0.0
2020-01-13 01:30:00,0.0
2020-01-13 02:00:00,0.0
2020-01-13 02:30:00,0.0
2020-01-13 03:00:00,0.0
2020-01-13 03:30:00,0.0
2020-01-13 04:00:00,0.0
2020-01-13 04:30:00,0.0
2020-01-13 05:00:00,0.0
2020-01-13 05:30:00,0.0
2020-01-13 06:00:00,0.0
2020-01-13 06:30:00,0.0
2020-01-13 07:00:00,0.0
2020-01-13 07:30:00,0.0
2020-01-13 08:00:00,0.0
2020-01-13 08:30:00,0.0
2020-01-13 09:00:00,0.0
2020-01-13 09:30:00,0.0
2020-01-13 10:00:00,0.0
2020-01-13 10:30:00,0.0
2020-01-13 11:00:00,0.0
2020-01-13 11:30:00,0.0
2020-01-13 12:00:00,0.0
2020-01-13 12:30:00,0.0
2020-01-13 13:00:00,4.721571428571428
2020-01-13 13:30:00,10.811616883116884
2020-01-13 14:00:00,27.18958354978355
2020-01-13 14:30:00,58.30157799422799
2020-01-13 15:00:00,111.63435199898142
2020-01-13 15:30:00,159.49532326415414
2020-01-13 16:00:00,159.49532326415414
2020-01-13 16:30:00,149.01635183558273
2020-01-13 17:00:00,144.3599518355827
2020-01-13 17:30:00,132.37405183558272
2020-01-13 18:00:00,131.0072518355827
2020-01-13 18:30:00,120.60489469272558
2020-01-13 19:00:00,95.63651193659283
2020-01-13 19:30:00,87.1734897143706
2020-01-13 20:00:00,80.46422304770392
2020-01-13 20:30:00,79.53449577497666
2020-01-13 21:00:00,75.85232910830999
2020-01-13 21:30:00,81.4203767273576
2020-01-13 22:00:00,76.50623387021476
2020-01-13 22:30:00,56.74808863211951
2020-01-13 23:00:00,71.69087196545284
2020-01-13 23:30:00,75.5406891223156
2020-01-14 00:00:00,97.02257539682539
2020-01-14 00:30:00,85.03553095238095
2020-01-14 01:00:00,63.39869761904762
2020-01-14 01:30:00,43.32116428571428
2020-01-14 02:00:00,33.93486428571428
2020-01-14 02:30:00,19.011764285714285
2020-01-14 03:00:00,15.005014285714287
2020-01-14 03:30:00,11.000014285714286
2020-01-14 04:00:00,7.063214285714286
2020-01-14 04:30:00,0.0
2020-01-14 05:00:00,0.0
2020-01-14 05:30:00,0.0
2020-01-14 06:00:00,0.0
2020-01-14 06:30:00,0.0
2020-01-14 07:00:00,3.029333333333333
2020-01-14 07:30:00,3.029333333333333
2020-01-14 08:00:00,3.029333333333333
2020-01-14 08:30:00,0.0
2020-01-14 09:00:00,0.0
2020-01-14 09:30:00,0.0
2020-01-14 10:00:00,0.0
2020-01-14 10:30:00,0.0
2020-01-14 11:00:00,0.0
2020-01-14 11:30:00,0.0
2020-01-14 12:00:00,0.0
2020-01-14 12:30:00,0.0
2020-01-14 13:00:00,14.184485666666665
2020-01-14 13:30:00,18.958797194444443
2020-01-14 14:00:00,35.91252636111111
2020-01-14 14:30:00,61.4170156468254
2020-01-14 15:00:00,99.34875277168884
2020-01-14 15:30:00,136.3189528193079
2020-01-14 16:00:00,158.96575281930788
2020-01-14 16:30:00,150.38941948597454
2020-01-14 17:00:00,127.44355281930788
2020-01-14 17:30:00,108.3692412915301
2020-01-14 18:00:00,104.31752700581582
2020-01-14 18:30:00,92.59826986295867
2020-01-14 19:00:00,80.81543652962534
2020-01-14 19:30:00,58.13243097406979
2020-01-14 20:00:00,69.01218506442387
2020-01-14 20:30:00,62.560785064423875
2020-01-14 21:00:00,61.52567597351479
2020-01-14 21:30:00,56.561042273881085
2020-01-14 22:00:00,51.48604227388109
2020-01-14 22:30:00,38.838381559595376
2020-01-14 23:00:00,52.98738155959538
2020-01-14 23:30:00,59.66309584530966
2020-01-15 00:00:00,69.98659584530967
2020-01-15 00:30:00,76.73582099150849
2020-01-15 01:00:00,60.992999562937065
2020-01-15 01:30:00,62.020999562937064
2020-01-15 02:00:00,45.32849956293706
2020-01-15 02:30:00,26.8690625
2020-01-15 03:00:00,19.1090625
2020-01-15 03:30:00,16.3090625
2020-01-15 04:00:00,3.4820625
2020-01-15 04:30:00,3.4820625
2020-01-15 05:00:00,6.5480625
2020-01-15 05:30:00,3.4820625
2020-01-15 06:00:00,0.0
2020-01-15 06:30:00,0.0
2020-01-15 07:00:00,0.0
2020-01-15 07:30:00,2.424
2020-01-15 08:00:00,0.0
2020-01-15 08:30:00,0.0
2020-01-15 09:00:00,0.0
2020-01-15 09:30:00,0.0
2020-01-15 10:00:00,0.0
2020-01-15 10:30:00,0.0
2020-01-15 11:00:00,0.0
2020-01-15 11:30:00,0.0
2020-01-15 12:00:00,0.0
2020-01-15 12:30:00,0.0
2020-01-15 13:00:00,7.84
2020-01-15 13:30:00,22.008035714285715
2020-01-15 14:00:00,40.605463064713064
2020-01-15 14:30:00,65.34375115995115
2020-01-15 15:00:00,115.2982563908314
2020-01-15 15:30:00,148.07363372694556
2020-01-15 16:00:00,155.7043580377225
2020-01-15 16:30:00,158.7378580377225
2020-01-15 17:00:00,148.9247723234368
2020-01-15 17:30:00,141.91919454565902
2020-01-15 18:00:00,132.55976597423046
2020-01-15 18:30:00,125.42265089486537
2020-01-15 19:00:00,106.7217342281987
2020-01-15 19:30:00,112.14751200597648
2020-01-15 20:00:00,110.03937867264315
2020-01-15 20:30:00,99.2299917262562
2020-01-15 21:00:00,90.29500687777136
2020-01-15 21:30:00,82.04825687777135
2020-01-15 22:00:00,57.72506029657477
2020-01-15 22:30:00,53.191660296574774
2020-01-15 23:00:00,51.047118629908105
2020-01-15 23:30:00,66.8871186299081
2020-01-16 00:00:00,88.77404720133667
2020-01-16 00:30:00,81.7402694235589
2020-01-16 01:00:00,85.77315288220551
2020-01-16 01:30:00,44.19238095238095
2020-01-16 02:00:00,21.373214285714283
2020-01-16 02:30:00,15.57092857142857
2020-01-16 03:00:00,12.16702857142857
2020-01-16 03:30:00,1.5076
2020-01-16 04:00:00,1.5076
2020-01-16 04:30:00,1.5076
2020-01-16 05:00:00,1.5076
2020-01-16 05:30:00,1.5076
2020-01-16 06:00:00,3.0036
2020-01-16 06:30:00,3.0036
2020-01-16 07:00:00,3.0036
2020-01-16 07:30:00,3.0036
2020-01-16 08:00:00,0.0
2020-01-16 08:30:00,0.0
2020-01-16 09:00:00,0.0
2020-01-16 09:30:00,0.0
2020-01-16 10:00:00,0.0
2020-01-16 10:30:00,0.0
2020-01-16 11:00:00,0.0
2020-01-16 11:30:00,0.0
2020-01-16 12:00:00,0.0
2020-01-16 12:30:00,0.0
2020-01-16 13:00:00,1.481142857142857
2020-01-16 13:30:00,10.993642857142857
2020-01-16 14:00:00,30.880911333764274
2020-01-16 14:30:00,63.55418062003356
2020-01-16 15:00:00,95.55644294104589
2020-01-16 15:30:00,133.7735726668756
2020-01-16 16:00:00,132.5063908486938
2020-01-16 16:30:00,133.36246227726522
2020-01-16 17:00:00,131.42766227726523
2020-01-16 17:30:00,123.9503765629795
2020-01-16 18:00:00,118.87970989631283
2020-01-16 18:30:00,106.88942418202713
2020-01-16 19:00:00,95.24205910266204
2020-01-16 19:30:00,96.97739719790013
2020-01-16 20:00:00,93.70948810699105
2020-01-16 20:30:00,86.48956223286517
2020-01-16 21:00:00,74.81178501008795
2020-01-16 21:30:00,59.83985999066293
2020-01-16 22:00:00,61.971139355742295
2020-01-16 22:30:00,56.07584523809524
2020-01-16 23:00:00,50.666690476190475
2020-01-16 23:30:00,50.11282063492064
2020-01-17 00:00:00,58.08455396825397
2020-01-17 00:30:00,61.809109523809525
2020-01-17 01:00:00,55.735347619047616
2020-01-17 01:30:00,42.53563333333334
2020-01-17 02:00:00,43.928646031746034
2020-01-17 02:30:00,14.635857142857143
2020-01-17 03:00:00,8.309857142857144
2020-01-17 03:30:00,8.309857142857144
2020-01-17 04:00:00,5.500857142857143
2020-01-17 04:30:00,5.500857142857143
2020-01-17 05:00:00,5.500857142857143
2020-01-17 05:30:00,0.0
2020-01-17 06:00:00,0.0
2020-01-17 06:30:00,0.0
2020-01-17 07:00:00,0.0
2020-01-17 07:30:00,0.0
2020-01-17 08:00:00,0.0
2020-01-17 08:30:00,0.0
2020-01-17 09:00:00,0.0
2020-01-17 09:30:00,0.0
2020-01-17 10:00:00,0.0
2020-01-17 10:30:00,0.0
2020-01-17 11:00:00,0.0
2020-01-17 11:30:00,0.0
2020-01-17 12:00:00,0.0
2020-01-17 12:30:00,0.0
2020-01-17 13:00:00,3.061
2020-01-17 13:30:00,3.061
2020-01-17 14:00:00,9.671
2020-01-17 14:30:00,9.671
2020-01-17 15:00:00,16.209999999999997
2020-01-17 15:30:00,24.72842564102564
2020-01-17 16:00:00,39.75192564102564
2020-01-17 16:30:00,36.90692564102564
2020-01-17 17:00:00,38.13642564102564
2020-01-17 17:30:00,49.67362564102564
2020-01-17 18:00:00,43.3257923076923
2020-01-17 18:30:00,40.565792307692305
2020-01-17 19:00:00,26.761158974358974
2020-01-17 19:30:00,20.53849230769231
2020-01-17 20:00:00,18.10529230769231
2020-01-17 20:30:00,19.435292307692308
2020-01-17 21:00:00,29.091647863247864
2020-01-17 21:30:00,40.03950500610501
2020-01-17 22:00:00,36.1863126984127
2020-01-17 22:30:00,36.1863126984127
2020-01-17 23:00:00,44.47325079365079
2020-01-17 23:30:00,39.32045079365079
2020-01-18 00:00:00,39.32045079365079
2020-01-18 00:30:00,34.59545079365079
2020-01-18 01:00:00,25.640093650793652
2020-01-18 01:30:00,14.408938095238096
2020-01-18 02:00:00,11.962438095238095
2020-01-18 02:30:00,2.761
2020-01-18 03:00:00,2.761
2020-01-18 03:30:00,2.761
2020-01-18 04:00:00,2.761
2020-01-18 04:30:00,0.0
2020-01-18 05:00:00,0.0
2020-01-18 05:30:00,0.0
2020-01-18 06:00:00,0.0
2020-01-18 06:30:00,0.0
2020-01-18 07:00:00,0.0
2020-01-18 07:30:00,0.0
2020-01-18 08:00:00,0.0
2020-01-18 08:30:00,0.0
2020-01-18 09:00:00,0.0
2020-01-18 09:30:00,0.0
2020-01-18 10:00:00,0.0
2020-01-18 10:30:00,0.0
2020-01-18 11:00:00,0.0
2020-01-18 11:30:00,0.0
2020-01-18 12:00:00,0.0
2020-01-18 12:30:00,0.0
2020-01-18 13:00:00,0.0
2020-01-18 13:30:00,0.0
2020-01-18 14:00:00,0.0
2020-01-18 14:30:00,0.0
2020-01-18 15:00:00,0.0
2020-01-18 15:30:00,0.0
2020-01-18 16:00:00,0.0
2020-01-18 16:30:00,0.0
2020-01-18 17:00:00,0.0
2020-01-18 17:30:00,0.0
2020-01-18 18:00:00,0.0
2020-01-18 18:30:00,4.221
2020-01-18 19:00:00,4.221
2020-01-18 19:30:00,0.0
2020-01-18 20:00:00,0.0
2020-01-18 20:30:00,0.0
2020-01-18 21:00:00,0.0
2020-01-18 21:30:00,0.0
2020-01-18 22:00:00,0.0
2020-01-18 22:30:00,0.0
2020-01-18 23:00:00,0.0
2020-01-18 23:30:00,0.0
2020-01-19 00:00:00,0.0
2020-01-19 00:30:00,0.0
2020-01-19 01:00:00,5.6775
2020-01-19 01:30:00,5.6775
2020-01-19 02:00:00,5.6775
2020-01-19 02:30:00,5.6775
2020-01-19 03:00:00,2.7735
2020-01-19 03:30:00,2.7735
2020-01-19 04:00:00,2.7735
2020-01-19 04:30:00,2.7735
2020-01-19 05:00:00,0.0
2020-01-19 05:30:00,0.0
2020-01-19 06:00:00,0.0
2020-01-19 06:30:00,0.0
2020-01-19 07:00:00,0.0
2020-01-19 07:30:00,0.0
2020-01-19 08:00:00,0.0
2020-01-19 08:30:00,0.0
2020-01-19 09:00:00,0.0
2020-01-19 09:30:00,0.0
2020-01-19 10:00:00,0.0
2020-01-19 10:30:00,0.0
2020-01-19 11:00:00,0.0
2020-01-19 11:30:00,0.0
2020-01-19 12:00:00,0.0
2020-01-19 12:30:00,0.0
2020-01-19 13:00:00,0.0
2020-01-19 13:30:00,0.0
2020-01-19 14:00:00,0.0
2020-01-19 14:30:00,0.0
2020-01-19 15:00:00,0.0
2020-01-19 15:30:00,0.0
2020-01-19 16:00:00,0.0
2020-01-19 16:30:00,0.0
2020-01-19 17:00:00,0.0
2020-01-19 17:30:00,0.0
2020-01-19 18:00:00,0.0
2020-01-19 18:30:00,0.0
2020-01-19 19:00:00,0.0
2020-01-19 19:30:00,0.0
2020-01-19 20:00:00,0.0
2020-01-19 20:30:00,0.0
2020-01-19 21:00:00,0.0
2020-01-19 21:30:00,0.0
2020-01-19 22:00:00,0.0
2020-01-19 22:30:00,0.0
2020-01-19 23:00:00,6.572
2020-01-19 23:30:00,6.572
2020-01-20 00:00:00,6.572
2020-01-20 00:30:00,6.572
2020-01-20 01:00:00,0.0
2020-01-20 01:30:00,0.0
2020-01-20 02:00:00,0.0
2020-01-20 02:30:00,0.0
2020-01-20 03:00:00,0.0
2020-01-20 03:30:00,0.0
2020-01-20 04:00:00,0.0
2020-01-20 04:30:00,0.0
2020-01-20 05:00:00,6.139142857142857
2020-01-20 05:30:00,6.139142857142857
2020-01-20 06:00:00,6.139142857142857
2020-01-20 06:30:00,6.139142857142857
2020-01-20 07:00:00,6.139142857142857
2020-01-20 07:30:00,6.139142857142857
2020-01-20 08:00:00,6.139142857142857
2020-01-20 08:30:00,0.0
2020-01-20 09:00:00,0.0
2020-01-20 09:30:00,0.0
2020-01-20 10:00:00,0.0
2020-01-20 10:30:00,0.0
2020-01-20 11:00:00,0.0
2020-01-20 11:30:00,0.0
2020-01-20 12:00:00,0.0
2020-01-20 12:30:00,0.0
2020-01-20 13:00:00,0.0
2020-01-20 13:30:00,0.0
2020-01-20 14:00:00,0.0
2020-01-20 14:30:00,0.26975
2020-01-20 15:00:00,6.01855
2020-01-20 15:30:00,9.62955
2020-01-20 16:00:00,9.62955
2020-01-20 16:30:00,6.01855
2020-01-20 17:00:00,6.01855
2020-01-20 17:30:00,0.26975
2020-01-20 18:00:00,0.26975
2020-01-20 18:30:00,9.450666666666667
2020-01-20 19:00:00,9.450666666666667
2020-01-20 19:30:00,12.635166666666667
2020-01-20 20:00:00,9.3545
2020-01-20 20:30:00,3.1845
2020-01-20 21:00:00,3.1845
2020-01-20 21:30:00,0.0
2020-01-20 22:00:00,0.0
2020-01-20 22:30:00,5.935111111111111
2020-01-20 23:00:00,5.935111111111111
2020-01-20 23:30:00,5.935111111111111
2020-01-21 00:00:00,5.935111111111111
2020-01-21 00:30:00,5.935111111111111
2020-01-21 01:00:00,5.935111111111111
2020-01-21 01:30:00,5.935111111111111
2020-01-21 02:00:00,5.935111111111111
2020-01-21 02:30:00,5.935111111111111
2020-01-21 03:00:00,0.0
2020-01-21 03:30:00,0.0
2020-01-21 04:00:00,4.501666666666667
2020-01-21 04:30:00,4.501666666666667
2020-01-21 05:00:00,4.501666666666667
2020-01-21 05:30:00,4.501666666666667
2020-01-21 06:00:00,4.501666666666667
2020-01-21 06:30:00,4.501666666666667
2020-01-21 07:00:00,0.0
2020-01-21 07:30:00,0.0
2020-01-21 08:00:00,0.0
2020-01-21 08:30:00,0.0
2020-01-21 09:00:00,0.0
2020-01-21 09:30:00,0.0
2020-01-21 10:00:00,0.0
2020-01-21 10:30:00,0.0
2020-01-21 11:00:00,0.0
2020-01-21 11:30:00,0.0
2020-01-21 12:00:00,0.0
2020-01-21 12:30:00,0.0
2020-01-21 13:00:00,8.387095238095238
2020-01-21 13:30:00,17.836777777777776
2020-01-21 14:00:00,34.7584519036519
2020-01-21 14:30:00,69.70090813794049
2020-01-21 15:00:00,108.05037575529046
2020-01-21 15:30:00,159.38205353763882
2020-01-21 16:00:00,157.38638687097216
2020-01-21 16:30:00,150.3789202043055
2020-01-21 17:00:00,142.33634877573408
2020-01-21 17:30:00,133.66921544240074
2020-01-21 18:00:00,126.97539004557534
2020-01-21 18:30:00,123.35414004557533
2020-01-21 19:00:00,123.34285115668645
2020-01-21 19:30:00,95.74606378294908
2020-01-21 20:00:00,91.60757489406019
2020-01-21 20:30:00,78.66082804091333
2020-01-21 21:00:00,70.57166720175249
2020-01-21 21:30:00,79.09073386841916
2020-01-21 22:00:00,83.82859925303455
2020-01-21 22:30:00,70.97119925303454
2020-01-21 23:00:00,67.87529729225024
2020-01-21 23:30:00,55.614583426704016
2020-01-22 00:00:00,37.545969047619046
2020-01-22 00:30:00,42.14196904761905
2020-01-22 01:00:00,33.76615
2020-01-22 01:30:00,26.056449999999998
2020-01-22 02:00:00,8.728
2020-01-22 02:30:00,8.728
2020-01-22 03:00:00,8.728
2020-01-22 03:30:00,0.0
2020-01-22 04:00:00,0.0
2020-01-22 04:30:00,2.7215
2020-01-22 05:00:00,2.7215
2020-01-22 05:30:00,2.7215
2020-01-22 06:00:00,2.7215
2020-01-22 06:30:00,0.0
2020-01-22 07:00:00,0.0
2020-01-22 07:30:00,0.0
2020-01-22 08:00:00,0.0
2020-01-22 08:30:00,0.0
2020-01-22 09:00:00,0.0
2020-01-22 09:30:00,0.0
2020-01-22 10:00:00,0.0
2020-01-22 10:30:00,0.0
2020-01-22 11:00:00,0.0
2020-01-22 11:30:00,0.0
2020-01-22 12:00:00,0.0
2020-01-22 12:30:00,3.434
2020-01-22 13:00:00,8.994761904761905
2020-01-22 13:30:00,24.51999025974026
2020-01-22 14:00:00,28.938115259740258
2020-01-22 14:30:00,61.094602813852816
2020-01-22 15:00:00,106.60005957094161
2020-01-22 15:30:00,160.14451097509303
2020-01-22 16:00:00,158.13217764175968
2020-01-22 16:30:00,151.32760621318826
2020-01-22 17:00:00,144.40941573699777
2020-01-22 17:30:00,137.71593478461682
2020-01-22 18:00:00,129.76120145128348
2020-01-22 18:30:00,103.06354668937874
2020-01-22 19:00:00,100.74901674709879
2020-01-22 19:30:00,103.97251247359452
2020-01-22 20:00:00,103.87720230043435
2020-01-22 20:30:00,92.88970230043434
2020-01-22 21:00:00,84.76191658614863
2020-01-22 21:30:00,87.33471658614863
2020-01-22 22:00:00,75.49936081691786
2020-01-22 22:30:00,66.01784534072738
2020-01-22 23:00:00,80.40025010263214
2020-01-22 23:30:00,73.11642003727266
2020-01-23 00:00:00,62.94503670393934
2020-01-23 00:30:00,61.56778223443223
2020-01-23 01:00:00,65.46497271062272
2020-01-23 01:30:00,50.03965604395604
2020-01-23 02:00:00,28.9007
2020-01-23 02:30:00,17.85612857142857
2020-01-23 03:00:00,12.060928571428573
2020-01-23 03:30:00,18.24892857142857
2020-01-23 04:00:00,12.6715
2020-01-23 04:30:00,12.6715
2020-01-23 05:00:00,19.1735
2020-01-23 05:30:00,19.1735
2020-01-23 06:00:00,19.1735
2020-01-23 06:30:00,21.8745
2020-01-23 07:00:00,15.3725
2020-01-23 07:30:00,9.1845
2020-01-23 08:00:00,9.1845
2020-01-23 08:30:00,6.4835
2020-01-23 09:00:00,0.0
2020-01-23 09:30:00,0.0
2020-01-23 10:00:00,0.0
2020-01-23 10:30:00,0.0
2020-01-23 11:00:00,0.0
2020-01-23 11:30:00,0.0
2020-01-23 12:00:00,0.0
2020-01-23 12:30:00,2.6314285714285717
2020-01-23 13:00:00,6.252095238095238
2020-01-23 13:30:00,26.618479387279386
2020-01-23 14:00:00,35.17716803196803
2020-01-23 14:30:00,69.31911427461428
2020-01-23 15:00:00,104.92134302295571
2020-01-23 15:30:00,153.57979847306117
2020-01-23 16:00:00,146.60770323496592
2020-01-23 16:30:00,142.31503656829926
2020-01-23 17:00:00,140.03503656829926
2020-01-23 17:30:00,134.78998894925164
2020-01-23 18:00:00,124.29942704448973
2020-01-23 18:30:00,119.75394133020403
2020-01-23 19:00:00,119.72412714438984
2020-01-23 19:30:00,115.41913825550095
2020-01-23 20:00:00,97.85428541944812
2020-01-23 20:30:00,98.42781106047376
2020-01-23 21:00:00,91.28807679473948
2020-01-23 21:30:00,88.64157679473949
2020-01-23 22:00:00,81.71025042111312
2020-01-23 22:30:00,60.063707563970254
2020-01-23 23:00:00,60.063707563970254
2020-01-23 23:30:00,51.383687629329735
2020-01-24 00:00:00,40.045576518218624
2020-01-24 00:30:00,48.69989230769231
2020-01-24 01:00:00,37.43170183150183
2020-01-24 01:30:00,22.6759
2020-01-24 02:00:00,6.01
2020-01-24 02:30:00,0.0
2020-01-24 03:00:00,0.0
2020-01-24 03:30:00,0.0
2020-01-24 04:00:00,0.0
2020-01-24 04:30:00,0.0
2020-01-24 05:00:00,2.736
2020-01-24 05:30:00,2.736
2020-01-24 06:00:00,2.736
2020-01-24 06:30:00,2.736
2020-01-24 07:00:00,0.0
2020-01-24 07:30:00,0.0
2020-01-24 08:00:00,0.0
2020-01-24 08:30:00,0.0
2020-01-24 09:00:00,0.0
2020-01-24 09:30:00,0.0
2020-01-24 10:00:00,0.0
2020-01-24 10:30:00,0.0
2020-01-24 11:00:00,0.0
2020-01-24 11:30:00,0.0
2020-01-24 12:00:00,0.0
2020-01-24 12:30:00,0.0
2020-01-24 13:00:00,7.0337000000000005
2020-01-24 13:30:00,11.36667435897436
2020-01-24 14:00:00,37.661376162726164
2020-01-24 14:30:00,76.83463474858475
2020-01-24 15:00:00,109.31659588467089
2020-01-24 15:30:00,158.63624707514708
2020-01-24 16:00:00,162.16538993228994
2020-01-24 16:30:00,157.11952326562326
2020-01-24 17:00:00,151.54762326562326
2020-01-24 17:30:00,137.1355946941947
2020-01-24 18:00:00,135.2403946941947
2020-01-24 18:30:00,131.5156446941947
2020-01-24 19:00:00,116.06037009102009
2020-01-24 19:30:00,106.70330955710956
2020-01-24 20:00:00,96.8657655011655
2020-01-24 20:30:00,95.34740402930403
2020-01-24 21:00:00,109.56001514041515
2020-01-24 21:30:00,97.70919206349207
2020-01-24 22:00:00,85.64569536019536
2020-01-24 22:30:00,79.45275250305251
2020-01-24 23:00:00,78.37043305860806
2020-01-24 23:30:00,77.44580805860805
2020-01-25 00:00:00,73.34870488400489
2020-01-25 00:30:00,59.79247155067155
2020-01-25 01:00:00,48.083804884004884
2020-01-25 01:30:00,27.308393772893773
2020-01-25 02:00:00,14.849096153846155
2020-01-25 02:30:00,9.333846153846153
2020-01-25 03:00:00,9.333846153846153
2020-01-25 03:30:00,6.129846153846154
2020-01-25 04:00:00,6.129846153846154
2020-01-25 04:30:00,0.0
2020-01-25 05:00:00,0.0
2020-01-25 05:30:00,0.0
2020-01-25 06:00:00,0.0
2020-01-25 06:30:00,0.0
2020-01-25 07:00:00,0.0
2020-01-25 07:30:00,0.0
2020-01-25 08:00:00,0.0
2020-01-25 08:30:00,0.0
2020-01-25 09:00:00,0.0
2020-01-25 09:30:00,0.0
2020-01-25 10:00:00,0.0
2020-01-25 10:30:00,0.0
2020-01-25 11:00:00,0.0
2020-01-25 11:30:00,0.0
2020-01-25 12:00:00,0.0
2020-01-25 12:30:00,0.0
2020-01-25 13:00:00,0.0
2020-01-25 13:30:00,0.0
2020-01-25 14:00:00,0.0
2020-01-25 14:30:00,13.400934343434344
2020-01-25 15:00:00,13.400934343434344
2020-01-25 15:30:00,13.400934343434344
2020-01-25 16:00:00,19.842934343434344
2020-01-25 16:30:00,17.443434343434344
2020-01-25 17:00:00,17.443434343434344
2020-01-25 17:30:00,17.443434343434344
2020-01-25 18:00:00,17.443434343434344
2020-01-25 18:30:00,17.443434343434344
2020-01-25 19:00:00,11.442545454545455
2020-01-25 19:30:00,11.442545454545455
2020-01-25 20:00:00,12.517
2020-01-25 20:30:00,6.075
2020-01-25 21:00:00,9.5855
2020-01-25 21:30:00,9.5855
2020-01-25 22:00:00,3.5105
2020-01-25 22:30:00,3.5105
2020-01-25 23:00:00,0.0
2020-01-25 23:30:00,6.696
2020-01-26 00:00:00,9.414
2020-01-26 00:30:00,9.414
2020-01-26 01:00:00,9.414
2020-01-26 01:30:00,9.414
2020-01-26 02:00:00,0.0
2020-01-26 02:30:00,0.0
2020-01-26 03:00:00,0.0
2020-01-26 03:30:00,0.0
2020-01-26 04:00:00,0.0
2020-01-26 04:30:00,0.0
2020-01-26 05:00:00,0.0
2020-01-26 05:30:00,0.0
2020-01-26 06:00:00,0.0
2020-01-26 06:30:00,0.0
2020-01-26 07:00:00,0.0
2020-01-26 07:30:00,0.0
2020-01-26 08:00:00,0.0
2020-01-26 08:30:00,0.0
2020-01-26 09:00:00,0.0
2020-01-26 09:30:00,0.0
2020-01-26 10:00:00,0.0
2020-01-26 10:30:00,0.0
2020-01-26 11:00:00,0.0
2020-01-26 11:30:00,0.0
2020-01-26 12:00:00,0.0
2020-01-26 12:30:00,0.0
2020-01-26 13:00:00,0.0
2020-01-26 13:30:00,0.0
2020-01-26 14:00:00,0.0
2020-01-26 14:30:00,0.0
2020-01-26 15:00:00,0.0
2020-01-26 15:30:00,0.0
2020-01-26 16:00:00,0.0
2020-01-26 16:30:00,0.0
2020-01-26 17:00:00,0.0
2020-01-26 17:30:00,0.0
2020-01-26 18:00:00,0.0
2020-01-26 18:30:00,0.0
2020-01-26 19:00:00,0.0
2020-01-26 19:30:00,0.0
2020-01-26 20:00:00,0.0
2020-01-26 20:30:00,0.0
2020-01-26 21:00:00,0.0
2020-01-26 21:30:00,0.0
2020-01-26 22:00:00,0.0
2020-01-26 22:30:00,0.0
2020-01-26 23:00:00,0.0
2020-01-26 23:30:00,0.0
2020-01-27 00:00:00,5.492
2020-01-27 00:30:00,5.492
2020-01-27 01:00:00,6.671333333333333
2020-01-27 01:30:00,6.671333333333333
2020-01-27 02:00:00,6.671333333333333
2020-01-27 02:30:00,6.671333333333333
2020-01-27 03:00:00,6.671333333333333
2020-01-27 03:30:00,6.671333333333333
2020-01-27 04:00:00,0.0
2020-01-27 04:30:00,0.0
2020-01-27 05:00:00,0.0
2020-01-27 05:30:00,0.0
2020-01-27 06:00:00,0.0
2020-01-27 06:30:00,0.0
2020-01-27 07:00:00,0.0
2020-01-27 07:30:00,0.0
2020-01-27 08:00:00,0.0
2020-01-27 08:30:00,0.0
2020-01-27 09:00:00,0.0
2020-01-27 09:30:00,0.0
2020-01-27 10:00:00,0.0
2020-01-27 10:30:00,0.0
2020-01-27 11:00:00,0.0
2020-01-27 11:30:00,0.0
2020-01-27 12:00:00,0.0
2020-01-27 12:30:00,2.640571428571429
2020-01-27 13:00:00,4.7125714285714295
2020-01-27 13:30:00,25.574689393939394
2020-01-27 14:00:00,47.72863262626263
2020-01-27 14:30:00,75.700983650883
2020-01-27 15:00:00,112.02118139301015
2020-01-27 15:30:00,155.94577785765662
2020-01-27 16:00:00,153.6827064290852
2020-01-27 16:30:00,142.3947064290852
2020-01-27 17:00:00,117.8382683338471
2020-01-27 17:30:00,115.24162055606932
2020-01-27 18:00:00,100.2094848417836
2020-01-27 18:30:00,91.31015150845028
2020-01-27 19:00:00,84.41962878117754
2020-01-27 19:30:00,71.28908888218764
2020-01-27 20:00:00,65.77913332663209
2020-01-27 20:30:00,72.16636009430886
2020-01-27 21:00:00,67.35226918521795
2020-01-27 21:30:00,76.31985251855129
2020-01-27 22:00:00,59.02651918521795
2020-01-27 22:30:00,44.17688585188461
2020-01-27 23:00:00,39.959420165610105
2020-01-27 23:30:00,53.19381232247285
2020-01-28 00:00:00,53.980486507936504
2020-01-28 00:30:00,55.19370317460317
2020-01-28 01:00:00,37.81215238095238
2020-01-28 01:30:00,44.623485714285714
2020-01-28 02:00:00,24.193819047619048
2020-01-28 02:30:00,15.747485714285714
2020-01-28 03:00:00,14.572019047619047
2020-01-28 03:30:00,10.731733333333333
2020-01-28 04:00:00,6.395333333333333
2020-01-28 04:30:00,6.395333333333333
2020-01-28 05:00:00,9.580666666666666
2020-01-28 05:30:00,9.580666666666666
2020-01-28 06:00:00,9.580666666666666
2020-01-28 06:30:00,6.395333333333333
2020-01-28 07:00:00,6.395333333333333
2020-01-28 07:30:00,6.395333333333333
2020-01-28 08:00:00,6.395333333333333
2020-01-28 08:30:00,6.395333333333333
2020-01-28 09:00:00,0.0
2020-01-28 09:30:00,0.0
2020-01-28 10:00:00,0.0
2020-01-28 10:30:00,0.0
2020-01-28 11:00:00,0.0
2020-01-28 11:30:00,0.0
2020-01-28 12:00:00,0.0
2020-01-28 12:30:00,3.1756666666666664
2020-01-28 13:00:00,9.265466666666667
2020-01-28 13:30:00,20.138716666666667
2020-01-28 14:00:00,39.54520294117647
2020-01-28 14:30:00,69.82894079831932
2020-01-28 15:00:00,110.86518538239022
2020-01-28 15:30:00,156.13796093184078
2020-01-28 16:00:00,157.62062759850744
2020-01-28 16:30:00,152.7486704556503
2020-01-28 17:00:00,148.22533712231697
2020-01-28 17:30:00,130.73975378898365
2020-01-28 18:00:00,121.87262942390427
2020-01-28 18:30:00,115.95752228104713
2020-01-28 19:00:00,98.9116397413646
2020-01-28 19:30:00,91.86370341657826
2020-01-28 20:00:00,94.7545605594354
2020-01-28 20:30:00,103.33777874125359
2020-01-28 21:00:00,88.20327874125358
2020-01-28 21:30:00,90.8497622577371
2020-01-28 22:00:00,84.21595456542941
2020-01-28 22:30:00,63.47766829091961
2020-01-28 23:00:00,52.75860162425294
2020-01-28 23:30:00,46.57972662425294
2020-01-29 00:00:00,53.110583767110086
2020-01-29 00:30:00,49.762131135531135
2020-01-29 01:00:00,45.98253113553114
2020-01-29 01:30:00,25.859031135531136
2020-01-29 02:00:00,9.883190476190478
2020-01-29 02:30:00,18.524357142857145
2020-01-29 03:00:00,20.23162380952381
2020-01-29 03:30:00,14.832766666666668
2020-01-29 04:00:00,21.113766666666667
2020-01-29 04:30:00,18.370266666666666
2020-01-29 05:00:00,12.089266666666667
2020-01-29 05:30:00,0.0
2020-01-29 06:00:00,0.0
2020-01-29 06:30:00,0.0
2020-01-29 07:00:00,0.0
2020-01-29 07:30:00,0.0
2020-01-29 08:00:00,0.0
2020-01-29 08:30:00,0.0
2020-01-29 09:00:00,0.0
2020-01-29 09:30:00,0.0
2020-01-29 10:00:00,0.0
2020-01-29 10:30:00,0.0
2020-01-29 11:00:00,0.0
2020-01-29 11:30:00,0.0
2020-01-29 12:00:00,0.0
2020-01-29 12:30:00,3.090666666666667
2020-01-29 13:00:00,3.090666666666667
2020-01-29 13:30:00,7.4108809523809525
2020-01-29 14:00:00,32.30860439560439
2020-01-29 14:30:00,58.986517815517814
2020-01-29 15:00:00,102.74449539114137
2020-01-29 15:30:00,129.48479942205196
2020-01-29 16:00:00,160.91337561252817
2020-01-29 16:30:00,158.00647561252816
2020-01-29 17:00:00,151.97907561252816
2020-01-29 17:30:00,143.03031370776625
2020-01-29 18:00:00,126.58015180300436
2020-01-29 18:30:00,121.01698513633768
2020-01-29 19:00:00,106.55083037443292
2020-01-29 19:30:00,115.28215418395673
2020-01-29 20:00:00,92.66025822436077
2020-01-29 20:30:00,82.60755209715465
2020-01-29 21:00:00,76.00753304953561
2020-01-29 21:30:00,61.01003304953561
2020-01-29 22:00:00,51.81024733524989
2020-01-29 22:30:00,38.445014001916554
2020-01-29 23:00:00,52.79314733524989
2020-01-29 23:30:00,53.20431253132832
2020-01-30 00:00:00,56.43511253132832
2020-01-30 00:30:00,71.14448696741854
2020-01-30 01:00:00,58.83889047619048
2020-01-30 01:30:00,47.24659047619048
2020-01-30 02:00:00,26.920257142857142
2020-01-30 02:30:00,17.652857142857144
2020-01-30 03:00:00,11.048857142857141
2020-01-30 03:30:00,11.048857142857141
2020-01-30 04:00:00,6.3324
2020-01-30 04:30:00,12.3814
2020-01-30 05:00:00,12.3814
2020-01-30 05:30:00,15.1269
2020-01-30 06:00:00,15.1269
2020-01-30 06:30:00,9.0779
2020-01-30 07:00:00,9.0779
2020-01-30 07:30:00,6.3324
2020-01-30 08:00:00,6.3324
2020-01-30 08:30:00,6.3324
2020-01-30 09:00:00,0.0
2020-01-30 09:30:00,0.0
2020-01-30 10:00:00,0.0
2020-01-30 10:30:00,0.0
2020-01-30 11:00:00,0.0
2020-01-30 11:30:00,0.0
2020-01-30 12:00:00,0.0
2020-01-30 12:30:00,2.7151428571428573
2020-01-30 13:00:00,10.04407619047619
2020-01-30 13:30:00,20.119742857142857
2020-01-30 14:00:00,45.16779431913116
2020-01-30 14:30:00,72.14214812030075
2020-01-30 15:00:00,115.07732913373177
2020-01-30 15:30:00,147.01980430651219
2020-01-30 16:00:00,149.25377741878006
2020-01-30 16:30:00,134.3642107521134
2020-01-30 17:00:00,123.69754408544672
2020-01-30 17:30:00,118.40187741878005
2020-01-30 18:00:00,104.79216789497053
2020-01-30 18:30:00,99.37645678385941
2020-01-30 19:00:00,82.89441789497053
2020-01-30 19:30:00,89.7331451676978
2020-01-30 20:00:00,86.8482562788089
2020-01-30 20:30:00,73.67147850103113
2020-01-30 21:00:00,76.6922360767887
2020-01-30 21:30:00,56.92362252367516
2020-01-30 22:00:00,39.97683680938944
2020-01-30 22:30:00,50.98149523429787
2020-01-30 23:00:00,45.15149523429787
2020-01-30 23:30:00,56.76287393103972
2020-01-31 00:00:00,50.159186796536794
2020-01-31 00:30:00,70.0752867965368
2020-01-31 01:00:00,67.14434899749374
2020-01-31 01:30:00,59.67522619047619
2020-01-31 02:00:00,37.037935714285716
2020-01-31 02:30:00,13.983685714285713
2020-01-31 03:00:00,9.195799999999998
2020-01-31 03:30:00,9.195799999999998
2020-01-31 04:00:00,9.195799999999998
2020-01-31 04:30:00,9.195799999999998
2020-01-31 05:00:00,11.95205
2020-01-31 05:30:00,11.95205
2020-01-31 06:00:00,11.95205
2020-01-31 06:30:00,11.95205
2020-01-31 07:00:00,5.54025
2020-01-31 07:30:00,5.54025
2020-01-31 08:00:00,5.54025
2020-01-31 08:30:00,8.401250000000001
2020-01-31 09:00:00,2.861
2020-01-31 09:30:00,0.0
2020-01-31 10:00:00,0.0
2020-01-31 10:30:00,0.0
2020-01-31 11:00:00,0.0
2020-01-31 11:30:00,0.0
2020-01-31 12:00:00,0.0
2020-01-31 12:30:00,0.0
2020-01-31 13:00:00,0.0
2020-01-31 13:30:00,3.094666666666667
2020-01-31 14:00:00,3.094666666666667
2020-01-31 14:30:00,11.274266666666666
2020-01-31 15:00:00,29.432141391941393
2020-01-31 15:30:00,36.007808058608056
2020-01-31 16:00:00,46.54348663003663
2020-01-31 16:30:00,52.45648663003663
2020-01-31 17:00:00,56.48711996336996
2020-01-31 17:30:00,71.9863644078144
2020-01-31 18:00:00,69.35586440781441
2020-01-31 18:30:00,78.93517942612942
2020-01-31 19:00:00,77.7825960927961
2020-01-31 19:30:00,68.14776752136753
2020-01-31 20:00:00,54.69808418803419
2020-01-31 20:30:00,60.77440726495726
2020-01-31 21:00:00,64.86000726495726
2020-01-31 21:30:00,47.785494444444446
2020-01-31 22:00:00,46.362049999999996
2020-01-31 22:30:00,36.956583333333334
2020-01-31 23:00:00,30.315166666666666
2020-01-31 23:30:00,24.673566666666666
2020-02-01 00:00:00,38.1549
2020-02-01 00:30:00,31.1689
2020-02-01 01:00:00,25.4300702991453
2020-02-01 01:30:00,5.506923076923077
2020-02-01 02:00:00,5.506923076923077
2020-02-01 02:30:00,5.506923076923077
2020-02-01 03:00:00,0.0
2020-02-01 03:30:00,0.0
2020-02-01 04:00:00,0.0
2020-02-01 04:30:00,2.7665
2020-02-01 05:00:00,5.4405
2020-02-01 05:30:00,5.4405
2020-02-01 06:00:00,2.7665
2020-02-01 06:30:00,0.0
2020-02-01 07:00:00,0.0
2020-02-01 07:30:00,0.0
2020-02-01 08:00:00,0.0
2020-02-01 08:30:00,0.0
2020-02-01 09:00:00,0.0
2020-02-01 09:30:00,0.0
2020-02-01 10:00:00,0.0
2020-02-01 10:30:00,0.0
2020-02-01 11:00:00,0.0
2020-02-01 11:30:00,0.0
2020-02-01 12:00:00,0.0
2020-02-01 12:30:00,0.0
2020-02-01 13:00:00,0.0
2020-02-01 13:30:00,0.0
2020-02-01 14:00:00,0.0
2020-02-01 14:30:00,0.0
2020-02-01 15:00:00,5.6608
2020-02-01 15:30:00,12.0196
2020-02-01 16:00:00,12.0196
2020-02-01 16:30:00,12.0196
2020-02-01 17:00:00,12.0196
2020-02-01 17:30:00,6.3588000000000005
2020-02-01 18:00:00,6.3588000000000005
2020-02-01 18:30:00,6.3588000000000005
2020-02-01 19:00:00,6.3588000000000005
2020-02-01 19:30:00,6.3588000000000005
2020-02-01 20:00:00,6.3588000000000005
2020-02-01 20:30:00,0.0
2020-02-01 21:00:00,4.486
2020-02-01 21:30:00,0.0
2020-02-01 22:00:00,0.0
2020-02-01 22:30:00,8.496500000000001
2020-02-01 23:00:00,8.496500000000001
2020-02-01 23:30:00,8.496500000000001
2020-02-02 00:00:00,8.496500000000001
2020-02-02 00:30:00,0.0
2020-02-02 01:00:00,0.0
2020-02-02 01:30:00,0.0
2020-02-02 02:00:00,0.0
2020-02-02 02:30:00,0.0
2020-02-02 03:00:00,6.5122857142857145
2020-02-02 03:30:00,6.5122857142857145
2020-02-02 04:00:00,6.5122857142857145
2020-02-02 04:30:00,6.5122857142857145
2020-02-02 05:00:00,6.5122857142857145
2020-02-02 05:30:00,6.5122857142857145
2020-02-02 06:00:00,6.5122857142857145
2020-02-02 06:30:00,0.0
2020-02-02 07:00:00,0.0
2020-02-02 07:30:00,0.0
2020-02-02 08:00:00,0.0
2020-02-02 08:30:00,0.0
2020-02-02 09:00:00,0.0
2020-02-02 09:30:00,0.0
2020-02-02 10:00:00,0.0
2020-02-02 10:30:00,0.0
2020-02-02 11:00:00,0.0
2020-02-02 11:30:00,0.0
2020-02-02 12:00:00,0.0
2020-02-02 12:30:00,0.0
2020-02-02 13:00:00,0.0
2020-02-02 13:30:00,0.0
2020-02-02 14:00:00,0.0
2020-02-02 14:30:00,5.7592
2020-02-02 15:00:00,5.7592
2020-02-02 15:30:00,5.7592
2020-02-02 16:00:00,5.7592
2020-02-02 16:30:00,5.7592
2020-02-02 17:00:00,7.034
2020-02-02 17:30:00,12.8875
2020-02-02 18:00:00,12.8875
2020-02-02 18:30:00,5.8535
2020-02-02 19:00:00,5.8535
2020-02-02 19:30:00,0.0
2020-02-02 20:00:00,0.0
2020-02-02 20:30:00,4.43
2020-02-02 21:00:00,0.0
2020-02-02 21:30:00,0.0
2020-02-02 22:00:00,0.0
2020-02-02 22:30:00,0.0
2020-02-02 23:00:00,6.3192
2020-02-02 23:30:00,6.3192
2020-02-03 00:00:00,6.3192
2020-02-03 00:30:00,6.3192
2020-02-03 01:00:00,6.3192
2020-02-03 01:30:00,0.0
2020-02-03 02:00:00,6.6656
2020-02-03 02:30:00,6.6656
2020-02-03 03:00:00,6.6656
2020-02-03 03:30:00,6.6656
2020-02-03 04:00:00,6.6656
2020-02-03 04:30:00,6.6656
2020-02-03 05:00:00,6.6656
2020-02-03 05:30:00,6.6656
2020-02-03 06:00:00,6.6656
2020-02-03 06:30:00,6.6656
2020-02-03 07:00:00,0.0
2020-02-03 07:30:00,0.0
2020-02-03 08:00:00,0.0
2020-02-03 08:30:00,0.0
2020-02-03 09:00:00,0.0
2020-02-03 09:30:00,0.0
2020-02-03 10:00:00,0.0
2020-02-03 10:30:00,0.0
2020-02-03 11:00:00,0.0
2020-02-03 11:30:00,0.0
2020-02-03 12:00:00,0.0
2020-02-03 12:30:00,3.144
2020-02-03 13:00:00,11.025333333333334
2020-02-03 13:30:00,26.37320865800866
2020-02-03 14:00:00,41.10446233766234
2020-02-03 14:30:00,89.49563303363304
2020-02-03 15:00:00,147.62878644331812
2020-02-03 15:30:00,148.62338900742068
2020-02-03 16:00:00,148.62338900742068
2020-02-03 16:30:00,146.7828505458822
2020-02-03 17:00:00,146.7828505458822
2020-02-03 17:30:00,130.44540292683462
2020-02-03 18:00:00,119.68168864112032
2020-02-03 18:30:00,119.77443864112033
2020-02-03 19:00:00,103.27652045930213
2020-02-03 19:30:00,106.90470487488655
2020-02-03 20:00:00,105.46887719306837
2020-02-03 20:30:00,98.44683173852292
2020-02-03 21:00:00,86.12740866159984
2020-02-03 21:30:00,97.99982532826651
2020-02-03 22:00:00,80.62363704987823
2020-02-03 22:30:00,72.92705371654489
2020-02-03 23:00:00,59.07020170189288
2020-02-03 23:30:00,70.12963643578644
2020-02-04 00:00:00,76.12436818181818
2020-02-04 00:30:00,78.11627294372295
2020-02-04 01:00:00,71.8754396103896
2020-02-04 01:30:00,34.220160173160174
2020-02-04 02:00:00,21.154890476190474
2020-02-04 02:30:00,13.664357142857144
2020-02-04 03:00:00,7.604571428571429
2020-02-04 03:30:00,7.604571428571429
2020-02-04 04:00:00,4.594
2020-02-04 04:30:00,4.594
2020-02-04 05:00:00,4.594
2020-02-04 05:30:00,4.594
2020-02-04 06:00:00,4.594
2020-02-04 06:30:00,4.594
2020-02-04 07:00:00,4.594
2020-02-04 07:30:00,4.594
2020-02-04 08:00:00,4.594
2020-02-04 08:30:00,4.594
2020-02-04 09:00:00,0.0
2020-02-04 09:30:00,0.0
2020-02-04 10:00:00,0.0
2020-02-04 10:30:00,0.0
2020-02-04 11:00:00,0.0
2020-02-04 11:30:00,0.0
2020-02-04 12:00:00,0.0
2020-02-04 12:30:00,2.8694826984126975
2020-02-04 13:00:00,14.99091126984127
2020-02-04 13:30:00,26.781206507936506
2020-02-04 14:00:00,40.326031904761905
2020-02-04 14:30:00,82.58042513375513
2020-02-04 15:00:00,104.69620001279766
2020-02-04 15:30:00,154.5036151155054
2020-02-04 16:00:00,147.0521324170927
2020-02-04 16:30:00,147.0521324170927
2020-02-04 17:00:00,136.09630384566412
2020-02-04 17:30:00,120.86308955994986
2020-02-04 18:00:00,110.65008955994985
2020-02-04 18:30:00,95.82953082979112
2020-02-04 19:00:00,93.63988977640007
2020-02-04 19:30:00,92.24328977640008
2020-02-04 20:00:00,75.13974172445202
2020-02-04 20:30:00,63.95810536081565
2020-02-04 21:00:00,54.335695104405396
2020-02-04 21:30:00,57.14158843773873
2020-02-04 22:00:00,67.44629863615143
2020-02-04 22:30:00,58.44223863615143
2020-02-04 23:00:00,71.07897196948477
2020-02-04 23:30:00,64.36882194614209
2020-02-05 00:00:00,76.83139057359307
2020-02-05 00:30:00,73.6082340079365
2020-02-05 01:00:00,56.98568638888889
2020-02-05 01:30:00,37.05508638888889
2020-02-05 02:00:00,14.621166666666667
2020-02-05 02:30:00,14.621166666666667
2020-02-05 03:00:00,4.870333333333334
2020-02-05 03:30:00,0.0
2020-02-05 04:00:00,0.0
2020-02-05 04:30:00,1.722
2020-02-05 05:00:00,0.0
2020-02-05 05:30:00,2.7155
2020-02-05 06:00:00,2.7155
2020-02-05 06:30:00,2.7155
2020-02-05 07:00:00,2.7155
2020-02-05 07:30:00,0.0
2020-02-05 08:00:00,0.0
2020-02-05 08:30:00,0.0
2020-02-05 09:00:00,0.0
2020-02-05 09:30:00,0.0
2020-02-05 10:00:00,0.0
2020-02-05 10:30:00,0.0
2020-02-05 11:00:00,0.0
2020-02-05 11:30:00,0.0
2020-02-05 12:00:00,0.0
2020-02-05 12:30:00,3.0540000000000003
2020-02-05 13:00:00,9.113314285714285
2020-02-05 13:30:00,23.019913275613277
2020-02-05 14:00:00,47.40745930735931
2020-02-05 14:30:00,68.128622005772
2020-02-05 15:00:00,124.11018309647868
2020-02-05 15:30:00,156.33041394830659
2020-02-05 16:00:00,156.33041394830659
2020-02-05 16:30:00,153.97974728163993
2020-02-05 17:00:00,148.86074728163993
2020-02-05 17:30:00,135.43412823402087
2020-02-05 18:00:00,127.56615998005263
2020-02-05 18:30:00,110.60473537687803
2020-02-05 19:00:00,90.08229432348696
2020-02-05 19:30:00,80.41407210126475
2020-02-05 20:00:00,88.14103321237586
2020-02-05 20:30:00,73.93299684873949
2020-02-05 21:00:00,77.13709208683473
2020-02-05 21:30:00,84.89485277059542
2020-02-05 22:00:00,74.52180954715219
2020-02-05 22:30:00,68.15803985018249
2020-02-05 23:00:00,69.24649818351583
2020-02-05 23:30:00,74.04027507427213
2020-02-06 00:00:00,81.30985252525252
2020-02-06 00:30:00,65.23808585858586
2020-02-06 01:00:00,41.02241919191919
2020-02-06 01:30:00,29.459985858585856
2020-02-06 02:00:00,21.099763636363637
2020-02-06 02:30:00,12.633563636363636
2020-02-06 03:00:00,9.140763636363637
2020-02-06 03:30:00,9.140763636363637
2020-02-06 04:00:00,0.0
2020-02-06 04:30:00,2.452
2020-02-06 05:00:00,2.452
2020-02-06 05:30:00,0.0
2020-02-06 06:00:00,0.0
2020-02-06 06:30:00,2.718
2020-02-06 07:00:00,2.718
2020-02-06 07:30:00,2.718
2020-02-06 08:00:00,2.718
2020-02-06 08:30:00,0.0
2020-02-06 09:00:00,0.0
2020-02-06 09:30:00,0.0
2020-02-06 10:00:00,0.0
2020-02-06 10:30:00,0.0
2020-02-06 11:00:00,0.0
2020-02-06 11:30:00,0.0
2020-02-06 12:00:00,0.0
2020-02-06 12:30:00,2.32725
2020-02-06 13:00:00,12.2052
2020-02-06 13:30:00,22.509124242424242
2020-02-06 14:00:00,48.24559557942058
2020-02-06 14:30:00,81.22289618028171
2020-02-06 15:00:00,133.59954360756203
2020-02-06 15:30:00,156.57803468943337
2020-02-06 16:00:00,152.2610346894334
2020-02-06 16:30:00,145.59428468943338
2020-02-06 17:00:00,143.69633468943337
2020-02-06 17:30:00,129.58301087990955
2020-02-06 18:00:00,122.15796087990957
2020-02-06 18:30:00,121.598432308481
2020-02-06 19:00:00,110.97511917716785
2020-02-06 19:30:00,98.52050806605675
2020-02-06 20:00:00,96.92311311656181
2020-02-06 20:30:00,84.74078584383453
2020-02-06 21:00:00,86.72304518449387
2020-02-06 21:30:00,83.06540708925577
2020-02-06 22:00:00,83.8836035178272
2020-02-06 22:30:00,87.6858154225891
2020-02-06 23:00:00,93.81653486703355
2020-02-06 23:30:00,114.27067653370021
2020-02-07 00:00:00,97.80747770329086
2020-02-07 00:30:00,100.42150953286479
2020-02-07 01:00:00,83.31023233988233
2020-02-07 01:30:00,53.031705067155066
2020-02-07 02:00:00,41.609426495726495
2020-02-07 02:30:00,18.906226495726493
2020-02-07 03:00:00,13.62861111111111
2020-02-07 03:30:00,8.4995
2020-02-07 04:00:00,0.0
2020-02-07 04:30:00,0.0
2020-02-07 05:00:00,0.0
2020-02-07 05:30:00,0.0
2020-02-07 06:00:00,0.0
2020-02-07 06:30:00,0.0
2020-02-07 07:00:00,0.0
2020-02-07 07:30:00,0.0
2020-02-07 08:00:00,0.0
2020-02-07 08:30:00,0.0
2020-02-07 09:00:00,0.0
2020-02-07 09:30:00,0.0
2020-02-07 10:00:00,0.0
2020-02-07 10:30:00,0.0
2020-02-07 11:00:00,0.0
2020-02-07 11:30:00,0.0
2020-02-07 12:00:00,0.0
2020-02-07 12:30:00,3.1093333333333333
2020-02-07 13:00:00,9.248933333333333
2020-02-07 13:30:00,17.831405555555556
2020-02-07 14:00:00,28.77454375431332
2020-02-07 14:30:00,60.348411320080885
2020-02-07 15:00:00,106.31061875153831
2020-02-07 15:30:00,148.38002440699398
2020-02-07 16:00:00,148.38002440699398
2020-02-07 16:30:00,148.38002440699398
2020-02-07 17:00:00,145.61002440699397
2020-02-07 17:30:00,132.85267440699397
2020-02-07 18:00:00,102.91271012127969
2020-02-07 18:30:00,103.62264662921619
2020-02-07 19:00:00,118.67009186731143
2020-02-07 19:30:00,104.92804742286698
2020-02-07 20:00:00,96.55814237236194
2020-02-07 20:30:00,83.19236509963467
2020-02-07 21:00:00,69.75128368105325
2020-02-07 21:30:00,70.9648908239104
2020-02-07 22:00:00,63.126948516218086
2020-02-07 22:30:00,74.13732629399586
2020-02-07 23:00:00,63.311104071773634
2020-02-07 23:30:00,72.2265207384403
2020-02-08 00:00:00,64.29358740510698
2020-02-08 00:30:00,56.24722629399586
2020-02-08 01:00:00,37.822140579710144
2020-02-08 01:30:00,29.816216666666666
2020-02-08 02:00:00,25.964466666666667
2020-02-08 02:30:00,25.964466666666667
2020-02-08 03:00:00,19.4738
2020-02-08 03:30:00,5.539000000000001
2020-02-08 04:00:00,5.539000000000001
2020-02-08 04:30:00,5.539000000000001
2020-02-08 05:00:00,5.539000000000001
2020-02-08 05:30:00,5.539000000000001
2020-02-08 06:00:00,5.539000000000001
2020-02-08 06:30:00,5.539000000000001
2020-02-08 07:00:00,5.539000000000001
2020-02-08 07:30:00,0.0
2020-02-08 08:00:00,0.0
2020-02-08 08:30:00,0.0
2020-02-08 09:00:00,0.0
2020-02-08 09:30:00,0.0
2020-02-08 10:00:00,0.0
2020-02-08 10:30:00,0.0
2020-02-08 11:00:00,0.0
2020-02-08 11:30:00,0.0
2020-02-08 12:00:00,0.0
2020-02-08 12:30:00,0.0
2020-02-08 13:00:00,0.0
2020-02-08 13:30:00,0.0
2020-02-08 14:00:00,0.0
2020-02-08 14:30:00,0.0
2020-02-08 15:00:00,5.943142857142857
2020-02-08 15:30:00,5.943142857142857
2020-02-08 16:00:00,5.943142857142857
2020-02-08 16:30:00,5.943142857142857
2020-02-08 17:00:00,5.943142857142857
2020-02-08 17:30:00,5.943142857142857
2020-02-08 18:00:00,5.943142857142857
2020-02-08 18:30:00,0.0
2020-02-08 19:00:00,0.0
2020-02-08 19:30:00,0.0
2020-02-08 20:00:00,0.0
2020-02-08 20:30:00,0.0
2020-02-08 21:00:00,0.0
2020-02-08 21:30:00,0.0
2020-02-08 22:00:00,0.0
2020-02-08 22:30:00,0.0
2020-02-08 23:00:00,0.0
2020-02-08 23:30:00,0.0
2020-02-09 00:00:00,0.0
2020-02-09 00:30:00,0.0
2020-02-09 01:00:00,0.0
2020-02-09 01:30:00,0.0
2020-02-09 02:00:00,0.0
2020-02-09 02:30:00,0.0
2020-02-09 03:00:00,0.0
2020-02-09 03:30:00,0.0
2020-02-09 04:00:00,0.0
2020-02-09 04:30:00,0.0
2020-02-09 05:00:00,0.0
2020-02-09 05:30:00,0.0
2020-02-09 06:00:00,0.0
2020-02-09 06:30:00,0.0
2020-02-09 07:00:00,0.0
2020-02-09 07:30:00,0.0
2020-02-09 08:00:00,0.0
2020-02-09 08:30:00,0.0
2020-02-09 09:00:00,0.0
2020-02-09 09:30:00,0.0
2020-02-09 10:00:00,0.0
2020-02-09 10:30:00,0.0
2020-02-09 11:00:00,0.0
2020-02-09 11:30:00,0.0
2020-02-09 12:00:00,0.0
2020-02-09 12:30:00,0.0
2020-02-09 13:00:00,0.0
2020-02-09 13:30:00,0.0
2020-02-09 14:00:00,0.0
2020-02-09 14:30:00,0.0
2020-02-09 15:00:00,0.0
2020-02-09 15:30:00,0.0
2020-02-09 16:00:00,4.618
2020-02-09 16:30:00,4.618
2020-02-09 17:00:00,0.0
2020-02-09 17:30:00,0.0
2020-02-09 18:00:00,0.0
2020-02-09 18:30:00,0.0
2020-02-09 19:00:00,0.0
2020-02-09 19:30:00,0.0
2020-02-09 20:00:00,5.822
2020-02-09 20:30:00,0.0
2020-02-09 21:00:00,0.0
2020-02-09 21:30:00,6.424666666666667
2020-02-09 22:00:00,6.424666666666667
2020-02-09 22:30:00,6.424666666666667
2020-02-09 23:00:00,6.424666666666667
2020-02-09 23:30:00,6.424666666666667
2020-02-10 00:00:00,6.424666666666667
2020-02-10 00:30:00,6.424666666666667
2020-02-10 01:00:00,6.424666666666667
2020-02-10 01:30:00,6.424666666666667
2020-02-10 02:00:00,0.0
2020-02-10 02:30:00,0.0
2020-02-10 03:00:00,0.0
2020-02-10 03:30:00,0.0
2020-02-10 04:00:00,0.0
2020-02-10 04:30:00,0.0
2020-02-10 05:00:00,0.0
2020-02-10 05:30:00,0.0
2020-02-10 06:00:00,0.0
2020-02-10 06:30:00,0.0
2020-02-10 07:00:00,0.0
2020-02-10 07:30:00,0.0
2020-02-10 08:00:00,0.0
2020-02-10 08:30:00,0.0
2020-02-10 09:00:00,0.0
2020-02-10 09:30:00,0.0
2020-02-10 10:00:00,0.0
2020-02-10 10:30:00,0.0
2020-02-10 11:00:00,0.0
2020-02-10 11:30:00,0.0
2020-02-10 12:00:00,0.0
2020-02-10 12:30:00,0.0
2020-02-10 13:00:00,7.8492
2020-02-10 13:30:00,10.219533333333334
2020-02-10 14:00:00,49.922968880345664
2020-02-10 14:30:00,83.1091004099272
2020-02-10 15:00:00,143.79368241697244
2020-02-10 15:30:00,171.1122933287215
2020-02-10 16:00:00,168.9322933287215
2020-02-10 16:30:00,159.48235999538818
2020-02-10 17:00:00,154.61155999538818
2020-02-10 17:30:00,147.95955999538816
2020-02-10 18:00:00,140.70148856681675
2020-02-10 18:30:00,134.49034570967387
2020-02-10 19:00:00,122.72259570967388
2020-02-10 19:30:00,111.66754015411833
2020-02-10 20:00:00,104.33208560866379
2020-02-10 20:30:00,89.14856043383861
2020-02-10 21:00:00,98.72510588838406
2020-02-10 21:30:00,88.6858392217174
2020-02-10 22:00:00,79.07426779314596
2020-02-10 22:30:00,81.03307661667537
2020-02-10 23:00:00,95.26739209286586
2020-02-10 23:30:00,66.8731599377231
2020-02-11 00:00:00,65.65362660438976
2020-02-11 00:30:00,73.23594406470723
2020-02-11 01:00:00,58.95950108225108
2020-02-11 01:30:00,40.493834415584416
2020-02-11 02:00:00,30.287834415584417
2020-02-11 02:30:00,21.184250000000002
2020-02-11 03:00:00,15.44525
2020-02-11 03:30:00,15.44525
2020-02-11 04:00:00,12.715250000000001
2020-02-11 04:30:00,12.715250000000001
2020-02-11 05:00:00,0.0
2020-02-11 05:30:00,0.0
2020-02-11 06:00:00,0.0
2020-02-11 06:30:00,2.787333333333333
2020-02-11 07:00:00,2.787333333333333
2020-02-11 07:30:00,2.787333333333333
2020-02-11 08:00:00,0.0
2020-02-11 08:30:00,0.0
2020-02-11 09:00:00,0.0
2020-02-11 09:30:00,0.0
2020-02-11 10:00:00,0.0
2020-02-11 10:30:00,0.0
2020-02-11 11:00:00,0.0
2020-02-11 11:30:00,0.0
2020-02-11 12:00:00,0.0
2020-02-11 12:30:00,3.1343333333333336
2020-02-11 13:00:00,5.5751333333333335
2020-02-11 13:30:00,13.357533333333333
2020-02-11 14:00:00,34.067245505474915
2020-02-11 14:30:00,60.94151177254118
2020-02-11 15:00:00,100.43357264251915
2020-02-11 15:30:00,154.82973817064428
2020-02-11 16:00:00,149.3473381706443
2020-02-11 16:30:00,149.3473381706443
2020-02-11 17:00:00,140.8109715039776
2020-02-11 17:30:00,124.54514293254906
2020-02-11 18:00:00,114.04182864683476
2020-02-11 18:30:00,109.98111436112048
2020-02-11 19:00:00,99.4644119801681
2020-02-11 19:30:00,91.38503066703677
2020-02-11 20:00:00,87.83967612158223
2020-02-11 20:30:00,74.82169430340042
2020-02-11 21:00:00,57.078602423058534
2020-02-11 21:30:00,60.1832690897252
2020-02-11 22:00:00,69.56569766115378
2020-02-11 22:30:00,62.447899341826044
2020-02-11 23:00:00,85.38754100849272
2020-02-11 23:30:00,91.6675410084927
2020-02-12 00:00:00,80.3567233614339
2020-02-12 00:30:00,85.5473083816768
2020-02-12 01:00:00,53.71832153957154
2020-02-12 01:30:00,30.160570745920747
2020-02-12 02:00:00,22.885070745920746
2020-02-12 02:30:00,14.996352564102564
2020-02-12 03:00:00,8.954102564102564
2020-02-12 03:30:00,6.328769230769231
2020-02-12 04:00:00,6.328769230769231
2020-02-12 04:30:00,6.328769230769231
2020-02-12 05:00:00,6.328769230769231
2020-02-12 05:30:00,6.328769230769231
2020-02-12 06:00:00,6.328769230769231
2020-02-12 06:30:00,6.328769230769231
2020-02-12 07:00:00,2.6325
2020-02-12 07:30:00,2.6325
2020-02-12 08:00:00,2.6325
2020-02-12 08:30:00,2.6325
2020-02-12 09:00:00,0.0
2020-02-12 09:30:00,0.0
2020-02-12 10:00:00,0.0
2020-02-12 10:30:00,0.0
2020-02-12 11:00:00,0.0
2020-02-12 11:30:00,0.0
2020-02-12 12:00:00,0.0
2020-02-12 12:30:00,2.69
2020-02-12 13:00:00,9.7608
2020-02-12 13:30:00,15.200050000000001
2020-02-12 14:00:00,36.696590267335004
2020-02-12 14:30:00,56.238936046555786
2020-02-12 15:00:00,121.47553860151716
2020-02-12 15:30:00,158.35289446052744
2020-02-12 16:00:00,151.53889446052744
2020-02-12 16:30:00,151.53889446052744
2020-02-12 17:00:00,146.86722779386076
2020-02-12 17:30:00,141.3105492224322
2020-02-12 18:00:00,137.71971588909886
2020-02-12 18:30:00,123.57693414306712
2020-02-12 19:00:00,112.99843414306712
2020-02-12 19:30:00,96.91665636528934
2020-02-12 20:00:00,81.45821192084489
2020-02-12 20:30:00,80.78930838549135
2020-02-12 21:00:00,72.85897505215803
2020-02-12 21:30:00,65.35285124263422
2020-02-12 22:00:00,64.41224409977707
2020-02-12 22:30:00,65.25347386168184
2020-02-12 23:00:00,77.21787386168184
2020-02-12 23:30:00,66.69166036838978
2020-02-13 00:00:00,71.86371919191919
2020-02-13 00:30:00,65.02580252525253
2020-02-13 01:00:00,40.19151363636364
2020-02-13 01:30:00,29.25675
2020-02-13 02:00:00,20.657
2020-02-13 02:30:00,14.5625
2020-02-13 03:00:00,8.3175
2020-02-13 03:30:00,2.7105
2020-02-13 04:00:00,5.235454545454545
2020-02-13 04:30:00,5.235454545454545
2020-02-13 05:00:00,5.235454545454545
2020-02-13 05:30:00,5.235454545454545
2020-02-13 06:00:00,5.235454545454545
2020-02-13 06:30:00,5.235454545454545
2020-02-13 07:00:00,5.235454545454545
2020-02-13 07:30:00,5.235454545454545
2020-02-13 08:00:00,5.235454545454545
2020-02-13 08:30:00,5.235454545454545
2020-02-13 09:00:00,5.235454545454545
2020-02-13 09:30:00,0.0
2020-02-13 10:00:00,0.0
2020-02-13 10:30:00,0.0
2020-02-13 11:00:00,0.0
2020-02-13 11:30:00,0.0
2020-02-13 12:00:00,0.0
2020-02-13 12:30:00,2.648285714285714
2020-02-13 13:00:00,5.058285714285715
2020-02-13 13:30:00,16.64055253968254
2020-02-13 14:00:00,39.01967981240981
2020-02-13 14:30:00,95.36230899433899
2020-02-13 15:00:00,135.15606748555538
2020-02-13 15:30:00,168.06917576975485
2020-02-13 16:00:00,162.81649005546913
2020-02-13 16:30:00,155.73062338880246
2020-02-13 17:00:00,145.5444232300723
2020-02-13 17:30:00,137.7564232300723
2020-02-13 18:00:00,135.67075656340563
2020-02-13 18:30:00,134.56175656340562
2020-02-13 19:00:00,118.14816767451674
2020-02-13 19:30:00,109.83516817956725
2020-02-13 20:00:00,111.51474595734503
2020-02-13 20:30:00,98.87129141189048
2020-02-13 21:00:00,67.54609094569001
2020-02-13 21:30:00,67.97702501162408
2020-02-13 22:00:00,54.97486676986584
2020-02-13 22:30:00,59.34675565875473
2020-02-13 23:00:00,53.12088899208806
2020-02-13 23:30:00,59.5257223254214
2020-02-14 00:00:00,69.83470467836257
2020-02-14 00:30:00,49.806555555555555
2020-02-14 01:00:00,44.30255555555556
2020-02-14 01:30:00,33.40359494949495
2020-02-14 02:00:00,34.370428282828286
2020-02-14 02:30:00,29.060828282828282
2020-02-14 03:00:00,23.745272727272727
2020-02-14 03:30:00,17.641272727272728
2020-02-14 04:00:00,17.641272727272728
2020-02-14 04:30:00,17.641272727272728
2020-02-14 05:00:00,5.597272727272728
2020-02-14 05:30:00,5.597272727272728
2020-02-14 06:00:00,8.329772727272728
2020-02-14 06:30:00,8.329772727272728
2020-02-14 07:00:00,2.7325
2020-02-14 07:30:00,2.7325
2020-02-14 08:00:00,0.0
2020-02-14 08:30:00,0.0
2020-02-14 09:00:00,0.0
2020-02-14 09:30:00,0.0
2020-02-14 10:00:00,0.0
2020-02-14 10:30:00,0.0
2020-02-14 11:00:00,0.0
2020-02-14 11:30:00,0.0
2020-02-14 12:00:00,0.0
2020-02-14 12:30:00,0.0
2020-02-14 13:00:00,2.948
2020-02-14 13:30:00,8.776
2020-02-14 14:00:00,6.167333333333334
2020-02-14 14:30:00,9.590666666666667
2020-02-14 15:00:00,26.343956177156176
2020-02-14 15:30:00,50.119257764457764
2020-02-14 16:00:00,54.05625776445776
2020-02-14 16:30:00,54.05625776445776
2020-02-14 17:00:00,45.398924431124435
2020-02-14 17:30:00,52.19542443112443
2020-02-14 18:00:00,56.8811910977911
2020-02-14 18:30:00,68.00604824064824
2020-02-14 19:00:00,63.439736552336555
2020-02-14 19:30:00,60.586403219003216
2020-02-14 20:00:00,47.70415877455878
2020-02-14 20:30:00,44.127643623043625
2020-02-14 21:00:00,38.02164362304362
2020-02-14 21:30:00,35.28783593073593
2020-02-14 22:00:00,34.72797878787879
2020-02-14 22:30:00,41.8800393939394
2020-02-14 23:00:00,44.09737272727273
2020-02-14 23:30:00,33.90137272727273
2020-02-15 00:00:00,27.603206060606063
2020-02-15 00:30:00,15.055327272727274
2020-02-15 01:00:00,15.055327272727274
2020-02-15 01:30:00,15.055327272727274
2020-02-15 02:00:00,8.812327272727273
2020-02-15 02:30:00,8.812327272727273
2020-02-15 03:00:00,8.812327272727273
2020-02-15 03:30:00,8.812327272727273
2020-02-15 04:00:00,0.0
2020-02-15 04:30:00,0.0
2020-02-15 05:00:00,0.0
2020-02-15 05:30:00,0.0
2020-02-15 06:00:00,0.0
2020-02-15 06:30:00,0.0
2020-02-15 07:00:00,0.0
2020-02-15 07:30:00,0.0
2020-02-15 08:00:00,0.0
2020-02-15 08:30:00,0.0
2020-02-15 09:00:00,0.0
2020-02-15 09:30:00,0.0
2020-02-15 10:00:00,0.0
2020-02-15 10:30:00,0.0
2020-02-15 11:00:00,0.0
2020-02-15 11:30:00,0.0
2020-02-15 12:00:00,0.0
2020-02-15 12:30:00,0.0
2020-02-15 13:00:00,0.0
2020-02-15 13:30:00,0.0
2020-02-15 14:00:00,0.0
2020-02-15 14:30:00,0.0
2020-02-15 15:00:00,0.0
2020-02-15 15:30:00,0.0
2020-02-15 16:00:00,0.0
2020-02-15 16:30:00,0.0
2020-02-15 17:00:00,0.0
2020-02-15 17:30:00,0.0
2020-02-15 18:00:00,0.0
2020-02-15 18:30:00,0.0
2020-02-15 19:00:00,0.0
2020-02-15 19:30:00,0.0
2020-02-15 20:00:00,0.0
2020-02-15 20:30:00,6.075333333333333
2020-02-15 21:00:00,6.075333333333333
2020-02-15 21:30:00,6.075333333333333
2020-02-15 22:00:00,6.075333333333333
2020-02-15 22:30:00,6.075333333333333
2020-02-15 23:00:00,6.075333333333333
2020-02-15 23:30:00,8.628533333333333
2020-02-16 00:00:00,8.628533333333333
2020-02-16 00:30:00,8.628533333333333
2020-02-16 01:00:00,2.5532
2020-02-16 01:30:00,2.5532
2020-02-16 02:00:00,0.0
2020-02-16 02:30:00,0.0
2020-02-16 03:00:00,0.0
2020-02-16 03:30:00,0.0
2020-02-16 04:00:00,0.0
2020-02-16 04:30:00,0.0
2020-02-16 05:00:00,0.0
2020-02-16 05:30:00,0.0
2020-02-16 06:00:00,0.0
2020-02-16 06:30:00,0.0
2020-02-16 07:00:00,0.0
2020-02-16 07:30:00,0.0
2020-02-16 08:00:00,0.0
2020-02-16 08:30:00,0.0
2020-02-16 09:00:00,0.0
2020-02-16 09:30:00,0.0
2020-02-16 10:00:00,0.0
2020-02-16 10:30:00,0.0
2020-02-16 11:00:00,0.0
2020-02-16 11:30:00,0.0
2020-02-16 12:00:00,0.0
2020-02-16 12:30:00,0.0
2020-02-16 13:00:00,0.0
2020-02-16 13:30:00,0.0
2020-02-16 14:00:00,0.0
2020-02-16 14:30:00,0.0
2020-02-16 15:00:00,0.0
2020-02-16 15:30:00,0.0
2020-02-16 16:00:00,0.0
2020-02-16 16:30:00,0.0
2020-02-16 17:00:00,0.0
2020-02-16 17:30:00,0.0
2020-02-16 18:00:00,3.4585
2020-02-16 18:30:00,3.4585
2020-02-16 19:00:00,9.463999999999999
2020-02-16 19:30:00,9.463999999999999
2020-02-16 20:00:00,6.0055
2020-02-16 20:30:00,6.0055
2020-02-16 21:00:00,6.111142857142857
2020-02-16 21:30:00,6.111142857142857
2020-02-16 22:00:00,6.111142857142857
2020-02-16 22:30:00,6.111142857142857
2020-02-16 23:00:00,6.111142857142857
2020-02-16 23:30:00,6.111142857142857
2020-02-17 00:00:00,6.111142857142857
2020-02-17 00:30:00,0.0
2020-02-17 01:00:00,0.0
2020-02-17 01:30:00,0.0
2020-02-17 02:00:00,0.0
2020-02-17 02:30:00,0.0
2020-02-17 03:00:00,0.0
2020-02-17 03:30:00,0.0
2020-02-17 04:00:00,0.0
2020-02-17 04:30:00,0.0
2020-02-17 05:00:00,0.0
2020-02-17 05:30:00,0.0
2020-02-17 06:00:00,0.0
2020-02-17 06:30:00,0.0
2020-02-17 07:00:00,0.0
2020-02-17 07:30:00,0.0
2020-02-17 08:00:00,0.0
2020-02-17 08:30:00,0.0
2020-02-17 09:00:00,0.0
2020-02-17 09:30:00,0.0
2020-02-17 10:00:00,0.0
2020-02-17 10:30:00,0.0
2020-02-17 11:00:00,0.0
2020-02-17 11:30:00,0.0
2020-02-17 12:00:00,0.0
2020-02-17 12:30:00,0.0
2020-02-17 13:00:00,0.0
2020-02-17 13:30:00,0.0
2020-02-17 14:00:00,0.0
2020-02-17 14:30:00,0.0
2020-02-17 15:00:00,0.0
2020-02-17 15:30:00,0.0
2020-02-17 16:00:00,0.0
2020-02-17 16:30:00,0.0
2020-02-17 17:00:00,5.3876
2020-02-17 17:30:00,5.3876
2020-02-17 18:00:00,11.3911
2020-02-17 18:30:00,11.3911
2020-02-17 19:00:00,11.3911
2020-02-17 19:30:00,13.2915
2020-02-17 20:00:00,11.503499999999999
2020-02-17 20:30:00,11.503499999999999
2020-02-17 21:00:00,11.503499999999999
2020-02-17 21:30:00,6.0035
2020-02-17 22:00:00,0.0
2020-02-17 22:30:00,11.991
2020-02-17 23:00:00,11.991
2020-02-17 23:30:00,0.0
2020-02-18 00:00:00,0.0
2020-02-18 00:30:00,0.0
2020-02-18 01:00:00,0.0
2020-02-18 01:30:00,0.0
2020-02-18 02:00:00,0.0
2020-02-18 02:30:00,0.0
2020-02-18 03:00:00,0.0
2020-02-18 03:30:00,0.0
2020-02-18 04:00:00,0.0
2020-02-18 04:30:00,0.0
2020-02-18 05:00:00,0.0
2020-02-18 05:30:00,0.0
2020-02-18 06:00:00,0.0
2020-02-18 06:30:00,0.0
2020-02-18 07:00:00,0.0
2020-02-18 07:30:00,0.0
2020-02-18 08:00:00,0.0
2020-02-18 08:30:00,0.0
2020-02-18 09:00:00,0.0
2020-02-18 09:30:00,0.0
2020-02-18 10:00:00,0.0
2020-02-18 10:30:00,0.0
2020-02-18 11:00:00,0.0
2020-02-18 11:30:00,0.0
2020-02-18 12:00:00,0.0
2020-02-18 12:30:00,3.0549999999999997
2020-02-18 13:00:00,12.072827272727274
2020-02-18 13:30:00,14.042493939393939
2020-02-18 14:00:00,33.988303463203465
2020-02-18 14:30:00,74.33289372294372
2020-02-18 15:00:00,118.02102846401964
2020-02-18 15:30:00,156.45581680131014
2020-02-18 16:00:00,159.97961680131016
2020-02-18 16:30:00,159.97961680131016
2020-02-18 17:00:00,142.54601680131015
2020-02-18 17:30:00,137.61201680131015
2020-02-18 18:00:00,123.60817553146887
2020-02-18 18:30:00,108.33259219813554
2020-02-18 19:00:00,101.88170330924666
2020-02-18 19:30:00,88.24348108702443
2020-02-18 20:00:00,84.64668664258
2020-02-18 20:30:00,103.42900886480221
2020-02-18 21:00:00,97.72105691675026
2020-02-18 21:30:00,100.28792871162206
2020-02-18 22:00:00,93.8620825577759
2020-02-18 22:30:00,78.83337620856955
2020-02-18 23:00:00,72.63290954190289
2020-02-18 23:30:00,77.74528078373295
2020-02-19 00:00:00,79.25841135414294
2020-02-19 00:30:00,75.70974468747626
2020-02-19 01:00:00,58.52025930735931
2020-02-19 01:30:00,34.612471428571425
2020-02-19 02:00:00,19.403399999999998
2020-02-19 02:30:00,11.171399999999998
2020-02-19 03:00:00,6.1884
2020-02-19 03:30:00,0.0
2020-02-19 04:00:00,2.7235
2020-02-19 04:30:00,2.7235
2020-02-19 05:00:00,2.7235
2020-02-19 05:30:00,2.7235
2020-02-19 06:00:00,0.0
2020-02-19 06:30:00,0.0
2020-02-19 07:00:00,0.0
2020-02-19 07:30:00,0.0
2020-02-19 08:00:00,0.0
2020-02-19 08:30:00,0.0
2020-02-19 09:00:00,0.0
2020-02-19 09:30:00,0.0
2020-02-19 10:00:00,0.0
2020-02-19 10:30:00,0.0
2020-02-19 11:00:00,0.0
2020-02-19 11:30:00,0.0
2020-02-19 12:00:00,0.0
2020-02-19 12:30:00,3.1016666666666666
2020-02-19 13:00:00,11.168066666666666
2020-02-19 13:30:00,13.676638095238095
2020-02-19 14:00:00,37.11029898989899
2020-02-19 14:30:00,66.99330375180375
2020-02-19 15:00:00,99.14170771059007
2020-02-19 15:30:00,151.06312401095636
2020-02-19 16:00:00,151.87023512206747
2020-02-19 16:30:00,143.05773512206747
2020-02-19 17:00:00,132.20566369349604
2020-02-19 17:30:00,115.08523512206747
2020-02-19 18:00:00,99.03819702682938
2020-02-19 18:30:00,85.51649067762303
2020-02-19 19:00:00,80.96399067762303
2020-02-19 19:30:00,74.24028613216848
2020-02-19 20:00:00,69.68756818345054
2020-02-19 20:30:00,70.37764091072326
2020-02-19 21:00:00,63.16414091072326
2020-02-19 21:30:00,50.86855666163901
2020-02-19 22:00:00,45.273961789844144
2020-02-19 22:30:00,51.46612845651081
2020-02-19 23:00:00,54.65872845651081
2020-02-19 23:30:00,61.981026495726496
2020-02-20 00:00:00,76.31999316239316
2020-02-20 00:30:00,78.17219316239316
2020-02-20 01:00:00,53.19132014652015
2020-02-20 01:30:00,33.76202014652014
2020-02-20 02:00:00,24.87308205128205
2020-02-20 02:30:00,21.498966666666664
2020-02-20 03:00:00,11.829633333333332
2020-02-20 03:30:00,5.9063
2020-02-20 04:00:00,5.9063
2020-02-20 04:30:00,3.2037999999999998
2020-02-20 05:00:00,0.0
2020-02-20 05:30:00,0.0
2020-02-20 06:00:00,0.0
2020-02-20 06:30:00,0.0
2020-02-20 07:00:00,0.0
2020-02-20 07:30:00,0.0
2020-02-20 08:00:00,0.0
2020-02-20 08:30:00,0.0
2020-02-20 09:00:00,0.0
2020-02-20 09:30:00,0.0
2020-02-20 10:00:00,0.0
2020-02-20 10:30:00,0.0
2020-02-20 11:00:00,0.0
2020-02-20 11:30:00,0.0
2020-02-20 12:00:00,0.0
2020-02-20 12:30:00,3.1673333333333336
2020-02-20 13:00:00,5.5709333333333335
2020-02-20 13:30:00,17.89398917929293
2020-02-20 14:00:00,44.654879655483406
2020-02-20 14:30:00,65.89119026154401
2020-02-20 15:00:00,102.35827839285714
2020-02-20 15:30:00,138.8694187289916
2020-02-20 16:00:00,150.90027587184875
2020-02-20 16:30:00,145.54717587184874
2020-02-20 17:00:00,135.8958425385154
2020-02-20 17:30:00,110.04518755835667
2020-02-20 18:00:00,108.71902089169001
2020-02-20 18:30:00,105.03169946311857
2020-02-20 19:00:00,85.32465574017486
2020-02-20 19:30:00,64.88974304176216
2020-02-20 20:00:00,47.03118243570155
2020-02-20 20:30:00,61.986813748832866
2020-02-20 21:00:00,66.58264525066437
2020-02-20 21:30:00,60.50164525066437
2020-02-20 22:00:00,44.61205001256913
2020-02-20 22:30:00,42.29648334590246
2020-02-20 23:00:00,40.37215834590246
2020-02-20 23:30:00,56.100158345902464
2020-02-21 00:00:00,58.03550848595849
2020-02-21 00:30:00,57.85584181929182
2020-02-21 01:00:00,51.38785293040293
2020-02-21 01:30:00,45.41765293040293
2020-02-21 02:00:00,27.244319597069598
2020-02-21 02:30:00,20.503986263736262
2020-02-21 03:00:00,9.345736263736264
2020-02-21 03:30:00,0.0
2020-02-21 04:00:00,0.0
2020-02-21 04:30:00,0.0
2020-02-21 05:00:00,0.0
2020-02-21 05:30:00,0.0
2020-02-21 06:00:00,3.2213333333333334
2020-02-21 06:30:00,3.2213333333333334
2020-02-21 07:00:00,3.2213333333333334
2020-02-21 07:30:00,0.0
2020-02-21 08:00:00,0.0
2020-02-21 08:30:00,0.0
2020-02-21 09:00:00,0.0
2020-02-21 09:30:00,0.0
2020-02-21 10:00:00,0.0
2020-02-21 10:30:00,0.0
2020-02-21 11:00:00,0.0
2020-02-21 11:30:00,0.0
2020-02-21 12:00:00,0.0
2020-02-21 12:30:00,6.163333333333333
2020-02-21 13:00:00,6.163333333333333
2020-02-21 13:30:00,20.12063916083916
2020-02-21 14:00:00,28.06957097902098
2020-02-21 14:30:00,62.74775659340659
2020-02-21 15:00:00,112.57006447451757
2020-02-21 15:30:00,161.09769998459572
2020-02-21 16:00:00,155.83419998459573
2020-02-21 16:30:00,155.83419998459573
2020-02-21 17:00:00,142.56389998459574
2020-02-21 17:30:00,123.9654666512624
2020-02-21 18:00:00,127.8499904607862
2020-02-21 18:30:00,113.22734284173859
2020-02-21 19:00:00,107.84988829628404
2020-02-21 19:30:00,101.57754536699112
2020-02-21 20:00:00,72.55219711524286
2020-02-21 20:30:00,62.40760317584892
2020-02-21 21:00:00,62.01135608960183
2020-02-21 21:30:00,65.45357513722088
2020-02-21 22:00:00,54.3702020602978
2020-02-21 22:30:00,66.6477020602978
2020-02-21 23:00:00,67.20226872696448
2020-02-21 23:30:00,66.03850255049389
2020-02-22 00:00:00,46.373804511278195
2020-02-22 00:30:00,27.241357142857144
2020-02-22 01:00:00,17.0195
2020-02-22 01:30:00,17.350333333333335
2020-02-22 02:00:00,9.806333333333333
2020-02-22 02:30:00,9.806333333333333
2020-02-22 03:00:00,0.0
2020-02-22 03:30:00,0.0
2020-02-22 04:00:00,0.0
2020-02-22 04:30:00,0.0
2020-02-22 05:00:00,2.7115
2020-02-22 05:30:00,2.7115
2020-02-22 06:00:00,2.7115
2020-02-22 06:30:00,2.7115
2020-02-22 07:00:00,0.0
2020-02-22 07:30:00,0.0
2020-02-22 08:00:00,0.0
2020-02-22 08:30:00,0.0
2020-02-22 09:00:00,0.0
2020-02-22 09:30:00,0.0
2020-02-22 10:00:00,0.0
2020-02-22 10:30:00,0.0
2020-02-22 11:00:00,0.0
2020-02-22 11:30:00,0.0
2020-02-22 12:00:00,0.0
2020-02-22 12:30:00,0.0
2020-02-22 13:00:00,0.0
2020-02-22 13:30:00,0.0
2020-02-22 14:00:00,0.0
2020-02-22 14:30:00,4.52
2020-02-22 15:00:00,4.52
2020-02-22 15:30:00,4.52
2020-02-22 16:00:00,4.52
2020-02-22 16:30:00,0.0
2020-02-22 17:00:00,6.645333333333333
2020-02-22 17:30:00,6.645333333333333
2020-02-22 18:00:00,12.424
2020-02-22 18:30:00,12.424
2020-02-22 19:00:00,18.6008
2020-02-22 19:30:00,12.822133333333333
2020-02-22 20:00:00,6.1768
2020-02-22 20:30:00,6.1768
2020-02-22 21:00:00,14.338799999999999
2020-02-22 21:30:00,14.338799999999999
2020-02-22 22:00:00,14.338799999999999
2020-02-22 22:30:00,14.338799999999999
2020-02-22 23:00:00,6.1768
2020-02-22 23:30:00,6.1768
2020-02-23 00:00:00,0.0
2020-02-23 00:30:00,2.6213333333333333
2020-02-23 01:00:00,2.6213333333333333
2020-02-23 01:30:00,2.6213333333333333
2020-02-23 02:00:00,0.0
2020-02-23 02:30:00,2.7595
2020-02-23 03:00:00,2.7595
2020-02-23 03:30:00,2.7595
2020-02-23 04:00:00,2.7595
2020-02-23 04:30:00,0.0
2020-02-23 05:00:00,0.0
2020-02-23 05:30:00,0.0
2020-02-23 06:00:00,0.0
2020-02-23 06:30:00,0.0
2020-02-23 07:00:00,0.0
2020-02-23 07:30:00,0.0
2020-02-23 08:00:00,0.0
2020-02-23 08:30:00,0.0
2020-02-23 09:00:00,0.0
2020-02-23 09:30:00,0.0
2020-02-23 10:00:00,0.0
2020-02-23 10:30:00,0.0
2020-02-23 11:00:00,0.0
2020-02-23 11:30:00,0.0
2020-02-23 12:00:00,0.0
2020-02-23 12:30:00,0.0
2020-02-23 13:00:00,0.0
2020-02-23 13:30:00,0.0
2020-02-23 14:00:00,0.0
2020-02-23 14:30:00,6.27
2020-02-23 15:00:00,6.27
2020-02-23 15:30:00,6.27
2020-02-23 16:00:00,0.0
2020-02-23 16:30:00,0.0
2020-02-23 17:00:00,1.866
2020-02-23 17:30:00,1.866
2020-02-23 18:00:00,0.0
2020-02-23 18:30:00,0.0
2020-02-23 19:00:00,0.0
2020-02-23 19:30:00,6.724
2020-02-23 20:00:00,6.724
2020-02-23 20:30:00,6.724
2020-02-23 21:00:00,6.354
2020-02-23 21:30:00,6.354
2020-02-23 22:00:00,6.354
2020-02-23 22:30:00,0.0
2020-02-23 23:00:00,0.0
2020-02-23 23:30:00,6.391333333333333
2020-02-24 00:00:00,6.391333333333333
2020-02-24 00:30:00,6.391333333333333
2020-02-24 01:00:00,0.0
2020-02-24 01:30:00,0.0
2020-02-24 02:00:00,0.0
2020-02-24 02:30:00,0.0
2020-02-24 03:00:00,0.0
2020-02-24 03:30:00,0.0
2020-02-24 04:00:00,0.0
2020-02-24 04:30:00,0.0
2020-02-24 05:00:00,0.0
2020-02-24 05:30:00,0.0
2020-02-24 06:00:00,0.0
2020-02-24 06:30:00,0.0
2020-02-24 07:00:00,0.0
2020-02-24 07:30:00,0.0
2020-02-24 08:00:00,0.0
2020-02-24 08:30:00,0.0
2020-02-24 09:00:00,0.0
2020-02-24 09:30:00,0.0
2020-02-24 10:00:00,0.0
2020-02-24 10:30:00,0.0
2020-02-24 11:00:00,0.0
2020-02-24 11:30:00,0.0
2020-02-24 12:00:00,0.0
2020-02-24 12:30:00,9.117803921568628
2020-02-24 13:00:00,11.549403921568627
2020-02-24 13:30:00,13.171403921568627
2020-02-24 14:00:00,21.83539093455564
2020-02-24 14:30:00,63.64191577216248
2020-02-24 15:00:00,96.33301577216248
2020-02-24 15:30:00,133.95801145980818
2020-02-24 16:00:00,153.17852788945694
2020-02-24 16:30:00,156.11486122279027
2020-02-24 17:00:00,148.19364877834585
2020-02-24 17:30:00,136.15580115929822
2020-02-24 18:00:00,111.8863154450125
2020-02-24 18:30:00,114.70792973072679
2020-02-24 19:00:00,102.40198528628234
2020-02-24 19:30:00,89.48014937219644
2020-02-24 20:00:00,83.50379937219643
2020-02-24 20:30:00,92.34106603886309
2020-02-24 21:00:00,76.51901148459383
2020-02-24 21:30:00,73.07523053221288
2020-02-24 22:00:00,67.88141752854987
2020-02-24 22:30:00,68.25305652288887
2020-02-24 23:00:00,74.3121898562222
2020-02-24 23:30:00,72.53658985622221
2020-02-25 00:00:00,64.81765652288888
2020-02-25 00:30:00,53.920873609723614
2020-02-25 01:00:00,62.06447360972361
2020-02-25 01:30:00,55.64487360972361
2020-02-25 02:00:00,30.747960606060605
2020-02-25 02:30:00,24.809460606060604
2020-02-25 03:00:00,22.853793939393938
2020-02-25 03:30:00,17.52419393939394
2020-02-25 04:00:00,0.0
2020-02-25 04:30:00,8.7675
2020-02-25 05:00:00,8.7675
2020-02-25 05:30:00,8.7675
2020-02-25 06:00:00,8.7675
2020-02-25 06:30:00,6.078
2020-02-25 07:00:00,6.078
2020-02-25 07:30:00,0.0
2020-02-25 08:00:00,0.0
2020-02-25 08:30:00,0.0
2020-02-25 09:00:00,0.0
2020-02-25 09:30:00,0.0
2020-02-25 10:00:00,0.0
2020-02-25 10:30:00,0.0
2020-02-25 11:00:00,0.0
2020-02-25 11:30:00,0.0
2020-02-25 12:00:00,0.0
2020-02-25 12:30:00,8.311803571428571
2020-02-25 13:00:00,10.326136904761904
2020-02-25 13:30:00,15.400336904761906
2020-02-25 14:00:00,23.863703138528138
2020-02-25 14:30:00,57.0252836940837
2020-02-25 15:00:00,109.46067484640359
2020-02-25 15:30:00,155.64792266247642
2020-02-25 16:00:00,150.9481607577145
2020-02-25 16:30:00,140.7185607577145
2020-02-25 17:00:00,138.2845607577145
2020-02-25 17:30:00,121.65550361485737
2020-02-25 18:00:00,106.77970361485737
2020-02-25 18:30:00,100.15760837676213
2020-02-25 19:00:00,80.93673712676213
2020-02-25 19:30:00,69.0192947025197
2020-02-25 20:00:00,68.17251692474193
2020-02-25 20:30:00,62.546141924741924
2020-02-25 21:00:00,58.58741465201465
2020-02-25 21:30:00,48.59470824175824
2020-02-25 22:00:00,31.596035714285712
2020-02-25 22:30:00,28.407925
2020-02-25 23:00:00,36.506325000000004
2020-02-25 23:30:00,57.06675
2020-02-26 00:00:00,67.48061666666666
2020-02-26 00:30:00,58.72095
2020-02-26 01:00:00,43.46355
2020-02-26 01:30:00,10.6164
2020-02-26 02:00:00,5.5444
2020-02-26 02:30:00,5.5444
2020-02-26 03:00:00,5.5444
2020-02-26 03:30:00,7.418
2020-02-26 04:00:00,7.418
2020-02-26 04:30:00,0.0
2020-02-26 05:00:00,0.0
2020-02-26 05:30:00,0.0
2020-02-26 06:00:00,3.5446666666666666
2020-02-26 06:30:00,3.5446666666666666
2020-02-26 07:00:00,3.5446666666666666
2020-02-26 07:30:00,0.0
2020-02-26 08:00:00,0.0
2020-02-26 08:30:00,0.0
2020-02-26 09:00:00,0.0
2020-02-26 09:30:00,0.0
2020-02-26 10:00:00,0.0
2020-02-26 10:30:00,0.0
2020-02-26 11:00:00,0.0
2020-02-26 11:30:00,0.0
2020-02-26 12:00:00,3.1123333333333334
2020-02-26 12:30:00,7.597266666666666
2020-02-26 13:00:00,9.6736
2020-02-26 13:30:00,9.6736
2020-02-26 14:00:00,31.636841354723707
2020-02-26 14:30:00,50.74617468805704
2020-02-26 15:00:00,88.14559061607467
2020-02-26 15:30:00,119.99521092442129
2020-02-26 16:00:00,144.99994496625666
2020-02-26 16:30:00,147.60364496625664
2020-02-26 17:00:00,136.68027829959
2020-02-26 17:30:00,131.32534496625664
2020-02-26 18:00:00,120.04047829958998
2020-02-26 18:30:00,118.09068464879633
2020-02-26 19:00:00,107.26883464879633
2020-02-26 19:30:00,88.00265081041249
2020-02-26 20:00:00,79.89315636596805
2020-02-26 20:30:00,78.31275636596806
2020-02-26 21:00:00,85.91268363869533
2020-02-26 21:30:00,81.43899133100302
2020-02-26 22:00:00,79.2317056167173
2020-02-26 22:30:00,65.03671391234325
2020-02-26 23:00:00,69.6200694678988
2020-02-26 23:30:00,70.30395182083998
2020-02-27 00:00:00,64.36457682083997
2020-02-27 00:30:00,60.06201062931951
2020-02-27 01:00:00,53.246191331073895
2020-02-27 01:30:00,32.26213869949495
2020-02-27 02:00:00,38.66647203282828
2020-02-27 02:30:00,16.784233333333333
2020-02-27 03:00:00,16.784233333333333
2020-02-27 03:30:00,6.337833333333333
2020-02-27 04:00:00,12.042722222222222
2020-02-27 04:30:00,12.042722222222222
2020-02-27 05:00:00,11.77888888888889
2020-02-27 05:30:00,11.77888888888889
2020-02-27 06:00:00,11.77888888888889
2020-02-27 06:30:00,14.505888888888888
2020-02-27 07:00:00,14.505888888888888
2020-02-27 07:30:00,14.505888888888888
2020-02-27 08:00:00,14.505888888888888
2020-02-27 08:30:00,6.074
2020-02-27 09:00:00,6.074
2020-02-27 09:30:00,6.074
2020-02-27 10:00:00,0.0
2020-02-27 10:30:00,0.0
2020-02-27 11:00:00,0.0
2020-02-27 11:30:00,0.0
2020-02-27 12:00:00,0.0
2020-02-27 12:30:00,2.7294285714285715
2020-02-27 13:00:00,4.804428571428572
2020-02-27 13:30:00,22.308761904761905
2020-02-27 14:00:00,35.92584065934066
2020-02-27 14:30:00,60.16032529137529
2020-02-27 15:00:00,101.00034278555981
2020-02-27 15:30:00,120.4704544738715
2020-02-27 16:00:00,131.3780814579985
2020-02-27 16:30:00,134.66543701355405
2020-02-27 17:00:00,136.9121036802207
2020-02-27 17:30:00,134.4853036802207
2020-02-27 18:00:00,125.78204177545881
2020-02-27 18:30:00,125.52564177545881
2020-02-27 19:00:00,103.21290129926832
2020-02-27 19:30:00,95.72469336276039
2020-02-27 20:00:00,82.35258730215433
2020-02-27 20:30:00,77.43471706128409
2020-02-27 21:00:00,73.95320696027399
2020-02-27 21:30:00,80.08244413976117
2020-02-27 22:00:00,77.53944413976117
2020-02-27 22:30:00,66.7067274730945
2020-02-27 23:00:00,58.446413187380216
2020-02-27 23:30:00,58.10770338345865
2020-02-28 00:00:00,45.130703383458645
2020-02-28 00:30:00,51.70068333333333
2020-02-28 01:00:00,46.73951666666667
2020-02-28 01:30:00,42.07156666666667
2020-02-28 02:00:00,15.798833333333334
2020-02-28 02:30:00,10.816833333333333
2020-02-28 03:00:00,10.816833333333333
2020-02-28 03:30:00,5.566
2020-02-28 04:00:00,0.0
2020-02-28 04:30:00,0.0
2020-02-28 05:00:00,0.0
2020-02-28 05:30:00,6.251142857142858
2020-02-28 06:00:00,6.251142857142858
2020-02-28 06:30:00,6.251142857142858
2020-02-28 07:00:00,6.251142857142858
2020-02-28 07:30:00,6.251142857142858
2020-02-28 08:00:00,6.251142857142858
2020-02-28 08:30:00,6.251142857142858
2020-02-28 09:00:00,0.0
2020-02-28 09:30:00,0.0
2020-02-28 10:00:00,0.0
2020-02-28 10:30:00,0.0
2020-02-28 11:00:00,0.0
2020-02-28 11:30:00,0.0
2020-02-28 12:00:00,0.0
2020-02-28 12:30:00,0.0
2020-02-28 13:00:00,0.0
2020-02-28 13:30:00,0.0
2020-02-28 14:00:00,4.441333333333334
2020-02-28 14:30:00,15.167020202020202
2020-02-28 15:00:00,19.521242424242423
2020-02-28 15:30:00,32.29812337662338
2020-02-28 16:00:00,37.47787337662338
2020-02-28 16:30:00,52.88490194805195
2020-02-28 17:00:00,55.88310194805195
2020-02-28 17:30:00,72.96435194805196
2020-02-28 18:00:00,79.72835194805195
2020-02-28 18:30:00,76.48035194805195
2020-02-28 19:00:00,63.43523766233766
2020-02-28 19:30:00,38.54501544011544
2020-02-28 20:00:00,23.086927777777777
2020-02-28 20:30:00,25.941594444444444
2020-02-28 21:00:00,37.22292777777778
2020-02-28 21:30:00,30.48517777777778
2020-02-28 22:00:00,29.78397777777778
2020-02-28 22:30:00,41.25849206349206
2020-02-28 23:00:00,41.25849206349206
2020-02-28 23:30:00,34.51704761904762
2020-02-29 00:00:00,24.438514285714287
2020-02-29 00:30:00,21.957014285714287
2020-02-29 01:00:00,16.708214285714284
2020-02-29 01:30:00,10.046214285714285
2020-02-29 02:00:00,3.4565
2020-02-29 02:30:00,0.0
2020-02-29 03:00:00,0.0
2020-02-29 03:30:00,0.0
2020-02-29 04:00:00,0.0
2020-02-29 04:30:00,0.0
2020-02-29 05:00:00,0.0
2020-02-29 05:30:00,0.0
2020-02-29 06:00:00,0.0
2020-02-29 06:30:00,0.0
2020-02-29 07:00:00,0.0
2020-02-29 07:30:00,0.0
2020-02-29 08:00:00,0.0
2020-02-29 08:30:00,0.0
2020-02-29 09:00:00,0.0
2020-02-29 09:30:00,0.0
2020-02-29 10:00:00,0.0
2020-02-29 10:30:00,0.0
2020-02-29 11:00:00,0.0
2020-02-29 11:30:00,0.0
2020-02-29 12:00:00,0.0
2020-02-29 12:30:00,0.0
2020-02-29 13:00:00,0.0
2020-02-29 13:30:00,0.0
2020-02-29 14:00:00,0.0
2020-02-29 14:30:00,0.0
2020-02-29 15:00:00,2.004
2020-02-29 15:30:00,0.0
2020-02-29 16:00:00,0.0
2020-02-29 16:30:00,0.0
2020-02-29 17:00:00,5.7139999999999995
2020-02-29 17:30:00,5.7139999999999995
2020-02-29 18:00:00,5.7139999999999995
2020-02-29 18:30:00,0.0
2020-02-29 19:00:00,13.252533333333334
2020-02-29 19:30:00,18.581533333333333
2020-02-29 20:00:00,14.080533333333332
2020-02-29 20:30:00,14.080533333333332
2020-02-29 21:00:00,17.06373333333333
2020-02-29 21:30:00,6.135533333333333
2020-02-29 22:00:00,2.9832
2020-02-29 22:30:00,9.236533333333334
2020-02-29 23:00:00,9.236533333333334
2020-02-29 23:30:00,6.253333333333334
2020-03-01 00:00:00,0.0
2020-03-01 00:30:00,0.0
2020-03-01 01:00:00,0.0
2020-03-01 01:30:00,0.0
2020-03-01 02:00:00,0.0
2020-03-01 02:30:00,0.0
2020-03-01 03:00:00,0.0
2020-03-01 03:30:00,0.0
2020-03-01 04:00:00,0.0
2020-03-01 04:30:00,0.0
2020-03-01 05:00:00,0.0
2020-03-01 05:30:00,0.0
2020-03-01 06:00:00,0.0
2020-03-01 06:30:00,0.0
2020-03-01 07:00:00,0.0
2020-03-01 07:30:00,0.0
2020-03-01 08:00:00,0.0
2020-03-01 08:30:00,0.0
2020-03-01 09:00:00,0.0
2020-03-01 09:30:00,0.0
2020-03-01 10:00:00,0.0
2020-03-01 10:30:00,0.0
2020-03-01 11:00:00,0.0
2020-03-01 11:30:00,0.0
2020-03-01 12:00:00,0.0
2020-03-01 12:30:00,0.0
2020-03-01 13:00:00,0.0
2020-03-01 13:30:00,0.0
2020-03-01 14:00:00,0.0
2020-03-01 14:30:00,0.0
2020-03-01 15:00:00,0.0
2020-03-01 15:30:00,6.421230769230769
2020-03-01 16:00:00,6.421230769230769
2020-03-01 16:30:00,6.421230769230769
2020-03-01 17:00:00,6.421230769230769
2020-03-01 17:30:00,6.421230769230769
2020-03-01 18:00:00,6.421230769230769
2020-03-01 18:30:00,6.421230769230769
2020-03-01 19:00:00,6.421230769230769
2020-03-01 19:30:00,6.421230769230769
2020-03-01 20:00:00,6.421230769230769
2020-03-01 20:30:00,6.421230769230769
2020-03-01 21:00:00,6.421230769230769
2020-03-01 21:30:00,6.421230769230769
2020-03-01 22:00:00,0.0
2020-03-01 22:30:00,0.0
2020-03-01 23:00:00,0.0
2020-03-01 23:30:00,0.0
2020-03-02 00:00:00,0.0
2020-03-02 00:30:00,0.0
2020-03-02 01:00:00,0.0
2020-03-02 01:30:00,0.0
2020-03-02 02:00:00,0.0
2020-03-02 02:30:00,0.0
2020-03-02 03:00:00,0.0
2020-03-02 03:30:00,0.0
2020-03-02 04:00:00,0.0
2020-03-02 04:30:00,0.0
2020-03-02 05:00:00,0.0
2020-03-02 05:30:00,0.0
2020-03-02 06:00:00,0.0
2020-03-02 06:30:00,0.0
2020-03-02 07:00:00,0.0
2020-03-02 07:30:00,0.0
2020-03-02 08:00:00,0.0
2020-03-02 08:30:00,0.0
2020-03-02 09:00:00,0.0
2020-03-02 09:30:00,0.0
2020-03-02 10:00:00,0.0
2020-03-02 10:30:00,0.0
2020-03-02 11:00:00,0.0
2020-03-02 11:30:00,0.0
2020-03-02 12:00:00,0.0
2020-03-02 12:30:00,3.042
2020-03-02 13:00:00,10.027750000000001
2020-03-02 13:30:00,14.519083333333334
2020-03-02 14:00:00,29.626930952380953
2020-03-02 14:30:00,74.1887930388643
2020-03-02 15:00:00,107.87601239027312
2020-03-02 15:30:00,146.53343410744483
2020-03-02 16:00:00,167.3475204710812
2020-03-02 16:30:00,160.19458713774787
2020-03-02 17:00:00,147.46568713774786
2020-03-02 17:30:00,136.09990618536693
2020-03-02 18:00:00,120.23403951870026
2020-03-02 18:30:00,114.11195618536692
2020-03-02 19:00:00,100.53142285203359
2020-03-02 19:30:00,95.4653480657088
2020-03-02 20:00:00,86.58351422732497
2020-03-02 20:30:00,87.25622937884012
2020-03-02 21:00:00,68.85668042779116
2020-03-02 21:30:00,58.419077025915264
2020-03-02 22:00:00,59.24421988305812
2020-03-02 22:30:00,69.76964412548236
2020-03-02 23:00:00,69.4178205960706
2020-03-02 23:30:00,70.13845392940394
2020-03-03 00:00:00,75.11953287677235
2020-03-03 00:30:00,68.74595392940392
2020-03-03 01:00:00,47.398870596070594
2020-03-03 01:30:00,28.322894405594404
2020-03-03 02:00:00,21.849163636363635
2020-03-03 02:30:00,16.649454545454546
2020-03-03 03:00:00,6.3330909090909095
2020-03-03 03:30:00,6.3330909090909095
2020-03-03 04:00:00,0.0
2020-03-03 04:30:00,0.0
2020-03-03 05:00:00,0.0
2020-03-03 05:30:00,0.0
2020-03-03 06:00:00,0.0
2020-03-03 06:30:00,2.7265
2020-03-03 07:00:00,2.7265
2020-03-03 07:30:00,2.7265
2020-03-03 08:00:00,2.7265
2020-03-03 08:30:00,0.0
2020-03-03 09:00:00,0.0
2020-03-03 09:30:00,0.0
2020-03-03 10:00:00,0.0
2020-03-03 10:30:00,0.0
2020-03-03 11:00:00,0.0
2020-03-03 11:30:00,0.0
2020-03-03 12:00:00,0.0
2020-03-03 12:30:00,2.718
2020-03-03 13:00:00,10.202666666666666
2020-03-03 13:30:00,12.832666666666666
2020-03-03 14:00:00,26.7823
2020-03-03 14:30:00,81.51647335004176
2020-03-03 15:00:00,98.53599715956558
2020-03-03 15:30:00,130.8441723696496
2020-03-03 16:00:00,153.60650422960254
2020-03-03 16:30:00,137.27633756293585
2020-03-03 17:00:00,128.6056708962692
2020-03-03 17:30:00,125.99617089626919
2020-03-03 18:00:00,110.89028994388823
2020-03-03 18:30:00,87.66939946769776
2020-03-03 19:00:00,68.3175581978565
2020-03-03 19:30:00,61.32221856200215
2020-03-03 20:00:00,57.121885228668816
2020-03-03 20:30:00,46.949429673113265
2020-03-03 21:00:00,52.31809633977993
2020-03-03 21:30:00,42.382614521598114
2020-03-03 22:00:00,52.93941452159811
2020-03-03 22:30:00,53.43041452159811
2020-03-03 23:00:00,56.12091452159811
2020-03-03 23:30:00,78.55874785493144
2020-03-04 00:00:00,74.80096199321834
2020-03-04 00:30:00,81.69549532655168
2020-03-04 01:00:00,66.468328659885
2020-03-04 01:30:00,50.40881988795518
2020-03-04 02:00:00,23.539529411764708
2020-03-04 02:30:00,14.50186274509804
2020-03-04 03:00:00,6.263529411764706
2020-03-04 03:30:00,6.263529411764706
2020-03-04 04:00:00,0.0
2020-03-04 04:30:00,0.6845
2020-03-04 05:00:00,0.6845
2020-03-04 05:30:00,0.6845
2020-03-04 06:00:00,4.314500000000001
2020-03-04 06:30:00,4.314500000000001
2020-03-04 07:00:00,4.314500000000001
2020-03-04 07:30:00,0.6845
2020-03-04 08:00:00,0.6845
2020-03-04 08:30:00,0.0
2020-03-04 09:00:00,0.0
2020-03-04 09:30:00,0.0
2020-03-04 10:00:00,0.0
2020-03-04 10:30:00,0.0
2020-03-04 11:00:00,0.0
2020-03-04 11:30:00,0.0
2020-03-04 12:00:00,0.0
2020-03-04 12:30:00,3.1489999999999996
2020-03-04 13:00:00,13.785726827094472
2020-03-04 13:30:00,13.785726827094472
2020-03-04 14:00:00,23.618060160427802
2020-03-04 14:30:00,49.38783332060096
2020-03-04 15:00:00,93.45301656557237
2020-03-04 15:30:00,105.69887195772924
2020-03-04 16:00:00,132.6877985311558
2020-03-04 16:30:00,147.8623119850222
2020-03-04 17:00:00,145.4278119850222
2020-03-04 17:30:00,142.4542119850222
2020-03-04 18:00:00,137.76987865168886
2020-03-04 18:30:00,118.6058093876196
2020-03-04 19:00:00,100.46055938761961
2020-03-04 19:30:00,94.70719827650849
2020-03-04 20:00:00,75.49312035443057
2020-03-04 20:30:00,74.17685368776391
2020-03-04 21:00:00,74.42382590998612
2020-03-04 21:30:00,64.95387638891896
2020-03-04 22:00:00,65.3380097222523
2020-03-04 22:30:00,52.376355876098444
2020-03-04 23:00:00,47.667230876098444
2020-03-04 23:30:00,55.84037254276511
2020-03-05 00:00:00,76.05769770616381
2020-03-05 00:30:00,71.35527139037433
2020-03-05 01:00:00,58.774810606060605
2020-03-05 01:30:00,29.24457727272727
2020-03-05 02:00:00,19.34614393939394
2020-03-05 02:30:00,19.34614393939394
2020-03-05 03:00:00,19.34614393939394
2020-03-05 03:30:00,11.339749999999999
2020-03-05 04:00:00,5.2780000000000005
2020-03-05 04:30:00,5.2780000000000005
2020-03-05 05:00:00,2.046
2020-03-05 05:30:00,2.046
2020-03-05 06:00:00,2.046
2020-03-05 06:30:00,2.046
2020-03-05 07:00:00,4.753
2020-03-05 07:30:00,4.753
2020-03-05 08:00:00,4.753
2020-03-05 08:30:00,4.753
2020-03-05 09:00:00,2.046
2020-03-05 09:30:00,0.0
2020-03-05 10:00:00,0.0
2020-03-05 10:30:00,0.0
2020-03-05 11:00:00,0.0
2020-03-05 11:30:00,0.0
2020-03-05 12:00:00,0.0
2020-03-05 12:30:00,0.12644444444444444
2020-03-05 13:00:00,5.580435291126367
2020-03-05 13:30:00,11.151235291126367
2020-03-05 14:00:00,18.9637686244597
2020-03-05 14:30:00,41.506192060606885
2020-03-05 15:00:00,69.30193271451438
2020-03-05 15:30:00,105.41545147733052
2020-03-05 16:00:00,120.77341353292198
2020-03-05 16:30:00,118.9384373424458
2020-03-05 17:00:00,116.58010400911246
2020-03-05 17:30:00,112.3490373424458
2020-03-05 18:00:00,95.0278642472077
2020-03-05 18:30:00,83.25328966387437
2020-03-05 19:00:00,78.7460860008707
2020-03-05 19:30:00,70.27107409610879
2020-03-05 20:00:00,68.02518332021802
2020-03-05 20:30:00,61.19881968385438
2020-03-05 21:00:00,53.00627422930893
2020-03-05 21:30:00,56.15242978486449
2020-03-05 22:00:00,51.23572978486448
2020-03-05 22:30:00,45.37194725160827
2020-03-05 23:00:00,48.4552805849416
2020-03-05 23:30:00,44.44810201351303
2020-03-06 00:00:00,38.41187979129081
2020-03-06 00:30:00,27.923707007904376
2020-03-06 01:00:00,24.16357893772894
2020-03-06 01:30:00,25.89229688644689
2020-03-06 02:00:00,25.823296886446887
2020-03-06 02:30:00,22.55077380952381
2020-03-06 03:00:00,14.737916666666667
2020-03-06 03:30:00,11.712666666666667
2020-03-06 04:00:00,0.0
2020-03-06 04:30:00,0.0
2020-03-06 05:00:00,0.0
2020-03-06 05:30:00,0.0
2020-03-06 06:00:00,0.0
2020-03-06 06:30:00,0.0
2020-03-06 07:00:00,0.0
2020-03-06 07:30:00,0.0
2020-03-06 08:00:00,0.0
2020-03-06 08:30:00,0.0
2020-03-06 09:00:00,0.0
2020-03-06 09:30:00,0.0
2020-03-06 10:00:00,0.0
2020-03-06 10:30:00,0.0
2020-03-06 11:00:00,0.0
2020-03-06 11:30:00,0.0
2020-03-06 12:00:00,0.0
2020-03-06 12:30:00,5.702173333333333
2020-03-06 13:00:00,8.721173333333333
2020-03-06 13:30:00,14.06624
2020-03-06 14:00:00,25.978894
2020-03-06 14:30:00,58.66858819372295
2020-03-06 15:00:00,77.96119874927851
2020-03-06 15:30:00,106.37295821986673
2020-03-06 16:00:00,136.31905454261806
2020-03-06 16:30:00,132.83696079261807
2020-03-06 17:00:00,130.16796079261806
2020-03-06 17:30:00,113.02322097780325
2020-03-06 18:00:00,97.39015109949636
2020-03-06 18:30:00,96.5509844328297
2020-03-06 19:00:00,85.5359844328297
2020-03-06 19:30:00,74.08966585478737
2020-03-06 20:00:00,45.353725450746964
2020-03-06 20:30:00,52.56490402217554
2020-03-06 21:00:00,43.75830679995332
2020-03-06 21:30:00,36.545266232493
2020-03-06 22:00:00,36.208266232492996
2020-03-06 22:30:00,36.07799956582633
2020-03-06 23:00:00,47.7224310340803
2020-03-06 23:30:00,52.824630700746965
2020-03-07 00:00:00,45.13628065873016
2020-03-07 00:30:00,51.58713065873016
2020-03-07 01:00:00,36.22856633333333
2020-03-07 01:30:00,28.922299666666667
2020-03-07 02:00:00,20.5071
2020-03-07 02:30:00,12.230266666666667
2020-03-07 03:00:00,6.140666666666667
2020-03-07 03:30:00,0.136
2020-03-07 04:00:00,7.4295
2020-03-07 04:30:00,7.2935
2020-03-07 05:00:00,10.924833333333334
2020-03-07 05:30:00,10.924833333333334
2020-03-07 06:00:00,3.6313333333333335
2020-03-07 06:30:00,0.0
2020-03-07 07:00:00,0.0
2020-03-07 07:30:00,0.0
2020-03-07 08:00:00,0.0
2020-03-07 08:30:00,0.0
2020-03-07 09:00:00,0.0
2020-03-07 09:30:00,0.0
2020-03-07 10:00:00,0.0
2020-03-07 10:30:00,0.0
2020-03-07 11:00:00,0.0
2020-03-07 11:30:00,0.0
2020-03-07 12:00:00,0.0
2020-03-07 12:30:00,0.0
2020-03-07 13:00:00,2.9895
2020-03-07 13:30:00,2.9895
2020-03-07 14:00:00,2.9895
2020-03-07 14:30:00,9.623136363636364
2020-03-07 15:00:00,12.766969696969696
2020-03-07 15:30:00,12.766969696969696
2020-03-07 16:00:00,12.766969696969696
2020-03-07 16:30:00,12.766969696969696
2020-03-07 17:00:00,23.820858585858588
2020-03-07 17:30:00,21.022858585858586
2020-03-07 18:00:00,12.052525252525253
2020-03-07 18:30:00,12.052525252525253
2020-03-07 19:00:00,18.700525252525253
2020-03-07 19:30:00,18.700525252525253
2020-03-07 20:00:00,5.4188888888888895
2020-03-07 20:30:00,13.62988888888889
2020-03-07 21:00:00,13.62988888888889
2020-03-07 21:30:00,8.211
2020-03-07 22:00:00,1.605
2020-03-07 22:30:00,7.241875
2020-03-07 23:00:00,7.241875
2020-03-07 23:30:00,7.241875
2020-03-08 00:00:00,7.241875
2020-03-08 00:30:00,7.241875
2020-03-08 01:00:00,7.241875
2020-03-08 01:30:00,5.636875
2020-03-08 02:00:00,5.636875
2020-03-08 02:30:00,5.636875
2020-03-08 03:00:00,5.636875
2020-03-08 03:30:00,5.636875
2020-03-08 04:00:00,5.636875
2020-03-08 04:30:00,5.636875
2020-03-08 05:00:00,5.636875
2020-03-08 05:30:00,5.636875
2020-03-08 06:00:00,5.636875
2020-03-08 06:30:00,0.0
2020-03-08 07:00:00,0.0
2020-03-08 07:30:00,0.0
2020-03-08 08:00:00,0.0
2020-03-08 08:30:00,0.0
2020-03-08 09:00:00,0.0
2020-03-08 09:30:00,0.0
2020-03-08 10:00:00,0.0
2020-03-08 10:30:00,0.0
2020-03-08 11:00:00,0.0
2020-03-08 11:30:00,0.0
2020-03-08 12:00:00,0.0
2020-03-08 12:30:00,0.0
2020-03-08 13:00:00,0.0
2020-03-08 13:30:00,0.0
2020-03-08 14:00:00,0.0
2020-03-08 14:30:00,0.0
2020-03-08 15:00:00,0.0
2020-03-08 15:30:00,0.0
2020-03-08 16:00:00,0.0
2020-03-08 16:30:00,0.0
2020-03-08 17:00:00,0.0
2020-03-08 17:30:00,0.0
2020-03-08 18:00:00,0.0
2020-03-08 18:30:00,0.0
2020-03-08 19:00:00,0.0
2020-03-08 19:30:00,3.00125
2020-03-08 20:00:00,3.00125
2020-03-08 20:30:00,3.00125
2020-03-08 21:00:00,3.00125
2020-03-08 21:30:00,3.00125
2020-03-08 22:00:00,3.00125
2020-03-08 22:30:00,6.21825
2020-03-08 23:00:00,6.21825
2020-03-08 23:30:00,3.217
2020-03-09 00:00:00,3.217
2020-03-09 00:30:00,0.0
2020-03-09 01:00:00,0.0
2020-03-09 01:30:00,0.0
2020-03-09 02:00:00,0.0
2020-03-09 02:30:00,0.0
2020-03-09 03:00:00,0.0
2020-03-09 03:30:00,0.0
2020-03-09 04:00:00,0.0
2020-03-09 04:30:00,0.0
2020-03-09 05:00:00,0.0
2020-03-09 05:30:00,0.0
2020-03-09 06:00:00,0.0
2020-03-09 06:30:00,0.0
2020-03-09 07:00:00,0.0
2020-03-09 07:30:00,0.0
2020-03-09 08:00:00,0.0
2020-03-09 08:30:00,0.0
2020-03-09 09:00:00,0.0
2020-03-09 09:30:00,0.0
2020-03-09 10:00:00,0.0
2020-03-09 10:30:00,0.0
2020-03-09 11:00:00,0.0
2020-03-09 11:30:00,10.293666666666667
2020-03-09 12:00:00,13.760786666666666
2020-03-09 12:30:00,18.247120000000002
2020-03-09 13:00:00,31.592609390142023
2020-03-09 13:30:00,54.80092367585631
2020-03-09 14:00:00,85.21208971113681
2020-03-09 14:30:00,128.93417172128352
2020-03-09 15:00:00,155.1568801590446
2020-03-09 15:30:00,145.90461758594518
2020-03-09 16:00:00,137.8650175859452
2020-03-09 16:30:00,126.23532234784994
2020-03-09 17:00:00,120.55000806213566
2020-03-09 17:30:00,117.7624525065801
2020-03-09 18:00:00,108.5852025065801
2020-03-09 18:30:00,106.54551996689757
2020-03-09 19:00:00,90.92798663356423
2020-03-09 19:30:00,93.59506996689757
2020-03-09 20:00:00,90.65681239114
2020-03-09 20:30:00,90.80726538259299
2020-03-09 21:00:00,90.34946867929628
2020-03-09 21:30:00,101.92276391739152
2020-03-09 22:00:00,109.95957939358199
2020-03-09 22:30:00,104.25814079709076
2020-03-09 23:00:00,110.02744798663325
2020-03-09 23:30:00,98.2290357059315
2020-03-10 00:00:00,80.56811348370927
2020-03-10 00:30:00,56.18667710944027
2020-03-10 01:00:00,16.154
2020-03-10 01:30:00,14.5495
2020-03-10 02:00:00,10.21725
2020-03-10 02:30:00,9.04325
2020-03-10 03:00:00,11.308522727272727
2020-03-10 03:30:00,2.2652727272727273
2020-03-10 04:00:00,2.2652727272727273
2020-03-10 04:30:00,2.2652727272727273
2020-03-10 05:00:00,2.2652727272727273
2020-03-10 05:30:00,2.2652727272727273
2020-03-10 06:00:00,2.2652727272727273
2020-03-10 06:30:00,2.2652727272727273
2020-03-10 07:00:00,2.2652727272727273
2020-03-10 07:30:00,2.2652727272727273
2020-03-10 08:00:00,2.2652727272727273
2020-03-10 08:30:00,0.0
2020-03-10 09:00:00,0.0
2020-03-10 09:30:00,0.0
2020-03-10 10:00:00,0.0
2020-03-10 10:30:00,0.0
2020-03-10 11:00:00,0.0
2020-03-10 11:30:00,6.797375
2020-03-10 12:00:00,12.934175
2020-03-10 12:30:00,15.425600648148148
2020-03-10 13:00:00,25.629219695767194
2020-03-10 13:30:00,53.041391917989415
2020-03-10 14:00:00,72.48004003632447
2020-03-10 14:30:00,117.67378470861125
2020-03-10 15:00:00,142.52629956198663
2020-03-10 15:30:00,133.65377575246282
2020-03-10 16:00:00,133.65377575246282
2020-03-10 16:30:00,123.37462337151044
2020-03-10 17:00:00,112.00032337151045
2020-03-10 17:30:00,104.32282148262155
2020-03-10 18:00:00,89.46964687944696
2020-03-10 18:30:00,81.20160456463213
2020-03-10 19:00:00,80.45638234240991
2020-03-10 19:30:00,76.83900734240991
2020-03-10 20:00:00,72.61781037271294
2020-03-10 20:30:00,75.76196773382405
2020-03-10 21:00:00,70.25657495604628
2020-03-10 21:30:00,67.07711341758474
2020-03-10 22:00:00,69.0484550842514
2020-03-10 22:30:00,60.10899282117951
2020-03-10 23:00:00,64.44832615451284
2020-03-10 23:30:00,47.49190888585099
2020-03-11 00:00:00,39.01439134199134
2020-03-11 00:30:00,33.358058008658006
2020-03-11 01:00:00,17.936258008658008
2020-03-11 01:30:00,17.936258008658008
2020-03-11 02:00:00,11.6211
2020-03-11 02:30:00,5.9596
2020-03-11 03:00:00,0.0
2020-03-11 03:30:00,0.0
2020-03-11 04:00:00,0.0
2020-03-11 04:30:00,0.0
2020-03-11 05:00:00,0.0
2020-03-11 05:30:00,0.0
2020-03-11 06:00:00,0.0
2020-03-11 06:30:00,0.0
2020-03-11 07:00:00,0.0
2020-03-11 07:30:00,0.0
2020-03-11 08:00:00,0.0
2020-03-11 08:30:00,0.0
2020-03-11 09:00:00,0.0
2020-03-11 09:30:00,0.0
2020-03-11 10:00:00,0.0
2020-03-11 10:30:00,0.0
2020-03-11 11:00:00,0.0
2020-03-11 11:30:00,2.736285714285714
2020-03-11 12:00:00,11.051085714285714
2020-03-11 12:30:00,13.285335714285713
2020-03-11 13:00:00,36.43807075702075
2020-03-11 13:30:00,62.889527632922636
2020-03-11 14:00:00,96.79254409073383
2020-03-11 14:30:00,123.69706831675472
2020-03-11 15:00:00,149.47754155287532
2020-03-11 15:30:00,142.34978688620865
2020-03-11 16:00:00,133.43718688620865
2020-03-11 16:30:00,125.34093688620865
2020-03-11 17:00:00,114.12098450525627
2020-03-11 17:30:00,109.517143235415
2020-03-11 18:00:00,98.48269879097056
2020-03-11 18:30:00,83.4371686322404
2020-03-11 19:00:00,82.28629135951313
2020-03-11 19:30:00,73.36768965011143
2020-03-11 20:00:00,75.19571345963523
2020-03-11 20:30:00,75.48963479296856
2020-03-11 21:00:00,65.14010164278541
2020-03-11 21:30:00,94.0025781242669
2020-03-11 22:00:00,85.60917812426689
2020-03-11 22:30:00,79.36571145760023
2020-03-11 23:00:00,85.22855090204467
2020-03-11 23:30:00,66.0119108287132
2020-03-12 00:00:00,59.812310828713194
2020-03-12 00:30:00,38.40981738816739
2020-03-12 01:00:00,19.164567388167388
2020-03-12 01:30:00,18.41599595959596
2020-03-12 02:00:00,11.632733333333332
2020-03-12 02:30:00,8.937733333333334
2020-03-12 03:00:00,8.937733333333334
2020-03-12 03:30:00,2.8853999999999997
2020-03-12 04:00:00,6.0886
2020-03-12 04:30:00,11.533349999999999
2020-03-12 05:00:00,11.533349999999999
2020-03-12 05:30:00,14.56135
2020-03-12 06:00:00,14.56135
2020-03-12 06:30:00,11.35815
2020-03-12 07:00:00,8.33015
2020-03-12 07:30:00,8.33015
2020-03-12 08:00:00,5.44475
2020-03-12 08:30:00,0.0
2020-03-12 09:00:00,0.0
2020-03-12 09:30:00,0.0
2020-03-12 10:00:00,0.0
2020-03-12 10:30:00,0.0
2020-03-12 11:00:00,0.0
2020-03-12 11:30:00,0.0
2020-03-12 12:00:00,2.9395
2020-03-12 12:30:00,3.1501666666666663
2020-03-12 13:00:00,11.544745493827161
2020-03-12 13:30:00,14.212078827160495
2020-03-12 14:00:00,27.164217716049382
2020-03-12 14:30:00,43.0520034303351
2020-03-12 15:00:00,59.05997954866122
2020-03-12 15:30:00,53.73077954866122
2020-03-12 16:00:00,49.283779548661215
2020-03-12 16:30:00,54.560846215327885
2020-03-12 17:00:00,54.92584621532788
2020-03-12 17:30:00,54.61006738816739
2020-03-12 18:00:00,48.555781673881675
2020-03-12 18:30:00,38.32555945165945
2020-03-12 19:00:00,30.12575945165945
2020-03-12 19:30:00,30.12575945165945
2020-03-12 20:00:00,29.71962611832612
2020-03-12 20:30:00,28.41814126984127
2020-03-12 21:00:00,28.41814126984127
2020-03-12 21:30:00,28.41814126984127
2020-03-12 22:00:00,31.47075238095238
2020-03-12 22:30:00,26.31925238095238
2020-03-12 23:00:00,24.475696825396824
2020-03-12 23:30:00,19.527363492063493
2020-03-13 00:00:00,19.927363492063492
2020-03-13 00:30:00,19.927363492063492
2020-03-13 01:00:00,13.773563492063492
2020-03-13 01:30:00,9.39461111111111
2020-03-13 02:00:00,3.381111111111111
2020-03-13 02:30:00,6.944444444444445
2020-03-13 03:00:00,6.944444444444445
2020-03-13 03:30:00,6.944444444444445
2020-03-13 04:00:00,3.381111111111111
2020-03-13 04:30:00,3.381111111111111
2020-03-13 05:00:00,3.381111111111111
2020-03-13 05:30:00,3.381111111111111
2020-03-13 06:00:00,3.381111111111111
2020-03-13 06:30:00,3.381111111111111
2020-03-13 07:00:00,0.0
2020-03-13 07:30:00,0.0
2020-03-13 08:00:00,0.0
2020-03-13 08:30:00,0.0
2020-03-13 09:00:00,0.0
2020-03-13 09:30:00,0.0
2020-03-13 10:00:00,0.0
2020-03-13 10:30:00,0.0
2020-03-13 11:00:00,0.0
2020-03-13 11:30:00,0.0
2020-03-13 12:00:00,0.0
2020-03-13 12:30:00,5.603090909090909
2020-03-13 13:00:00,8.65451948051948
2020-03-13 13:30:00,17.41171948051948
2020-03-13 14:00:00,28.281348892284186
2020-03-13 14:30:00,34.073698892284185
2020-03-13 15:00:00,35.780698892284185
2020-03-13 15:30:00,39.51203222561752
2020-03-13 16:00:00,30.75483222561752
2020-03-13 16:30:00,34.84648057726587
2020-03-13 17:00:00,32.36288057726587
2020-03-13 17:30:00,32.36288057726587
2020-03-13 18:00:00,34.00588057726587
2020-03-13 18:30:00,21.75179724393254
2020-03-13 19:00:00,21.75179724393254
2020-03-13 19:30:00,27.170663910599206
2020-03-13 20:00:00,33.407330577265874
2020-03-13 20:30:00,33.407330577265874
2020-03-13 21:00:00,35.860785122720415
2020-03-13 21:30:00,35.32931845605375
2020-03-13 22:00:00,33.28011845605375
2020-03-13 22:30:00,25.22292237762238
2020-03-13 23:00:00,19.943845454545453
2020-03-13 23:30:00,14.340754545454544
2020-03-14 00:00:00,2.4534545454545453
2020-03-14 00:30:00,2.4534545454545453
2020-03-14 01:00:00,2.4534545454545453
2020-03-14 01:30:00,2.4534545454545453
2020-03-14 02:00:00,2.4534545454545453
2020-03-14 02:30:00,0.0
2020-03-14 03:00:00,0.0
2020-03-14 03:30:00,0.0
2020-03-14 04:00:00,0.0
2020-03-14 04:30:00,0.0
2020-03-14 05:00:00,0.0
2020-03-14 05:30:00,0.0
2020-03-14 06:00:00,0.0
2020-03-14 06:30:00,0.0
2020-03-14 07:00:00,0.0
2020-03-14 07:30:00,0.0
2020-03-14 08:00:00,0.0
2020-03-14 08:30:00,0.0
2020-03-14 09:00:00,0.0
2020-03-14 09:30:00,0.0
2020-03-14 10:00:00,0.0
2020-03-14 10:30:00,0.0
2020-03-14 11:00:00,0.0
2020-03-14 11:30:00,0.0
2020-03-14 12:00:00,0.0
2020-03-14 12:30:00,0.0
2020-03-14 13:00:00,0.0
2020-03-14 13:30:00,0.0
2020-03-14 14:00:00,0.0
2020-03-14 14:30:00,0.0
2020-03-14 15:00:00,0.0
2020-03-14 15:30:00,0.0
2020-03-14 16:00:00,0.0
2020-03-14 16:30:00,6.156
2020-03-14 17:00:00,6.156
2020-03-14 17:30:00,6.156
2020-03-14 18:00:00,6.156
2020-03-14 18:30:00,6.156
2020-03-14 19:00:00,6.156
2020-03-14 19:30:00,6.156
2020-03-14 20:00:00,0.0
2020-03-14 20:30:00,0.0
2020-03-14 21:00:00,0.0
2020-03-14 21:30:00,6.406
2020-03-14 22:00:00,6.406
2020-03-14 22:30:00,6.406
2020-03-14 23:00:00,6.406
2020-03-14 23:30:00,0.0
2020-03-15 00:00:00,0.0
2020-03-15 00:30:00,0.0
2020-03-15 01:00:00,0.0
2020-03-15 01:30:00,0.0
2020-03-15 02:00:00,0.0
2020-03-15 02:30:00,0.0
2020-03-15 03:00:00,0.0
2020-03-15 03:30:00,0.0
2020-03-15 04:00:00,0.0
2020-03-15 04:30:00,0.0
2020-03-15 05:00:00,0.0
2020-03-15 05:30:00,0.0
2020-03-15 06:00:00,0.0
2020-03-15 06:30:00,0.0
2020-03-15 07:00:00,0.0
2020-03-15 07:30:00,0.0
2020-03-15 08:00:00,0.0
2020-03-15 08:30:00,0.0
2020-03-15 09:00:00,0.0
2020-03-15 09:30:00,0.0
2020-03-15 10:00:00,0.0
2020-03-15 10:30:00,0.0
2020-03-15 11:00:00,0.0
2020-03-15 11:30:00,0.0
2020-03-15 12:00:00,0.0
2020-03-15 12:30:00,0.0
2020-03-15 13:00:00,0.0
2020-03-15 13:30:00,0.0
2020-03-15 14:00:00,0.0
2020-03-15 14:30:00,0.0
2020-03-15 15:00:00,0.0
2020-03-15 15:30:00,0.0
2020-03-15 16:00:00,0.0
2020-03-15 16:30:00,0.0
2020-03-15 17:00:00,0.0
2020-03-15 17:30:00,0.0
2020-03-15 18:00:00,0.0
2020-03-15 18:30:00,5.949
2020-03-15 19:00:00,5.949
2020-03-15 19:30:00,5.238
2020-03-15 20:00:00,5.238
2020-03-15 20:30:00,5.238
2020-03-15 21:00:00,5.238
2020-03-15 21:30:00,5.238
2020-03-15 22:00:00,12.023
2020-03-15 22:30:00,6.785
2020-03-15 23:00:00,6.785
2020-03-15 23:30:00,6.785
2020-03-16 00:00:00,6.785
2020-03-16 00:30:00,6.785
